ISO-10303-21;
HEADER;
FILE_DESCRIPTION(('CATIA V5 STEP Exchange'),'2;1');

FILE_NAME('C:\\Users\\carlo\\Documents\\Trabajo\\M\X2\00E1\X0\ster Ingenier\X2\00ED\X0\a Industrial\\Ansys\\TFM\\Modelo\\TFM_V2.stp','2026-08-09T14:49:17+00:00',('none'),('none'),'CATIA Version 5 Release 21 GA (IN-10)','CATIA V5 STEP AP203','none');

FILE_SCHEMA(('CONFIG_CONTROL_DESIGN'));

ENDSEC;
/* file written by CATIA V5R21 */
DATA;
#5=PRODUCT('Mecanismo Cockpit','','',(#2)) ;
#56=PRODUCT('Asiento','','',(#2)) ;
#1189=PRODUCT('Eje','','',(#2)) ;
#1293=PRODUCT('Engranaje Peque','','',(#2)) ;
#1468=PRODUCT('Engranaje Grande','','',(#2)) ;
#1637=PRODUCT('Brazo Estructural de la Pedalera','','',(#2)) ;
#2007=PRODUCT('Actuador','','',(#2)) ;
#2015=PRODUCT('Base actuador','','',(#2)) ;
#2791=PRODUCT('Vastago actuador','','',(#2)) ;
#3421=PRODUCT('Eje2','','',(#2)) ;
#3540=PRODUCT('Pedalera','','',(#2)) ;
#4115=PRODUCT('Volante','','',(#2)) ;
#4942=PRODUCT('Guia Asiento','','',(#2)) ;
#5046=PRODUCT('Soporte Eje','','',(#2)) ;
#1=APPLICATION_CONTEXT('configuration controlled 3D design of mechanical parts and assemblies') ;
#17=PRODUCT_DEFINITION('',' ',#6,#3) ;
#2009=PRODUCT_DEFINITION('',' ',#2008,#3) ;
#19=SECURITY_CLASSIFICATION(' ',' ',#18) ;
#18=SECURITY_CLASSIFICATION_LEVEL('unclassified') ;
#63=CARTESIAN_POINT('Axis2P3D Location',(35.,0.,0.)) ;
#68=CARTESIAN_POINT('Axis2P3D Location',(35.,-500.,0.)) ;
#72=CARTESIAN_POINT('Vertex',(35.,-554.7,6.69859675541E-015)) ;
#74=CARTESIAN_POINT('Vertex',(35.,-445.3,0.)) ;
#77=CARTESIAN_POINT('Axis2P3D Location',(35.,-500.,0.)) ;
#86=CARTESIAN_POINT('Axis2P3D Location',(35.,-500.,0.)) ;
#90=CARTESIAN_POINT('Vertex',(35.,-510.,1.22460635382E-015)) ;
#92=CARTESIAN_POINT('Vertex',(35.,-490.,0.)) ;
#95=CARTESIAN_POINT('Axis2P3D Location',(35.,-500.,0.)) ;
#105=CARTESIAN_POINT('Axis2P3D Location',(60.,0.,0.)) ;
#110=CARTESIAN_POINT('Axis2P3D Location',(60.,-500.,0.)) ;
#114=CARTESIAN_POINT('Vertex',(60.,-445.3,0.)) ;
#116=CARTESIAN_POINT('Vertex',(60.,-554.7,6.69859675541E-015)) ;
#119=CARTESIAN_POINT('Axis2P3D Location',(60.,-500.,0.)) ;
#129=CARTESIAN_POINT('Axis2P3D Location',(47.5,-500.,0.)) ;
#134=CARTESIAN_POINT('Line Origine',(47.5,-554.7,-4.18847628022E-014)) ;
#139=CARTESIAN_POINT('Line Origine',(47.5,-445.3,-1.33971935108E-014)) ;
#158=CARTESIAN_POINT('Axis2P3D Location',(20.,-500.,0.)) ;
#163=CARTESIAN_POINT('Line Origine',(20.,-490.,0.)) ;
#167=CARTESIAN_POINT('Vertex',(5.,-490.,0.)) ;
#170=CARTESIAN_POINT('Axis2P3D Location',(5.,-500.,0.)) ;
#174=CARTESIAN_POINT('Vertex',(5.,-510.,1.22460635382E-015)) ;
#177=CARTESIAN_POINT('Line Origine',(20.,-510.,1.22460635382E-015)) ;
#189=CARTESIAN_POINT('Axis2P3D Location',(5.,-500.,0.)) ;
#201=CARTESIAN_POINT('Axis2P3D Location',(5.,0.,0.)) ;
#206=CARTESIAN_POINT('Line Origine',(5.,-37.8887118313,-162.574468212)) ;
#210=CARTESIAN_POINT('Vertex',(5.,-89.7815744267,-305.148936424)) ;
#212=CARTESIAN_POINT('Vertex',(5.,14.0041507642,-20.)) ;
#215=CARTESIAN_POINT('Line Origine',(5.,142.433424405,332.856529326)) ;
#219=CARTESIAN_POINT('Vertex',(5.,270.862698047,685.713058653)) ;
#222=CARTESIAN_POINT('Axis2P3D Location',(5.,252.068845631,692.553461519)) ;
#226=CARTESIAN_POINT('Vertex',(5.,258.909248498,711.347313935)) ;
#229=CARTESIAN_POINT('Axis2P3D Location',(5.,252.068845631,692.553461519)) ;
#233=CARTESIAN_POINT('Vertex',(5.,233.274993215,699.393864386)) ;
#236=CARTESIAN_POINT('Line Origine',(5.,112.030272051,366.27673076)) ;
#240=CARTESIAN_POINT('Vertex',(5.,-9.21444911267,33.1595971335)) ;
#243=CARTESIAN_POINT('Axis2P3D Location',(5.,-28.0083015284,40.)) ;
#247=CARTESIAN_POINT('Vertex',(5.,-28.0083015284,20.)) ;
#250=CARTESIAN_POINT('Line Origine',(5.,-289.861929559,20.)) ;
#254=CARTESIAN_POINT('Vertex',(5.,-551.71555759,20.)) ;
#257=CARTESIAN_POINT('Axis2P3D Location',(5.,-551.71555759,7.1054273576E-015)) ;
#261=CARTESIAN_POINT('Vertex',(5.,-563.471262636,-16.1803398875)) ;
#264=CARTESIAN_POINT('Axis2P3D Location',(5.,-551.71555759,0.)) ;
#268=CARTESIAN_POINT('Vertex',(5.,-551.71555759,-20.)) ;
#271=CARTESIAN_POINT('Line Origine',(5.,-490.433700545,-20.)) ;
#275=CARTESIAN_POINT('Vertex',(5.,-429.1518435,-20.)) ;
#278=CARTESIAN_POINT('Axis2P3D Location',(5.,-429.1518435,-40.)) ;
#282=CARTESIAN_POINT('Vertex',(5.,-409.1518435,-40.)) ;
#285=CARTESIAN_POINT('Line Origine',(5.,-409.1518435,-79.0547258983)) ;
#289=CARTESIAN_POINT('Vertex',(5.,-409.1518435,-118.109451797)) ;
#292=CARTESIAN_POINT('Axis2P3D Location',(5.,-389.1518435,-118.109451797)) ;
#296=CARTESIAN_POINT('Vertex',(5.,-400.907548546,-134.289791684)) ;
#299=CARTESIAN_POINT('Line Origine',(5.,-272.075424265,-227.891808947)) ;
#303=CARTESIAN_POINT('Vertex',(5.,-143.243299984,-321.493826211)) ;
#306=CARTESIAN_POINT('Axis2P3D Location',(5.,-122.670816154,-293.178231407)) ;
#332=CARTESIAN_POINT('Axis2P3D Location',(5.,0.,0.)) ;
#336=CARTESIAN_POINT('Vertex',(5.,-10.,1.22460635382E-015)) ;
#338=CARTESIAN_POINT('Vertex',(5.,10.,0.)) ;
#341=CARTESIAN_POINT('Axis2P3D Location',(5.,0.,0.)) ;
#350=CARTESIAN_POINT('Axis2P3D Location',(5.,252.068845631,692.553461519)) ;
#354=CARTESIAN_POINT('Vertex',(5.,242.068845631,692.553461519)) ;
#356=CARTESIAN_POINT('Vertex',(5.,262.068845631,692.553461519)) ;
#359=CARTESIAN_POINT('Axis2P3D Location',(5.,252.068845631,692.553461519)) ;
#368=CARTESIAN_POINT('Axis2P3D Location',(5.,-397.1518435,-74.8301597256)) ;
#372=CARTESIAN_POINT('Vertex',(5.,-403.1518435,-74.8301597256)) ;
#374=CARTESIAN_POINT('Vertex',(5.,-391.1518435,-74.8301597256)) ;
#377=CARTESIAN_POINT('Axis2P3D Location',(5.,-397.1518435,-74.8301597256)) ;
#386=CARTESIAN_POINT('Axis2P3D Location',(5.,0.,0.)) ;
#390=CARTESIAN_POINT('Vertex',(5.,-113.316697685,-276.263073945)) ;
#392=CARTESIAN_POINT('Vertex',(5.,-298.358965166,-11.99532848)) ;
#395=CARTESIAN_POINT('Axis2P3D Location',(5.,-118.060363864,-287.828005038)) ;
#399=CARTESIAN_POINT('Vertex',(5.,-122.804030043,-299.392936131)) ;
#402=CARTESIAN_POINT('Axis2P3D Location',(5.,0.,0.)) ;
#406=CARTESIAN_POINT('Vertex',(5.,-323.338784754,-12.999625908)) ;
#409=CARTESIAN_POINT('Axis2P3D Location',(5.,-310.84887496,-12.497477194)) ;
#421=CARTESIAN_POINT('Axis2P3D Location',(0.,-105.66723653,-348.794434345)) ;
#426=CARTESIAN_POINT('Line Origine',(-5.,-37.8887118313,-162.574468212)) ;
#430=CARTESIAN_POINT('Vertex',(-5.,-89.7815744267,-305.148936424)) ;
#432=CARTESIAN_POINT('Vertex',(-5.,14.0041507642,-20.)) ;
#435=CARTESIAN_POINT('Line Origine',(0.,14.0041507642,-20.)) ;
#440=CARTESIAN_POINT('Line Origine',(0.,-89.7815744267,-305.148936424)) ;
#452=CARTESIAN_POINT('Line Origine',(-5.,142.433424405,332.856529326)) ;
#456=CARTESIAN_POINT('Vertex',(-5.,270.862698047,685.713058653)) ;
#459=CARTESIAN_POINT('Line Origine',(0.,270.862698047,685.713058653)) ;
#471=CARTESIAN_POINT('Axis2P3D Location',(0.,252.068845631,692.553461519)) ;
#476=CARTESIAN_POINT('Axis2P3D Location',(-5.,252.068845631,692.553461519)) ;
#480=CARTESIAN_POINT('Vertex',(-5.,258.909248498,711.347313935)) ;
#483=CARTESIAN_POINT('Line Origine',(0.,258.909248498,711.347313935)) ;
#495=CARTESIAN_POINT('Axis2P3D Location',(0.,252.068845631,692.553461519)) ;
#500=CARTESIAN_POINT('Axis2P3D Location',(-5.,252.068845631,692.553461519)) ;
#504=CARTESIAN_POINT('Vertex',(-5.,233.274993215,699.393864386)) ;
#507=CARTESIAN_POINT('Line Origine',(0.,233.274993215,699.393864386)) ;
#519=CARTESIAN_POINT('Axis2P3D Location',(0.,-14.0041507642,20.)) ;
#524=CARTESIAN_POINT('Line Origine',(-5.,112.030272051,366.27673076)) ;
#528=CARTESIAN_POINT('Vertex',(-5.,-9.21444911267,33.1595971335)) ;
#531=CARTESIAN_POINT('Line Origine',(0.,-9.21444911267,33.1595971335)) ;
#543=CARTESIAN_POINT('Axis2P3D Location',(0.,-28.0083015284,40.)) ;
#548=CARTESIAN_POINT('Line Origine',(0.,-28.0083015284,20.)) ;
#552=CARTESIAN_POINT('Vertex',(-5.,-28.0083015284,20.)) ;
#555=CARTESIAN_POINT('Axis2P3D Location',(-5.,-28.0083015284,40.)) ;
#567=CARTESIAN_POINT('Axis2P3D Location',(0.,-613.269228333,20.)) ;
#572=CARTESIAN_POINT('Line Origine',(0.,-551.71555759,20.)) ;
#576=CARTESIAN_POINT('Vertex',(-5.,-551.71555759,20.)) ;
#579=CARTESIAN_POINT('Line Origine',(-5.,-289.861929559,20.)) ;
#591=CARTESIAN_POINT('Axis2P3D Location',(0.,-551.71555759,7.1054273576E-015)) ;
#596=CARTESIAN_POINT('Axis2P3D Location',(-5.,-551.71555759,7.1054273576E-015)) ;
#600=CARTESIAN_POINT('Vertex',(-5.,-563.471262636,-16.1803398875)) ;
#603=CARTESIAN_POINT('Line Origine',(0.,-563.471262636,-16.1803398875)) ;
#615=CARTESIAN_POINT('Axis2P3D Location',(0.,-551.71555759,0.)) ;
#620=CARTESIAN_POINT('Axis2P3D Location',(-5.,-551.71555759,0.)) ;
#624=CARTESIAN_POINT('Vertex',(-5.,-551.71555759,-20.)) ;
#627=CARTESIAN_POINT('Line Origine',(0.,-551.71555759,-20.)) ;
#639=CARTESIAN_POINT('Axis2P3D Location',(0.,-558.213951514,-20.)) ;
#644=CARTESIAN_POINT('Line Origine',(-5.,-490.433700545,-20.)) ;
#648=CARTESIAN_POINT('Vertex',(-5.,-429.1518435,-20.)) ;
#651=CARTESIAN_POINT('Line Origine',(0.,-429.1518435,-20.)) ;
#663=CARTESIAN_POINT('Axis2P3D Location',(0.,-429.1518435,-40.)) ;
#668=CARTESIAN_POINT('Line Origine',(0.,-409.1518435,-40.)) ;
#672=CARTESIAN_POINT('Vertex',(-5.,-409.1518435,-40.)) ;
#675=CARTESIAN_POINT('Axis2P3D Location',(-5.,-429.1518435,-40.)) ;
#687=CARTESIAN_POINT('Axis2P3D Location',(0.,-409.1518435,-128.299960787)) ;
#692=CARTESIAN_POINT('Line Origine',(0.,-409.1518435,-118.109451797)) ;
#696=CARTESIAN_POINT('Vertex',(-5.,-409.1518435,-118.109451797)) ;
#699=CARTESIAN_POINT('Line Origine',(-5.,-409.1518435,-79.0547258983)) ;
#711=CARTESIAN_POINT('Axis2P3D Location',(0.,-389.1518435,-118.109451797)) ;
#716=CARTESIAN_POINT('Axis2P3D Location',(-5.,-389.1518435,-118.109451797)) ;
#720=CARTESIAN_POINT('Vertex',(-5.,-400.907548546,-134.289791684)) ;
#723=CARTESIAN_POINT('Line Origine',(0.,-400.907548546,-134.289791684)) ;
#735=CARTESIAN_POINT('Axis2P3D Location',(0.,-558.213951514,-20.)) ;
#740=CARTESIAN_POINT('Line Origine',(0.,-143.243299984,-321.493826211)) ;
#744=CARTESIAN_POINT('Vertex',(-5.,-143.243299984,-321.493826211)) ;
#747=CARTESIAN_POINT('Line Origine',(-5.,-272.075424265,-227.891808947)) ;
#759=CARTESIAN_POINT('Axis2P3D Location',(0.,-122.670816154,-293.178231407)) ;
#764=CARTESIAN_POINT('Axis2P3D Location',(-5.,-122.670816154,-293.178231407)) ;
#776=CARTESIAN_POINT('Axis2P3D Location',(0.,0.,0.)) ;
#781=CARTESIAN_POINT('Axis2P3D Location',(-35.,0.,0.)) ;
#785=CARTESIAN_POINT('Vertex',(-35.,-3.42020143326,-9.39692620786)) ;
#787=CARTESIAN_POINT('Vertex',(-35.,-10.,1.69978506097E-013)) ;
#790=CARTESIAN_POINT('Line Origine',(-15.,-10.,1.74419398195E-013)) ;
#794=CARTESIAN_POINT('Vertex',(-5.,-10.,1.22460635382E-015)) ;
#797=CARTESIAN_POINT('Line Origine',(-15.,-10.,1.22460635382E-015)) ;
#802=CARTESIAN_POINT('Line Origine',(-15.,10.,-2.44921270764E-015)) ;
#806=CARTESIAN_POINT('Vertex',(-5.,10.,0.)) ;
#809=CARTESIAN_POINT('Axis2P3D Location',(-5.,0.,0.)) ;
#813=CARTESIAN_POINT('Vertex',(-5.,-3.42020143326,-9.39692620786)) ;
#816=CARTESIAN_POINT('Line Origine',(-15.,-3.42020143326,-9.39692620786)) ;
#831=CARTESIAN_POINT('Axis2P3D Location',(-5.,0.,0.)) ;
#843=CARTESIAN_POINT('Axis2P3D Location',(0.,252.068845631,692.553461519)) ;
#848=CARTESIAN_POINT('Line Origine',(0.,262.068845631,692.553461519)) ;
#852=CARTESIAN_POINT('Vertex',(-5.,262.068845631,692.553461519)) ;
#855=CARTESIAN_POINT('Axis2P3D Location',(-5.,252.068845631,692.553461519)) ;
#859=CARTESIAN_POINT('Vertex',(-5.,242.068845631,692.553461519)) ;
#862=CARTESIAN_POINT('Line Origine',(0.,242.068845631,692.553461519)) ;
#874=CARTESIAN_POINT('Axis2P3D Location',(-5.,252.068845631,692.553461519)) ;
#886=CARTESIAN_POINT('Axis2P3D Location',(0.,-397.1518435,-74.8301597256)) ;
#891=CARTESIAN_POINT('Line Origine',(0.,-391.1518435,-74.8301597256)) ;
#895=CARTESIAN_POINT('Vertex',(-5.,-391.1518435,-74.8301597256)) ;
#898=CARTESIAN_POINT('Axis2P3D Location',(-5.,-397.1518435,-74.8301597256)) ;
#902=CARTESIAN_POINT('Vertex',(-5.,-403.1518435,-74.8301597256)) ;
#905=CARTESIAN_POINT('Line Origine',(0.,-403.1518435,-74.8301597256)) ;
#917=CARTESIAN_POINT('Axis2P3D Location',(-5.,-397.1518435,-74.8301597256)) ;
#929=CARTESIAN_POINT('Axis2P3D Location',(0.,0.,0.)) ;
#934=CARTESIAN_POINT('Line Origine',(0.,-298.358965166,-11.99532848)) ;
#938=CARTESIAN_POINT('Vertex',(-5.,-298.358965166,-11.99532848)) ;
#941=CARTESIAN_POINT('Axis2P3D Location',(-5.,0.,0.)) ;
#945=CARTESIAN_POINT('Vertex',(-5.,-113.316697685,-276.263073945)) ;
#948=CARTESIAN_POINT('Line Origine',(0.,-113.316697685,-276.263073945)) ;
#960=CARTESIAN_POINT('Axis2P3D Location',(0.,-118.060363864,-287.828005038)) ;
#965=CARTESIAN_POINT('Axis2P3D Location',(-5.,-118.060363864,-287.828005038)) ;
#969=CARTESIAN_POINT('Vertex',(-5.,-122.804030043,-299.392936131)) ;
#972=CARTESIAN_POINT('Line Origine',(0.,-122.804030043,-299.392936131)) ;
#984=CARTESIAN_POINT('Axis2P3D Location',(0.,0.,0.)) ;
#989=CARTESIAN_POINT('Axis2P3D Location',(-5.,0.,0.)) ;
#993=CARTESIAN_POINT('Vertex',(-5.,-323.338784754,-12.999625908)) ;
#996=CARTESIAN_POINT('Line Origine',(0.,-323.338784754,-12.999625908)) ;
#1008=CARTESIAN_POINT('Axis2P3D Location',(0.,-310.84887496,-12.497477194)) ;
#1013=CARTESIAN_POINT('Axis2P3D Location',(-5.,-310.84887496,-12.497477194)) ;
#1025=CARTESIAN_POINT('Axis2P3D Location',(-5.,0.,0.)) ;
#1047=CARTESIAN_POINT('Line Origine',(-5.,-150.55,0.)) ;
#1051=CARTESIAN_POINT('Vertex',(-5.,-291.1,-5.90189568374E-016)) ;
#1054=CARTESIAN_POINT('Axis2P3D Location',(-5.,-2.83126039631E-014,-3.62384805281E-014)) ;
#1058=CARTESIAN_POINT('Vertex',(-5.,-99.5620637221,-273.544521911)) ;
#1061=CARTESIAN_POINT('Line Origine',(-5.,-51.4911325777,-141.470724059)) ;
#1088=CARTESIAN_POINT('Axis2P3D Location',(-5.,-3.42020143326,-9.39692620786)) ;
#1093=CARTESIAN_POINT('Line Origine',(-35.,-51.4911325777,-141.470724059)) ;
#1097=CARTESIAN_POINT('Vertex',(-35.,-99.5620637221,-273.544521911)) ;
#1100=CARTESIAN_POINT('Line Origine',(-20.,-99.5620637221,-273.544521911)) ;
#1112=CARTESIAN_POINT('Axis2P3D Location',(-5.,-291.1,0.)) ;
#1117=CARTESIAN_POINT('Line Origine',(-35.,-150.55,0.)) ;
#1121=CARTESIAN_POINT('Vertex',(-35.,-291.1,-5.90189568374E-016)) ;
#1124=CARTESIAN_POINT('Line Origine',(-20.,-291.1,0.)) ;
#1136=CARTESIAN_POINT('Axis2P3D Location',(-35.,0.,0.)) ;
#1141=CARTESIAN_POINT('Axis2P3D Location',(-35.,-2.83126039631E-014,-3.62384805281E-014)) ;
#1153=CARTESIAN_POINT('Axis2P3D Location',(-20.,-2.83126039631E-014,-3.62384805281E-014)) ;
#1168=CARTESIAN_POINT('Output.1 (Point.48)',(0.,-301.859000444,-75.2619017211)) ;
#1179=CARTESIAN_POINT('NONE',(0.,0.,0.)) ;
#1180=CARTESIAN_POINT('NONE',(147.765313713,0.,0.)) ;
#1196=CARTESIAN_POINT('Axis2P3D Location',(0.,0.,0.)) ;
#1201=CARTESIAN_POINT('Line Origine',(0.,9.95,0.)) ;
#1205=CARTESIAN_POINT('Vertex',(-60.,9.95,0.)) ;
#1207=CARTESIAN_POINT('Vertex',(60.,9.95,0.)) ;
#1210=CARTESIAN_POINT('Axis2P3D Location',(-60.,0.,0.)) ;
#1214=CARTESIAN_POINT('Vertex',(-60.,-9.95,1.21848332205E-015)) ;
#1217=CARTESIAN_POINT('Line Origine',(0.,-9.95,1.21848332205E-015)) ;
#1221=CARTESIAN_POINT('Vertex',(60.,-9.95,1.21848332205E-015)) ;
#1224=CARTESIAN_POINT('Axis2P3D Location',(60.,0.,0.)) ;
#1236=CARTESIAN_POINT('Axis2P3D Location',(-60.,0.,0.)) ;
#1241=CARTESIAN_POINT('Axis2P3D Location',(60.,0.,0.)) ;
#1253=CARTESIAN_POINT('Axis2P3D Location',(-60.,0.,0.)) ;
#1263=CARTESIAN_POINT('Axis2P3D Location',(60.,0.,0.)) ;
#1283=CARTESIAN_POINT('NONE',(0.,0.,0.)) ;
#1284=CARTESIAN_POINT('NONE',(177.765313713,0.,0.)) ;
#1300=CARTESIAN_POINT('Axis2P3D Location',(60.,0.,0.)) ;
#1305=CARTESIAN_POINT('Axis2P3D Location',(110.,0.,0.)) ;
#1309=CARTESIAN_POINT('Vertex',(110.,-10.,0.)) ;
#1311=CARTESIAN_POINT('Vertex',(110.,10.,1.22460635382E-015)) ;
#1314=CARTESIAN_POINT('Line Origine',(60.,10.,1.22460635382E-015)) ;
#1318=CARTESIAN_POINT('Vertex',(10.,10.,1.22460635382E-015)) ;
#1321=CARTESIAN_POINT('Axis2P3D Location',(10.,0.,0.)) ;
#1325=CARTESIAN_POINT('Vertex',(10.,-10.,0.)) ;
#1328=CARTESIAN_POINT('Line Origine',(60.,-10.,0.)) ;
#1340=CARTESIAN_POINT('Axis2P3D Location',(110.,0.,0.)) ;
#1345=CARTESIAN_POINT('Axis2P3D Location',(10.,0.,0.)) ;
#1357=CARTESIAN_POINT('Axis2P3D Location',(110.,0.,0.)) ;
#1367=CARTESIAN_POINT('Axis2P3D Location',(10.,0.,0.)) ;
#1372=CARTESIAN_POINT('Axis2P3D Location',(10.,0.,0.)) ;
#1376=CARTESIAN_POINT('Vertex',(10.,20.,0.)) ;
#1378=CARTESIAN_POINT('Vertex',(10.,-20.,2.44921270764E-015)) ;
#1381=CARTESIAN_POINT('Axis2P3D Location',(10.,0.,0.)) ;
#1395=CARTESIAN_POINT('Axis2P3D Location',(-10.,0.,0.)) ;
#1400=CARTESIAN_POINT('Axis2P3D Location',(-10.,0.,0.)) ;
#1404=CARTESIAN_POINT('Vertex',(-10.,-20.,2.44921270764E-015)) ;
#1406=CARTESIAN_POINT('Vertex',(-10.,20.,0.)) ;
#1409=CARTESIAN_POINT('Axis2P3D Location',(-10.,0.,0.)) ;
#1419=CARTESIAN_POINT('Axis2P3D Location',(0.,0.,0.)) ;
#1424=CARTESIAN_POINT('Line Origine',(0.,-20.,2.44921270764E-015)) ;
#1429=CARTESIAN_POINT('Line Origine',(0.,20.,-4.89842541529E-015)) ;
#1458=CARTESIAN_POINT('NONE',(0.,0.,0.)) ;
#1459=CARTESIAN_POINT('NONE',(127.765313713,-301.859000444,-75.2619017211)) ;
#1475=CARTESIAN_POINT('Axis2P3D Location',(0.,0.,0.)) ;
#1480=CARTESIAN_POINT('Line Origine',(0.,30.,0.)) ;
#1484=CARTESIAN_POINT('Vertex',(-10.,30.,0.)) ;
#1486=CARTESIAN_POINT('Vertex',(10.,30.,0.)) ;
#1489=CARTESIAN_POINT('Axis2P3D Location',(-10.,0.,0.)) ;
#1493=CARTESIAN_POINT('Vertex',(-10.,-30.,1.6996495357E-014)) ;
#1496=CARTESIAN_POINT('Line Origine',(0.,-30.,1.6996495357E-014)) ;
#1500=CARTESIAN_POINT('Vertex',(10.,-30.,1.6996495357E-014)) ;
#1503=CARTESIAN_POINT('Axis2P3D Location',(10.,0.,0.)) ;
#1515=CARTESIAN_POINT('Axis2P3D Location',(-10.,0.,0.)) ;
#1520=CARTESIAN_POINT('Axis2P3D Location',(10.,0.,0.)) ;
#1532=CARTESIAN_POINT('Axis2P3D Location',(0.,0.,0.)) ;
#1537=CARTESIAN_POINT('Axis2P3D Location',(10.,0.,0.)) ;
#1541=CARTESIAN_POINT('Vertex',(10.,-10.,1.22460635382E-015)) ;
#1543=CARTESIAN_POINT('Vertex',(10.,10.,0.)) ;
#1546=CARTESIAN_POINT('Line Origine',(0.,10.,-2.44921270764E-015)) ;
#1550=CARTESIAN_POINT('Vertex',(-10.,10.,0.)) ;
#1553=CARTESIAN_POINT('Axis2P3D Location',(-10.,0.,0.)) ;
#1557=CARTESIAN_POINT('Vertex',(-10.,-10.,1.22460635382E-015)) ;
#1560=CARTESIAN_POINT('Line Origine',(0.,-10.,1.22460635382E-015)) ;
#1572=CARTESIAN_POINT('Axis2P3D Location',(10.,0.,0.)) ;
#1577=CARTESIAN_POINT('Axis2P3D Location',(-10.,0.,0.)) ;
#1589=CARTESIAN_POINT('Axis2P3D Location',(-10.,0.,0.)) ;
#1603=CARTESIAN_POINT('Axis2P3D Location',(10.,0.,0.)) ;
#1627=CARTESIAN_POINT('NONE',(0.,0.,0.)) ;
#1628=CARTESIAN_POINT('NONE',(227.765313713,-301.859000444,-75.2619017211)) ;
#1644=CARTESIAN_POINT('Axis2P3D Location',(0.,-193.5,-2.13162820728E-014)) ;
#1649=CARTESIAN_POINT('Line Origine',(0.,-193.5,20.)) ;
#1653=CARTESIAN_POINT('Vertex',(-5.,-193.5,20.)) ;
#1655=CARTESIAN_POINT('Vertex',(5.,-193.5,20.)) ;
#1658=CARTESIAN_POINT('Axis2P3D Location',(-5.,-193.5,-2.13162820728E-014)) ;
#1662=CARTESIAN_POINT('Vertex',(-5.,-193.5,-20.)) ;
#1665=CARTESIAN_POINT('Line Origine',(0.,-193.5,-20.)) ;
#1669=CARTESIAN_POINT('Vertex',(5.,-193.5,-20.)) ;
#1672=CARTESIAN_POINT('Axis2P3D Location',(5.,-193.5,-2.13162820728E-014)) ;
#1684=CARTESIAN_POINT('Axis2P3D Location',(0.,193.5,-20.)) ;
#1689=CARTESIAN_POINT('Line Origine',(-5.,0.,-20.)) ;
#1693=CARTESIAN_POINT('Vertex',(-5.,193.5,-20.)) ;
#1696=CARTESIAN_POINT('Line Origine',(0.,193.5,-20.)) ;
#1700=CARTESIAN_POINT('Vertex',(5.,193.5,-20.)) ;
#1703=CARTESIAN_POINT('Line Origine',(5.,0.,-20.)) ;
#1715=CARTESIAN_POINT('Axis2P3D Location',(0.,193.5,0.)) ;
#1720=CARTESIAN_POINT('Axis2P3D Location',(-5.,193.5,0.)) ;
#1724=CARTESIAN_POINT('Vertex',(-5.,193.5,20.)) ;
#1727=CARTESIAN_POINT('Line Origine',(0.,193.5,20.)) ;
#1731=CARTESIAN_POINT('Vertex',(5.,193.5,20.)) ;
#1734=CARTESIAN_POINT('Axis2P3D Location',(5.,193.5,0.)) ;
#1746=CARTESIAN_POINT('Axis2P3D Location',(0.,-193.5,20.)) ;
#1751=CARTESIAN_POINT('Line Origine',(-5.,0.,20.)) ;
#1756=CARTESIAN_POINT('Line Origine',(5.,0.,20.)) ;
#1768=CARTESIAN_POINT('Axis2P3D Location',(0.,-193.5,-2.13162820728E-014)) ;
#1773=CARTESIAN_POINT('Axis2P3D Location',(5.,-193.5,-2.13162820728E-014)) ;
#1777=CARTESIAN_POINT('Vertex',(5.,-203.5,-2.0091675719E-014)) ;
#1779=CARTESIAN_POINT('Vertex',(5.,-183.5,-2.13162820728E-014)) ;
#1782=CARTESIAN_POINT('Line Origine',(0.,-183.5,-2.37654947804E-014)) ;
#1786=CARTESIAN_POINT('Vertex',(-5.,-183.5,-2.13162820728E-014)) ;
#1789=CARTESIAN_POINT('Axis2P3D Location',(-5.,-193.5,-2.13162820728E-014)) ;
#1793=CARTESIAN_POINT('Vertex',(-5.,-203.5,-2.0091675719E-014)) ;
#1796=CARTESIAN_POINT('Line Origine',(0.,-203.5,-2.0091675719E-014)) ;
#1808=CARTESIAN_POINT('Axis2P3D Location',(5.,-193.5,-2.13162820728E-014)) ;
#1813=CARTESIAN_POINT('Axis2P3D Location',(-5.,-193.5,-2.13162820728E-014)) ;
#1825=CARTESIAN_POINT('Axis2P3D Location',(0.,193.5,0.)) ;
#1830=CARTESIAN_POINT('Axis2P3D Location',(5.,193.5,0.)) ;
#1834=CARTESIAN_POINT('Vertex',(5.,183.5,1.22460635382E-015)) ;
#1836=CARTESIAN_POINT('Vertex',(5.,203.5,0.)) ;
#1839=CARTESIAN_POINT('Line Origine',(0.,203.5,-2.44921270764E-015)) ;
#1843=CARTESIAN_POINT('Vertex',(-5.,203.5,0.)) ;
#1846=CARTESIAN_POINT('Axis2P3D Location',(-5.,193.5,0.)) ;
#1850=CARTESIAN_POINT('Vertex',(-5.,183.5,1.22460635382E-015)) ;
#1853=CARTESIAN_POINT('Line Origine',(0.,183.5,1.22460635382E-015)) ;
#1865=CARTESIAN_POINT('Axis2P3D Location',(5.,193.5,0.)) ;
#1870=CARTESIAN_POINT('Axis2P3D Location',(-5.,193.5,0.)) ;
#1882=CARTESIAN_POINT('Axis2P3D Location',(0.,105.06,0.)) ;
#1887=CARTESIAN_POINT('Axis2P3D Location',(5.,105.06,0.)) ;
#1891=CARTESIAN_POINT('Vertex',(5.,99.06,7.34763812293E-016)) ;
#1893=CARTESIAN_POINT('Vertex',(5.,111.06,0.)) ;
#1896=CARTESIAN_POINT('Line Origine',(0.,111.06,-1.46952762459E-015)) ;
#1900=CARTESIAN_POINT('Vertex',(-5.,111.06,0.)) ;
#1903=CARTESIAN_POINT('Axis2P3D Location',(-5.,105.06,0.)) ;
#1907=CARTESIAN_POINT('Vertex',(-5.,99.06,7.34763812293E-016)) ;
#1910=CARTESIAN_POINT('Line Origine',(0.,99.06,7.34763812293E-016)) ;
#1922=CARTESIAN_POINT('Axis2P3D Location',(5.,105.06,0.)) ;
#1927=CARTESIAN_POINT('Axis2P3D Location',(-5.,105.06,0.)) ;
#1939=CARTESIAN_POINT('Axis2P3D Location',(-5.,0.,0.)) ;
#1963=CARTESIAN_POINT('Axis2P3D Location',(5.,0.,0.)) ;
#1997=CARTESIAN_POINT('NONE',(0.,0.,0.)) ;
#1998=CARTESIAN_POINT('NONE',(162.765313713,-603.164650324,-163.704932496)) ;
#2022=CARTESIAN_POINT('Axis2P3D Location',(0.660000000315,0.,0.)) ;
#2027=CARTESIAN_POINT('Axis2P3D Location',(-15.,0.,0.)) ;
#2031=CARTESIAN_POINT('Vertex',(-15.,-6.,0.)) ;
#2033=CARTESIAN_POINT('Vertex',(-15.,6.,7.34763812293E-016)) ;
#2036=CARTESIAN_POINT('Line Origine',(0.660000000315,6.,7.34763812293E-016)) ;
#2040=CARTESIAN_POINT('Vertex',(-20.,6.,-1.92977144681E-015)) ;
#2043=CARTESIAN_POINT('Axis2P3D Location',(-20.,0.,0.)) ;
#2047=CARTESIAN_POINT('Vertex',(-20.,-6.,0.)) ;
#2050=CARTESIAN_POINT('Line Origine',(0.660000000315,-6.,-1.46952762459E-015)) ;
#2062=CARTESIAN_POINT('Axis2P3D Location',(-15.,0.,0.)) ;
#2067=CARTESIAN_POINT('Axis2P3D Location',(-20.,0.,0.)) ;
#2079=CARTESIAN_POINT('Axis2P3D Location',(0.,11.,20.)) ;
#2084=CARTESIAN_POINT('Line Origine',(0.,14.,20.)) ;
#2088=CARTESIAN_POINT('Vertex',(0.,13.,20.)) ;
#2090=CARTESIAN_POINT('Vertex',(0.,15.,20.)) ;
#2093=CARTESIAN_POINT('Line Origine',(-10.,15.,20.)) ;
#2097=CARTESIAN_POINT('Vertex',(-20.,15.,20.)) ;
#2100=CARTESIAN_POINT('Line Origine',(-20.,0.,20.)) ;
#2104=CARTESIAN_POINT('Vertex',(-20.,-15.,20.)) ;
#2107=CARTESIAN_POINT('Line Origine',(-10.,-15.,20.)) ;
#2111=CARTESIAN_POINT('Vertex',(0.,-15.,20.)) ;
#2114=CARTESIAN_POINT('Line Origine',(0.,-14.,20.)) ;
#2118=CARTESIAN_POINT('Vertex',(0.,-13.,20.)) ;
#2121=CARTESIAN_POINT('Axis2P3D Location',(5.17847150784E-016,0.,20.)) ;
#2125=CARTESIAN_POINT('Vertex',(-6.23253200185,11.4085733046,20.)) ;
#2128=CARTESIAN_POINT('Axis2P3D Location',(5.17847150784E-016,0.,20.)) ;
#2143=CARTESIAN_POINT('Axis2P3D Location',(-8.881784197E-016,5.3290705182E-015,22.)) ;
#2148=CARTESIAN_POINT('Axis2P3D Location',(-8.881784197E-016,5.3290705182E-015,22.)) ;
#2152=CARTESIAN_POINT('Vertex',(1.31376300897E-014,11.,22.)) ;
#2154=CARTESIAN_POINT('Vertex',(5.27368092465,-9.65340818079,22.)) ;
#2157=CARTESIAN_POINT('Axis2P3D Location',(-8.881784197E-016,5.3290705182E-015,22.)) ;
#2161=CARTESIAN_POINT('Vertex',(-5.27368092465,9.65340818079,22.)) ;
#2164=CARTESIAN_POINT('Axis2P3D Location',(-6.23253200185,11.4085733046,22.)) ;
#2169=CARTESIAN_POINT('Axis2P3D Location',(-8.881784197E-016,5.3290705182E-015,20.)) ;
#2173=CARTESIAN_POINT('Vertex',(6.23253200185,-11.4085733046,20.)) ;
#2176=CARTESIAN_POINT('Axis2P3D Location',(-8.881784197E-016,5.3290705182E-015,20.)) ;
#2181=CARTESIAN_POINT('Axis2P3D Location',(4.25657609799E-015,13.,22.)) ;
#2196=CARTESIAN_POINT('Axis2P3D Location',(-8.881784197E-016,5.68434188608E-014,22.)) ;
#2201=CARTESIAN_POINT('Axis2P3D Location',(-8.881784197E-016,5.68434188608E-014,22.)) ;
#2213=CARTESIAN_POINT('Axis2P3D Location',(0.,0.,60.)) ;
#2218=CARTESIAN_POINT('Line Origine',(5.27368092465,-9.65340818079,60.)) ;
#2222=CARTESIAN_POINT('Vertex',(5.27368092465,-9.65340818079,100.)) ;
#2225=CARTESIAN_POINT('Axis2P3D Location',(0.,0.,100.)) ;
#2229=CARTESIAN_POINT('Vertex',(-5.27368092465,9.65340818079,100.)) ;
#2232=CARTESIAN_POINT('Line Origine',(-5.27368092465,9.65340818079,60.)) ;
#2244=CARTESIAN_POINT('Axis2P3D Location',(0.,0.,100.)) ;
#2257=CARTESIAN_POINT('Line Origine',(0.660000000315,6.,7.34763812293E-016)) ;
#2261=CARTESIAN_POINT('Vertex',(15.,6.,7.34763812293E-016)) ;
#2263=CARTESIAN_POINT('Vertex',(20.,6.,7.34763812293E-016)) ;
#2266=CARTESIAN_POINT('Axis2P3D Location',(20.,0.,0.)) ;
#2270=CARTESIAN_POINT('Vertex',(20.,-6.,0.)) ;
#2273=CARTESIAN_POINT('Line Origine',(0.660000000315,-6.,0.)) ;
#2277=CARTESIAN_POINT('Vertex',(15.,-6.,0.)) ;
#2280=CARTESIAN_POINT('Axis2P3D Location',(15.,0.,0.)) ;
#2292=CARTESIAN_POINT('Axis2P3D Location',(20.,0.,0.)) ;
#2297=CARTESIAN_POINT('Axis2P3D Location',(15.,0.,0.)) ;
#2309=CARTESIAN_POINT('Axis2P3D Location',(0.,6.,25.)) ;
#2314=CARTESIAN_POINT('Axis2P3D Location',(0.,0.,25.)) ;
#2318=CARTESIAN_POINT('Vertex',(2.87655323163,-5.26549537134,25.)) ;
#2320=CARTESIAN_POINT('Vertex',(-2.87655323163,5.26549537134,25.)) ;
#2323=CARTESIAN_POINT('Axis2P3D Location',(0.,0.,25.)) ;
#2333=CARTESIAN_POINT('Axis2P3D Location',(0.,0.,60.)) ;
#2338=CARTESIAN_POINT('Line Origine',(-2.87655323163,5.26549537134,62.5)) ;
#2342=CARTESIAN_POINT('Vertex',(-2.87655323163,5.26549537134,100.)) ;
#2345=CARTESIAN_POINT('Line Origine',(2.87655323163,-5.26549537134,62.5)) ;
#2349=CARTESIAN_POINT('Vertex',(2.87655323163,-5.26549537134,100.)) ;
#2352=CARTESIAN_POINT('Axis2P3D Location',(0.,0.,100.)) ;
#2364=CARTESIAN_POINT('Axis2P3D Location',(0.,0.,100.)) ;
#2376=CARTESIAN_POINT('Axis2P3D Location',(0.,11.,100.)) ;
#2390=CARTESIAN_POINT('Line Origine',(10.,-15.,20.)) ;
#2394=CARTESIAN_POINT('Vertex',(20.,-15.,20.)) ;
#2397=CARTESIAN_POINT('Line Origine',(20.,0.,20.)) ;
#2401=CARTESIAN_POINT('Vertex',(20.,15.,20.)) ;
#2404=CARTESIAN_POINT('Line Origine',(10.,15.,20.)) ;
#2419=CARTESIAN_POINT('Axis2P3D Location',(7.1054273576E-015,0.,15.)) ;
#2424=CARTESIAN_POINT('Line Origine',(15.,0.,15.)) ;
#2428=CARTESIAN_POINT('Vertex',(15.,-15.,15.)) ;
#2430=CARTESIAN_POINT('Vertex',(15.,15.,15.)) ;
#2433=CARTESIAN_POINT('Line Origine',(7.5,-15.,15.)) ;
#2437=CARTESIAN_POINT('Vertex',(7.1054273576E-015,-15.,15.)) ;
#2440=CARTESIAN_POINT('Line Origine',(7.1054273576E-015,0.,15.)) ;
#2444=CARTESIAN_POINT('Vertex',(7.1054273576E-015,15.,15.)) ;
#2447=CARTESIAN_POINT('Line Origine',(7.5,15.,15.)) ;
#2459=CARTESIAN_POINT('Line Origine',(-7.5,-15.,15.)) ;
#2463=CARTESIAN_POINT('Vertex',(-15.,-15.,15.)) ;
#2466=CARTESIAN_POINT('Line Origine',(-15.,0.,15.)) ;
#2470=CARTESIAN_POINT('Vertex',(-15.,15.,15.)) ;
#2473=CARTESIAN_POINT('Line Origine',(-7.5,15.,15.)) ;
#2485=CARTESIAN_POINT('Axis2P3D Location',(0.,-3.5527136788E-015,-5.)) ;
#2490=CARTESIAN_POINT('Axis2P3D Location',(-20.,-3.5527136788E-015,-5.)) ;
#2494=CARTESIAN_POINT('Vertex',(-20.,-15.,-5.)) ;
#2496=CARTESIAN_POINT('Vertex',(-20.,5.38962320953E-015,-20.)) ;
#2499=CARTESIAN_POINT('Line Origine',(0.,-7.973493827E-016,-20.)) ;
#2503=CARTESIAN_POINT('Vertex',(-15.,7.22653274027E-015,-20.)) ;
#2506=CARTESIAN_POINT('Axis2P3D Location',(-15.,-3.5527136788E-015,-5.)) ;
#2510=CARTESIAN_POINT('Vertex',(-15.,-15.,-5.)) ;
#2513=CARTESIAN_POINT('Line Origine',(0.,-15.,-5.)) ;
#2525=CARTESIAN_POINT('Axis2P3D Location',(0.,-15.,0.)) ;
#2530=CARTESIAN_POINT('Line Origine',(17.5,-15.,-5.)) ;
#2534=CARTESIAN_POINT('Vertex',(20.,-15.,-5.)) ;
#2536=CARTESIAN_POINT('Vertex',(15.,-15.,-5.)) ;
#2539=CARTESIAN_POINT('Line Origine',(20.,-15.,7.5)) ;
#2544=CARTESIAN_POINT('Line Origine',(-20.,-15.,7.5)) ;
#2549=CARTESIAN_POINT('Line Origine',(-15.,-15.,5.)) ;
#2554=CARTESIAN_POINT('Line Origine',(15.,-15.,5.)) ;
#2572=CARTESIAN_POINT('Axis2P3D Location',(3.5527136788E-015,-3.5527136788E-015,-5.)) ;
#2577=CARTESIAN_POINT('Axis2P3D Location',(15.,-3.5527136788E-015,-5.)) ;
#2581=CARTESIAN_POINT('Vertex',(15.,3.5527136788E-015,-20.)) ;
#2584=CARTESIAN_POINT('Line Origine',(3.5527136788E-015,-4.47116844417E-015,-20.)) ;
#2588=CARTESIAN_POINT('Vertex',(20.,5.38962320953E-015,-20.)) ;
#2591=CARTESIAN_POINT('Axis2P3D Location',(20.,-3.5527136788E-015,-5.)) ;
#2603=CARTESIAN_POINT('Axis2P3D Location',(20.,0.,-20.)) ;
#2608=CARTESIAN_POINT('Axis2P3D Location',(20.,3.5527136788E-015,-5.)) ;
#2612=CARTESIAN_POINT('Vertex',(20.,15.,-5.)) ;
#2615=CARTESIAN_POINT('Line Origine',(20.,15.,7.5)) ;
#2632=CARTESIAN_POINT('Axis2P3D Location',(15.,0.,15.)) ;
#2637=CARTESIAN_POINT('Axis2P3D Location',(15.,3.5527136788E-015,-5.)) ;
#2641=CARTESIAN_POINT('Vertex',(15.,15.,-5.)) ;
#2644=CARTESIAN_POINT('Line Origine',(15.,15.,5.)) ;
#2661=CARTESIAN_POINT('Axis2P3D Location',(0.,3.5527136788E-015,-5.)) ;
#2666=CARTESIAN_POINT('Line Origine',(0.,15.,-5.)) ;
#2678=CARTESIAN_POINT('Axis2P3D Location',(-20.,0.,-20.)) ;
#2683=CARTESIAN_POINT('Line Origine',(-20.,15.,7.5)) ;
#2687=CARTESIAN_POINT('Vertex',(-20.,15.,-5.)) ;
#2690=CARTESIAN_POINT('Axis2P3D Location',(-20.,3.5527136788E-015,-5.)) ;
#2707=CARTESIAN_POINT('Axis2P3D Location',(-15.,0.,15.)) ;
#2712=CARTESIAN_POINT('Line Origine',(-15.,15.,5.)) ;
#2716=CARTESIAN_POINT('Vertex',(-15.,15.,-5.)) ;
#2719=CARTESIAN_POINT('Axis2P3D Location',(-15.,3.5527136788E-015,-5.)) ;
#2736=CARTESIAN_POINT('Axis2P3D Location',(0.,15.,0.)) ;
#2741=CARTESIAN_POINT('Line Origine',(-17.5,15.,-5.)) ;
#2759=CARTESIAN_POINT('Axis2P3D Location',(-3.5527136788E-015,3.5527136788E-015,-5.)) ;
#2781=CARTESIAN_POINT('NONE',(0.,0.,0.)) ;
#2782=CARTESIAN_POINT('NONE',(0.,0.,0.)) ;
#2798=CARTESIAN_POINT('Axis2P3D Location',(0.,-0.660000000315,140.)) ;
#2803=CARTESIAN_POINT('Axis2P3D Location',(0.,15.,140.)) ;
#2807=CARTESIAN_POINT('Vertex',(-6.,15.,140.)) ;
#2809=CARTESIAN_POINT('Vertex',(6.,15.,140.)) ;
#2812=CARTESIAN_POINT('Line Origine',(6.,-0.660000000315,140.)) ;
#2816=CARTESIAN_POINT('Vertex',(6.,20.,140.)) ;
#2819=CARTESIAN_POINT('Axis2P3D Location',(0.,20.,140.)) ;
#2823=CARTESIAN_POINT('Vertex',(-6.,20.,140.)) ;
#2826=CARTESIAN_POINT('Line Origine',(-6.,-0.660000000315,140.)) ;
#2838=CARTESIAN_POINT('Axis2P3D Location',(0.,15.,140.)) ;
#2843=CARTESIAN_POINT('Axis2P3D Location',(0.,20.,140.)) ;
#2855=CARTESIAN_POINT('Axis2P3D Location',(0.,15.,105.)) ;
#2860=CARTESIAN_POINT('Line Origine',(0.,15.,105.)) ;
#2864=CARTESIAN_POINT('Vertex',(-15.,15.,105.)) ;
#2866=CARTESIAN_POINT('Vertex',(15.,15.,105.)) ;
#2869=CARTESIAN_POINT('Line Origine',(-15.,1.95399252334E-014,105.)) ;
#2873=CARTESIAN_POINT('Vertex',(-15.,-15.,105.)) ;
#2876=CARTESIAN_POINT('Line Origine',(0.,-15.,105.)) ;
#2880=CARTESIAN_POINT('Vertex',(15.,-15.,105.)) ;
#2883=CARTESIAN_POINT('Line Origine',(15.,1.95399252334E-014,105.)) ;
#2895=CARTESIAN_POINT('Axis2P3D Location',(0.,4.18998095045E-016,25.)) ;
#2900=CARTESIAN_POINT('Axis2P3D Location',(0.,0.,25.)) ;
#2904=CARTESIAN_POINT('Vertex',(2.39712769302,-4.38791280945,25.)) ;
#2906=CARTESIAN_POINT('Vertex',(-2.39712769302,4.38791280945,25.)) ;
#2909=CARTESIAN_POINT('Axis2P3D Location',(0.,0.,25.)) ;
#2919=CARTESIAN_POINT('Axis2P3D Location',(0.,0.,62.5)) ;
#2924=CARTESIAN_POINT('Line Origine',(2.39712769302,-4.38791280945,62.5)) ;
#2928=CARTESIAN_POINT('Vertex',(2.39712769302,-4.38791280945,95.)) ;
#2931=CARTESIAN_POINT('Line Origine',(-2.39712769302,4.38791280945,62.5)) ;
#2935=CARTESIAN_POINT('Vertex',(-2.39712769302,4.38791280945,95.)) ;
#2938=CARTESIAN_POINT('Axis2P3D Location',(0.,0.,95.)) ;
#2950=CARTESIAN_POINT('Axis2P3D Location',(0.,0.,95.)) ;
#2962=CARTESIAN_POINT('Line Origine',(-6.,-0.660000000315,140.)) ;
#2966=CARTESIAN_POINT('Vertex',(-6.,-15.,140.)) ;
#2968=CARTESIAN_POINT('Vertex',(-6.,-20.,140.)) ;
#2971=CARTESIAN_POINT('Axis2P3D Location',(0.,-20.,140.)) ;
#2975=CARTESIAN_POINT('Vertex',(6.,-20.,140.)) ;
#2978=CARTESIAN_POINT('Line Origine',(6.,-0.660000000315,140.)) ;
#2982=CARTESIAN_POINT('Vertex',(6.,-15.,140.)) ;
#2985=CARTESIAN_POINT('Axis2P3D Location',(0.,-15.,140.)) ;
#2997=CARTESIAN_POINT('Axis2P3D Location',(0.,-20.,140.)) ;
#3002=CARTESIAN_POINT('Axis2P3D Location',(0.,-15.,140.)) ;
#3014=CARTESIAN_POINT('Axis2P3D Location',(-8.881784197E-016,1.7763568394E-015,95.)) ;
#3019=CARTESIAN_POINT('Axis2P3D Location',(-8.881784197E-016,1.7763568394E-015,100.)) ;
#3023=CARTESIAN_POINT('Vertex',(-4.79425538604,8.7758256189,100.)) ;
#3025=CARTESIAN_POINT('Vertex',(4.79425538604,-8.7758256189,100.)) ;
#3028=CARTESIAN_POINT('Axis2P3D Location',(4.79425538604,-8.7758256189,95.)) ;
#3033=CARTESIAN_POINT('Axis2P3D Location',(-4.79425538604,8.7758256189,95.)) ;
#3045=CARTESIAN_POINT('Axis2P3D Location',(0.,4.4408920985E-016,95.)) ;
#3050=CARTESIAN_POINT('Axis2P3D Location',(0.,4.4408920985E-016,100.)) ;
#3062=CARTESIAN_POINT('Axis2P3D Location',(0.,5.,100.)) ;
#3067=CARTESIAN_POINT('Line Origine',(0.,-20.,100.)) ;
#3071=CARTESIAN_POINT('Vertex',(-15.,-20.,100.)) ;
#3073=CARTESIAN_POINT('Vertex',(15.,-20.,100.)) ;
#3076=CARTESIAN_POINT('Line Origine',(-15.,0.,100.)) ;
#3080=CARTESIAN_POINT('Vertex',(-15.,20.,100.)) ;
#3083=CARTESIAN_POINT('Line Origine',(0.,20.,100.)) ;
#3087=CARTESIAN_POINT('Vertex',(15.,20.,100.)) ;
#3090=CARTESIAN_POINT('Line Origine',(15.,0.,100.)) ;
#3106=CARTESIAN_POINT('Axis2P3D Location',(3.5527136788E-015,0.,145.)) ;
#3111=CARTESIAN_POINT('Axis2P3D Location',(3.5527136788E-015,15.,145.)) ;
#3115=CARTESIAN_POINT('Vertex',(-1.71580414807E-015,15.,160.)) ;
#3117=CARTESIAN_POINT('Vertex',(15.,15.,145.)) ;
#3120=CARTESIAN_POINT('Line Origine',(15.,0.,145.)) ;
#3124=CARTESIAN_POINT('Vertex',(15.,20.,145.)) ;
#3127=CARTESIAN_POINT('Axis2P3D Location',(3.5527136788E-015,20.,145.)) ;
#3131=CARTESIAN_POINT('Vertex',(-7.22653274027E-015,20.,160.)) ;
#3134=CARTESIAN_POINT('Line Origine',(2.05492090358E-014,0.,160.)) ;
#3146=CARTESIAN_POINT('Axis2P3D Location',(15.,0.,0.)) ;
#3151=CARTESIAN_POINT('Line Origine',(15.,-20.,122.5)) ;
#3155=CARTESIAN_POINT('Vertex',(15.,-20.,145.)) ;
#3158=CARTESIAN_POINT('Line Origine',(15.,20.,122.5)) ;
#3163=CARTESIAN_POINT('Line Origine',(15.,15.,125.)) ;
#3168=CARTESIAN_POINT('Line Origine',(15.,-15.,125.)) ;
#3172=CARTESIAN_POINT('Vertex',(15.,-15.,145.)) ;
#3175=CARTESIAN_POINT('Line Origine',(15.,-17.5,145.)) ;
#3191=CARTESIAN_POINT('Axis2P3D Location',(3.5527136788E-015,0.,145.)) ;
#3196=CARTESIAN_POINT('Axis2P3D Location',(3.5527136788E-015,-20.,145.)) ;
#3200=CARTESIAN_POINT('Vertex',(-1.71580414807E-015,-20.,160.)) ;
#3203=CARTESIAN_POINT('Axis2P3D Location',(3.5527136788E-015,-15.,145.)) ;
#3207=CARTESIAN_POINT('Vertex',(-7.22653274027E-015,-15.,160.)) ;
#3210=CARTESIAN_POINT('Line Origine',(2.05492090358E-014,0.,160.)) ;
#3222=CARTESIAN_POINT('Axis2P3D Location',(0.,20.,100.)) ;
#3227=CARTESIAN_POINT('Line Origine',(-15.,20.,122.5)) ;
#3231=CARTESIAN_POINT('Vertex',(-15.,20.,145.)) ;
#3234=CARTESIAN_POINT('Axis2P3D Location',(-3.5527136788E-015,20.,145.)) ;
#3251=CARTESIAN_POINT('Axis2P3D Location',(0.,15.,160.)) ;
#3256=CARTESIAN_POINT('Line Origine',(-15.,15.,125.)) ;
#3260=CARTESIAN_POINT('Vertex',(-15.,15.,145.)) ;
#3263=CARTESIAN_POINT('Axis2P3D Location',(-3.5527136788E-015,15.,145.)) ;
#3280=CARTESIAN_POINT('Axis2P3D Location',(-3.5527136788E-015,0.,145.)) ;
#3285=CARTESIAN_POINT('Line Origine',(-15.,0.,145.)) ;
#3297=CARTESIAN_POINT('Axis2P3D Location',(0.,-15.,105.)) ;
#3302=CARTESIAN_POINT('Line Origine',(-15.,-15.,125.)) ;
#3306=CARTESIAN_POINT('Vertex',(-15.,-15.,145.)) ;
#3309=CARTESIAN_POINT('Axis2P3D Location',(-3.5527136788E-015,-15.,145.)) ;
#3326=CARTESIAN_POINT('Axis2P3D Location',(0.,-20.,160.)) ;
#3331=CARTESIAN_POINT('Line Origine',(-15.,-20.,122.5)) ;
#3335=CARTESIAN_POINT('Vertex',(-15.,-20.,145.)) ;
#3338=CARTESIAN_POINT('Axis2P3D Location',(-3.5527136788E-015,-20.,145.)) ;
#3355=CARTESIAN_POINT('Axis2P3D Location',(-15.,0.,0.)) ;
#3360=CARTESIAN_POINT('Line Origine',(-15.,-17.5,145.)) ;
#3376=CARTESIAN_POINT('Axis2P3D Location',(-3.5527136788E-015,0.,145.)) ;
#3398=CARTESIAN_POINT('NONE',(0.,0.,0.)) ;
#3399=CARTESIAN_POINT('NONE',(0.,0.,10.)) ;
#3411=CARTESIAN_POINT('NONE',(0.,0.,0.)) ;
#3412=CARTESIAN_POINT('NONE',(155.265313713,-397.1518435,-74.8301597256)) ;
#3428=CARTESIAN_POINT('Axis2P3D Location',(0.,0.,0.)) ;
#3433=CARTESIAN_POINT('Line Origine',(0.,6.,0.)) ;
#3437=CARTESIAN_POINT('Vertex',(-30.,6.,0.)) ;
#3439=CARTESIAN_POINT('Vertex',(30.,6.,0.)) ;
#3442=CARTESIAN_POINT('Axis2P3D Location',(-30.,0.,0.)) ;
#3446=CARTESIAN_POINT('Vertex',(-30.,-6.,7.34763812293E-016)) ;
#3449=CARTESIAN_POINT('Line Origine',(0.,-6.,7.34763812293E-016)) ;
#3453=CARTESIAN_POINT('Vertex',(30.,-6.,7.34763812293E-016)) ;
#3456=CARTESIAN_POINT('Axis2P3D Location',(30.,0.,0.)) ;
#3468=CARTESIAN_POINT('Axis2P3D Location',(-30.,0.,0.)) ;
#3473=CARTESIAN_POINT('Axis2P3D Location',(30.,0.,0.)) ;
#3485=CARTESIAN_POINT('Axis2P3D Location',(-30.,0.,0.)) ;
#3495=CARTESIAN_POINT('Axis2P3D Location',(30.,0.,0.)) ;
#3515=CARTESIAN_POINT('NONE',(0.,0.,0.)) ;
#3516=CARTESIAN_POINT('NONE',(147.765313713,-397.1518435,-74.8301597256)) ;
#3530=CARTESIAN_POINT('NONE',(0.,0.,0.)) ;
#3531=CARTESIAN_POINT('NONE',(147.765313713,-547.15184328,-74.8220373639)) ;
#3547=CARTESIAN_POINT('Axis2P3D Location',(35.,0.,0.)) ;
#3552=CARTESIAN_POINT('Axis2P3D Location',(35.,100.5,0.)) ;
#3556=CARTESIAN_POINT('Vertex',(35.,69.95,3.74117241093E-015)) ;
#3558=CARTESIAN_POINT('Vertex',(35.,131.05,0.)) ;
#3561=CARTESIAN_POINT('Axis2P3D Location',(35.,100.5,0.)) ;
#3570=CARTESIAN_POINT('Axis2P3D Location',(35.,100.5,0.)) ;
#3574=CARTESIAN_POINT('Vertex',(35.,90.5,1.22460635382E-015)) ;
#3576=CARTESIAN_POINT('Vertex',(35.,110.5,0.)) ;
#3579=CARTESIAN_POINT('Axis2P3D Location',(35.,100.5,0.)) ;
#3589=CARTESIAN_POINT('Axis2P3D Location',(60.,0.,0.)) ;
#3594=CARTESIAN_POINT('Axis2P3D Location',(60.,100.5,0.)) ;
#3598=CARTESIAN_POINT('Vertex',(60.,131.05,0.)) ;
#3600=CARTESIAN_POINT('Vertex',(60.,69.95,3.74117241093E-015)) ;
#3603=CARTESIAN_POINT('Axis2P3D Location',(60.,100.5,0.)) ;
#3613=CARTESIAN_POINT('Axis2P3D Location',(47.5,100.5,0.)) ;
#3618=CARTESIAN_POINT('Line Origine',(47.5,69.95,3.74117241093E-015)) ;
#3623=CARTESIAN_POINT('Line Origine',(47.5,131.05,-7.48234482185E-015)) ;
#3642=CARTESIAN_POINT('Axis2P3D Location',(20.,100.5,0.)) ;
#3647=CARTESIAN_POINT('Line Origine',(20.,110.5,0.)) ;
#3651=CARTESIAN_POINT('Vertex',(5.,110.5,0.)) ;
#3654=CARTESIAN_POINT('Axis2P3D Location',(5.,100.5,0.)) ;
#3658=CARTESIAN_POINT('Vertex',(5.,90.5,1.22460635382E-015)) ;
#3661=CARTESIAN_POINT('Line Origine',(20.,90.5,1.22460635382E-015)) ;
#3673=CARTESIAN_POINT('Axis2P3D Location',(5.,100.5,0.)) ;
#3685=CARTESIAN_POINT('Axis2P3D Location',(5.,0.,0.)) ;
#3690=CARTESIAN_POINT('Axis2P3D Location',(5.,-100.5,-5.3290705182E-015)) ;
#3694=CARTESIAN_POINT('Vertex',(5.,-100.5,20.)) ;
#3696=CARTESIAN_POINT('Vertex',(5.,-100.5,-20.)) ;
#3699=CARTESIAN_POINT('Line Origine',(5.,0.,-20.)) ;
#3703=CARTESIAN_POINT('Vertex',(5.,100.5,-20.)) ;
#3706=CARTESIAN_POINT('Axis2P3D Location',(5.,100.5,5.3290705182E-015)) ;
#3710=CARTESIAN_POINT('Vertex',(5.,100.5,20.)) ;
#3713=CARTESIAN_POINT('Line Origine',(5.,72.2605197373,20.)) ;
#3717=CARTESIAN_POINT('Vertex',(5.,44.0210394745,20.)) ;
#3720=CARTESIAN_POINT('Axis2P3D Location',(5.,44.0210394745,30.)) ;
#3724=CARTESIAN_POINT('Vertex',(5.,35.2748424031,25.1519037975)) ;
#3727=CARTESIAN_POINT('Line Origine',(5.,11.273369204,68.4517076456)) ;
#3731=CARTESIAN_POINT('Vertex',(5.,-12.7281039951,111.751511494)) ;
#3734=CARTESIAN_POINT('Line Origine',(5.,-17.1012025308,109.327463392)) ;
#3738=CARTESIAN_POINT('Vertex',(5.,-21.4743010665,106.903415291)) ;
#3741=CARTESIAN_POINT('Line Origine',(5.,-1.50384327839,70.8757557468)) ;
#3745=CARTESIAN_POINT('Vertex',(5.,18.4666145097,34.8480962025)) ;
#3748=CARTESIAN_POINT('Axis2P3D Location',(5.,9.72041743832,30.)) ;
#3752=CARTESIAN_POINT('Vertex',(5.,9.72041743832,20.)) ;
#3755=CARTESIAN_POINT('Line Origine',(5.,-45.3897912808,20.)) ;
#3776=CARTESIAN_POINT('Axis2P3D Location',(5.,-100.5,0.)) ;
#3780=CARTESIAN_POINT('Vertex',(5.,-110.5,1.22460635382E-015)) ;
#3782=CARTESIAN_POINT('Vertex',(5.,-90.5,0.)) ;
#3785=CARTESIAN_POINT('Axis2P3D Location',(5.,-100.5,0.)) ;
#3795=CARTESIAN_POINT('Axis2P3D Location',(0.,-100.5,-5.3290705182E-015)) ;
#3800=CARTESIAN_POINT('Line Origine',(0.,-100.5,20.)) ;
#3804=CARTESIAN_POINT('Vertex',(-5.,-100.5,20.)) ;
#3807=CARTESIAN_POINT('Axis2P3D Location',(-5.,-100.5,-5.3290705182E-015)) ;
#3811=CARTESIAN_POINT('Vertex',(-5.,-100.5,-20.)) ;
#3814=CARTESIAN_POINT('Line Origine',(0.,-100.5,-20.)) ;
#3826=CARTESIAN_POINT('Axis2P3D Location',(0.,100.5,-20.)) ;
#3831=CARTESIAN_POINT('Line Origine',(-5.,0.,-20.)) ;
#3835=CARTESIAN_POINT('Vertex',(-5.,100.5,-20.)) ;
#3838=CARTESIAN_POINT('Line Origine',(0.,100.5,-20.)) ;
#3850=CARTESIAN_POINT('Axis2P3D Location',(0.,100.5,5.3290705182E-015)) ;
#3855=CARTESIAN_POINT('Axis2P3D Location',(-5.,100.5,5.3290705182E-015)) ;
#3859=CARTESIAN_POINT('Vertex',(-5.,100.5,20.)) ;
#3862=CARTESIAN_POINT('Line Origine',(0.,100.5,20.)) ;
#3874=CARTESIAN_POINT('Axis2P3D Location',(0.,44.0210394745,20.)) ;
#3879=CARTESIAN_POINT('Line Origine',(-5.,72.2605197373,20.)) ;
#3883=CARTESIAN_POINT('Vertex',(-5.,44.0210394745,20.)) ;
#3886=CARTESIAN_POINT('Line Origine',(0.,44.0210394745,20.)) ;
#3898=CARTESIAN_POINT('Axis2P3D Location',(0.,44.0210394745,30.)) ;
#3903=CARTESIAN_POINT('Axis2P3D Location',(-5.,44.0210394745,30.)) ;
#3907=CARTESIAN_POINT('Vertex',(-5.,35.2748424031,25.1519037975)) ;
#3910=CARTESIAN_POINT('Line Origine',(0.,35.2748424031,25.1519037975)) ;
#3922=CARTESIAN_POINT('Axis2P3D Location',(0.,-12.7281039951,111.751511494)) ;
#3927=CARTESIAN_POINT('Line Origine',(-5.,11.273369204,68.4517076456)) ;
#3931=CARTESIAN_POINT('Vertex',(-5.,-12.7281039951,111.751511494)) ;
#3934=CARTESIAN_POINT('Line Origine',(0.,-12.7281039951,111.751511494)) ;
#3946=CARTESIAN_POINT('Axis2P3D Location',(0.,-21.4743010665,106.903415291)) ;
#3951=CARTESIAN_POINT('Line Origine',(-5.,-17.1012025308,109.327463392)) ;
#3955=CARTESIAN_POINT('Vertex',(-5.,-21.4743010665,106.903415291)) ;
#3958=CARTESIAN_POINT('Line Origine',(0.,-21.4743010665,106.903415291)) ;
#3970=CARTESIAN_POINT('Axis2P3D Location',(0.,-21.4743010665,106.903415291)) ;
#3975=CARTESIAN_POINT('Line Origine',(-5.,-1.50384327839,70.8757557468)) ;
#3979=CARTESIAN_POINT('Vertex',(-5.,18.4666145097,34.8480962025)) ;
#3982=CARTESIAN_POINT('Line Origine',(0.,18.4666145097,34.8480962025)) ;
#3994=CARTESIAN_POINT('Axis2P3D Location',(0.,9.72041743832,30.)) ;
#3999=CARTESIAN_POINT('Axis2P3D Location',(-5.,9.72041743832,30.)) ;
#4003=CARTESIAN_POINT('Vertex',(-5.,9.72041743832,20.)) ;
#4006=CARTESIAN_POINT('Line Origine',(0.,9.72041743832,20.)) ;
#4018=CARTESIAN_POINT('Line Origine',(-5.,-45.3897912808,20.)) ;
#4030=CARTESIAN_POINT('Axis2P3D Location',(0.,-100.5,0.)) ;
#4035=CARTESIAN_POINT('Line Origine',(0.,-90.5,-2.44921270764E-015)) ;
#4039=CARTESIAN_POINT('Vertex',(-5.,-90.5,0.)) ;
#4042=CARTESIAN_POINT('Axis2P3D Location',(-5.,-100.5,0.)) ;
#4046=CARTESIAN_POINT('Vertex',(-5.,-110.5,1.22460635382E-015)) ;
#4049=CARTESIAN_POINT('Line Origine',(0.,-110.5,1.22460635382E-015)) ;
#4061=CARTESIAN_POINT('Axis2P3D Location',(-5.,-100.5,0.)) ;
#4073=CARTESIAN_POINT('Axis2P3D Location',(-5.,0.,0.)) ;
#4105=CARTESIAN_POINT('NONE',(0.,0.,0.)) ;
#4106=CARTESIAN_POINT('NONE',(147.765313713,-806.829300649,-327.409864991)) ;
#4122=CARTESIAN_POINT('Axis2P3D Location',(23.,-74.8619022672,-472.618211477)) ;
#4127=CARTESIAN_POINT('Line Origine',(23.,57.7582694006,-435.711415209)) ;
#4131=CARTESIAN_POINT('Vertex',(23.,57.0595172657,-433.363172152)) ;
#4133=CARTESIAN_POINT('Vertex',(23.,58.4570215356,-438.059658266)) ;
#4136=CARTESIAN_POINT('Line Origine',(23.,68.0416870736,-435.207608735)) ;
#4140=CARTESIAN_POINT('Vertex',(23.,77.6263526117,-432.355559205)) ;
#4143=CARTESIAN_POINT('Line Origine',(23.,76.9276004768,-430.007316148)) ;
#4147=CARTESIAN_POINT('Vertex',(23.,76.2288483419,-427.659073092)) ;
#4150=CARTESIAN_POINT('Line Origine',(23.,66.6441828038,-430.511122622)) ;
#4162=CARTESIAN_POINT('Axis2P3D Location',(23.,-76.3164475277,-467.730032053)) ;
#4167=CARTESIAN_POINT('Axis2P3D Location',(23.,55.6049720053,-428.474992728)) ;
#4171=CARTESIAN_POINT('Vertex',(23.,54.1504267448,-423.586813303)) ;
#4174=CARTESIAN_POINT('Axis2P3D Location',(23.,74.7743030814,-422.770893667)) ;
#4178=CARTESIAN_POINT('Vertex',(23.,73.319757821,-417.882714243)) ;
#4181=CARTESIAN_POINT('Line Origine',(23.,-7.01795025261,-441.788308201)) ;
#4193=CARTESIAN_POINT('Axis2P3D Location',(0.,-46.8763796091,-13.9487137986)) ;
#4198=CARTESIAN_POINT('Line Origine',(15.5,77.6263526117,-432.355559205)) ;
#4202=CARTESIAN_POINT('Vertex',(8.,77.6263526117,-432.355559205)) ;
#4205=CARTESIAN_POINT('Line Origine',(8.,74.7743030814,-422.770893667)) ;
#4209=CARTESIAN_POINT('Vertex',(8.,71.9222535511,-413.186228129)) ;
#4212=CARTESIAN_POINT('Line Origine',(15.5,71.9222535511,-413.186228129)) ;
#4216=CARTESIAN_POINT('Vertex',(23.,71.9222535511,-413.186228129)) ;
#4219=CARTESIAN_POINT('Line Origine',(23.,72.6210056861,-415.534471186)) ;
#4233=CARTESIAN_POINT('Axis2P3D Location',(0.,-66.0457106852,-19.6528128592)) ;
#4238=CARTESIAN_POINT('Line Origine',(23.,53.4516746099,-421.238570246)) ;
#4242=CARTESIAN_POINT('Vertex',(23.,52.752922475,-418.89032719)) ;
#4245=CARTESIAN_POINT('Line Origine',(15.5,52.752922475,-418.89032719)) ;
#4249=CARTESIAN_POINT('Vertex',(8.,52.752922475,-418.89032719)) ;
#4252=CARTESIAN_POINT('Line Origine',(8.,55.6049720053,-428.474992728)) ;
#4256=CARTESIAN_POINT('Vertex',(8.,58.4570215356,-438.059658266)) ;
#4259=CARTESIAN_POINT('Line Origine',(15.5,58.4570215356,-438.059658266)) ;
#4273=CARTESIAN_POINT('Line Origine',(23.,62.3375880131,-416.038277659)) ;
#4285=CARTESIAN_POINT('Axis2P3D Location',(0.,-120.467938745,-470.434585455)) ;
#4290=CARTESIAN_POINT('Line Origine',(8.,62.3375880131,-416.038277659)) ;
#4302=CARTESIAN_POINT('Line Origine',(23.,-74.8619022672,-472.618211477)) ;
#4306=CARTESIAN_POINT('Vertex',(23.,-84.4465678053,-475.470261007)) ;
#4308=CARTESIAN_POINT('Vertex',(23.,-65.2772367292,-469.766161947)) ;
#4311=CARTESIAN_POINT('Line Origine',(23.,-83.7478156704,-477.818504064)) ;
#4315=CARTESIAN_POINT('Vertex',(23.,-83.0490635355,-480.166747121)) ;
#4318=CARTESIAN_POINT('Line Origine',(23.,-73.4643979974,-477.314697591)) ;
#4322=CARTESIAN_POINT('Vertex',(23.,-63.8797324593,-474.46264806)) ;
#4325=CARTESIAN_POINT('Line Origine',(23.,-64.5784845942,-472.114405004)) ;
#4337=CARTESIAN_POINT('Line Origine',(23.,-7.01795025261,-441.788308201)) ;
#4341=CARTESIAN_POINT('Vertex',(23.,-87.3556583262,-465.693902159)) ;
#4343=CARTESIAN_POINT('Vertex',(23.,-68.1863272501,-459.989803098)) ;
#4346=CARTESIAN_POINT('Axis2P3D Location',(23.,-85.9011130658,-470.582081583)) ;
#4351=CARTESIAN_POINT('Axis2P3D Location',(23.,-66.7317819896,-464.877982522)) ;
#4363=CARTESIAN_POINT('Axis2P3D Location',(0.,-207.551795756,-61.7599017145)) ;
#4368=CARTESIAN_POINT('Line Origine',(23.,-88.0544104611,-463.345659102)) ;
#4372=CARTESIAN_POINT('Vertex',(23.,-88.753162596,-460.997416045)) ;
#4375=CARTESIAN_POINT('Line Origine',(15.5,-88.753162596,-460.997416045)) ;
#4379=CARTESIAN_POINT('Vertex',(8.,-88.753162596,-460.997416045)) ;
#4382=CARTESIAN_POINT('Line Origine',(8.,-85.9011130658,-470.582081583)) ;
#4386=CARTESIAN_POINT('Vertex',(8.,-83.0490635355,-480.166747121)) ;
#4389=CARTESIAN_POINT('Line Origine',(15.5,-83.0490635355,-480.166747121)) ;
#4403=CARTESIAN_POINT('Axis2P3D Location',(0.,-188.38246468,-56.0558026539)) ;
#4408=CARTESIAN_POINT('Line Origine',(15.5,-63.8797324593,-474.46264806)) ;
#4412=CARTESIAN_POINT('Vertex',(8.,-63.8797324593,-474.46264806)) ;
#4415=CARTESIAN_POINT('Line Origine',(8.,-66.7317819896,-464.877982522)) ;
#4419=CARTESIAN_POINT('Vertex',(8.,-69.5838315199,-455.293316984)) ;
#4422=CARTESIAN_POINT('Line Origine',(15.5,-69.5838315199,-455.293316984)) ;
#4426=CARTESIAN_POINT('Vertex',(23.,-69.5838315199,-455.293316984)) ;
#4429=CARTESIAN_POINT('Line Origine',(23.,-68.885079385,-457.641560041)) ;
#4443=CARTESIAN_POINT('Line Origine',(23.,-79.168497058,-458.145366515)) ;
#4455=CARTESIAN_POINT('Axis2P3D Location',(8.,0.,0.)) ;
#4460=CARTESIAN_POINT('Line Origine',(8.,96.7956836879,-426.651460145)) ;
#4464=CARTESIAN_POINT('Vertex',(8.,115.965014764,-420.947361084)) ;
#4467=CARTESIAN_POINT('Line Origine',(8.,127.945846687,-417.382299171)) ;
#4471=CARTESIAN_POINT('Vertex',(8.,139.926678609,-413.817237258)) ;
#4474=CARTESIAN_POINT('Line Origine',(8.,137.074629079,-404.23257172)) ;
#4478=CARTESIAN_POINT('Vertex',(8.,134.222579549,-394.647906182)) ;
#4481=CARTESIAN_POINT('Line Origine',(8.,124.702514335,-397.480732994)) ;
#4485=CARTESIAN_POINT('Vertex',(8.,115.182449122,-400.313559806)) ;
#4488=CARTESIAN_POINT('Line Origine',(8.,107.591224561,-200.156779903)) ;
#4492=CARTESIAN_POINT('Vertex',(8.,100.,-5.68434188608E-014)) ;
#4495=CARTESIAN_POINT('Line Origine',(8.,0.,0.)) ;
#4499=CARTESIAN_POINT('Vertex',(8.,-100.,2.84217094304E-014)) ;
#4502=CARTESIAN_POINT('Line Origine',(8.,-110.233969372,-235.217292727)) ;
#4506=CARTESIAN_POINT('Vertex',(8.,-120.467938745,-470.434585455)) ;
#4509=CARTESIAN_POINT('Line Origine',(8.,-135.760713669,-474.985161723)) ;
#4513=CARTESIAN_POINT('Vertex',(8.,-151.053488594,-479.535737992)) ;
#4516=CARTESIAN_POINT('Line Origine',(8.,-148.201439063,-489.12040353)) ;
#4520=CARTESIAN_POINT('Vertex',(8.,-145.349389533,-498.705069068)) ;
#4523=CARTESIAN_POINT('Line Origine',(8.,-133.36855761,-495.140007155)) ;
#4527=CARTESIAN_POINT('Vertex',(8.,-121.387725688,-491.574945242)) ;
#4530=CARTESIAN_POINT('Line Origine',(8.,-102.218394612,-485.870846182)) ;
#4535=CARTESIAN_POINT('Line Origine',(8.,-79.168497058,-458.145366515)) ;
#4540=CARTESIAN_POINT('Line Origine',(8.,-2.71135546187,-456.261153163)) ;
#4565=CARTESIAN_POINT('Line Origine',(8.,-0.133876997999,-50.)) ;
#4569=CARTESIAN_POINT('Vertex',(8.,51.8603722574,-50.)) ;
#4571=CARTESIAN_POINT('Vertex',(8.,-52.1281262534,-50.)) ;
#4574=CARTESIAN_POINT('Line Origine',(8.,58.1957028537,-217.042795481)) ;
#4578=CARTESIAN_POINT('Vertex',(8.,64.5310334499,-384.085590963)) ;
#4581=CARTESIAN_POINT('Line Origine',(8.,-1.92674121705,-403.861019148)) ;
#4585=CARTESIAN_POINT('Vertex',(8.,-68.384515884,-423.636447332)) ;
#4588=CARTESIAN_POINT('Line Origine',(8.,-60.2563210687,-236.818223666)) ;
#4607=CARTESIAN_POINT('Axis2P3D Location',(0.,139.926678609,-413.817237258)) ;
#4612=CARTESIAN_POINT('Line Origine',(-8.5,134.222579549,-394.647906182)) ;
#4616=CARTESIAN_POINT('Vertex',(-25.,134.222579549,-394.647906182)) ;
#4619=CARTESIAN_POINT('Line Origine',(-8.5,139.926678609,-413.817237258)) ;
#4623=CARTESIAN_POINT('Vertex',(-25.,139.926678609,-413.817237258)) ;
#4626=CARTESIAN_POINT('Line Origine',(-25.,137.074629079,-404.23257172)) ;
#4638=CARTESIAN_POINT('Axis2P3D Location',(-25.,0.,0.)) ;
#4643=CARTESIAN_POINT('Line Origine',(-25.,-2.71135546187,-456.261153163)) ;
#4647=CARTESIAN_POINT('Vertex',(-25.,-145.349389533,-498.705069068)) ;
#4650=CARTESIAN_POINT('Line Origine',(-25.,-148.201439063,-489.12040353)) ;
#4654=CARTESIAN_POINT('Vertex',(-25.,-151.053488594,-479.535737992)) ;
#4657=CARTESIAN_POINT('Line Origine',(-25.,-8.41545452246,-437.091822087)) ;
#4669=CARTESIAN_POINT('Axis2P3D Location',(0.,-151.053488594,-479.535737992)) ;
#4674=CARTESIAN_POINT('Line Origine',(-8.5,-145.349389533,-498.705069068)) ;
#4679=CARTESIAN_POINT('Line Origine',(-8.5,-151.053488594,-479.535737992)) ;
#4691=CARTESIAN_POINT('Line Origine',(4.,-120.467938745,-470.434585455)) ;
#4695=CARTESIAN_POINT('Vertex',(0.,-120.467938745,-470.434585455)) ;
#4698=CARTESIAN_POINT('Line Origine',(0.,-2.64274481163,-435.37407263)) ;
#4702=CARTESIAN_POINT('Vertex',(0.,115.182449122,-400.313559806)) ;
#4705=CARTESIAN_POINT('Line Origine',(4.,115.182449122,-400.313559806)) ;
#4721=CARTESIAN_POINT('Axis2P3D Location',(0.,115.182449122,-400.313559806)) ;
#4726=CARTESIAN_POINT('Line Origine',(0.,107.591224561,-200.156779903)) ;
#4730=CARTESIAN_POINT('Vertex',(0.,100.,-5.68434188608E-014)) ;
#4733=CARTESIAN_POINT('Line Origine',(4.,100.,0.)) ;
#4745=CARTESIAN_POINT('Axis2P3D Location',(0.,-100.,0.)) ;
#4750=CARTESIAN_POINT('Line Origine',(0.,0.,0.)) ;
#4754=CARTESIAN_POINT('Vertex',(0.,-100.,2.84217094304E-014)) ;
#4757=CARTESIAN_POINT('Line Origine',(4.,-100.,0.)) ;
#4769=CARTESIAN_POINT('Axis2P3D Location',(0.,-100.,2.84217094304E-014)) ;
#4774=CARTESIAN_POINT('Line Origine',(0.,-110.233969372,-235.217292727)) ;
#4786=CARTESIAN_POINT('Axis2P3D Location',(0.,51.8603722574,-50.)) ;
#4791=CARTESIAN_POINT('Line Origine',(4.,-52.1281262534,-50.)) ;
#4795=CARTESIAN_POINT('Vertex',(0.,-52.1281262534,-50.)) ;
#4798=CARTESIAN_POINT('Line Origine',(0.,-0.133876997999,-50.)) ;
#4802=CARTESIAN_POINT('Vertex',(0.,51.8603722574,-50.)) ;
#4805=CARTESIAN_POINT('Line Origine',(4.,51.8603722574,-50.)) ;
#4817=CARTESIAN_POINT('Axis2P3D Location',(0.,64.5310334499,-384.085590963)) ;
#4822=CARTESIAN_POINT('Line Origine',(0.,58.1957028537,-217.042795481)) ;
#4826=CARTESIAN_POINT('Vertex',(0.,64.5310334499,-384.085590963)) ;
#4829=CARTESIAN_POINT('Line Origine',(4.,64.5310334499,-384.085590963)) ;
#4841=CARTESIAN_POINT('Axis2P3D Location',(0.,-68.384515884,-423.636447332)) ;
#4846=CARTESIAN_POINT('Line Origine',(0.,-1.92674121705,-403.861019148)) ;
#4850=CARTESIAN_POINT('Vertex',(0.,-68.384515884,-423.636447332)) ;
#4853=CARTESIAN_POINT('Line Origine',(4.,-68.384515884,-423.636447332)) ;
#4865=CARTESIAN_POINT('Axis2P3D Location',(0.,-52.1281262534,-50.)) ;
#4870=CARTESIAN_POINT('Line Origine',(0.,-60.2563210687,-236.818223666)) ;
#4882=CARTESIAN_POINT('Axis2P3D Location',(0.,0.,0.)) ;
#4900=CARTESIAN_POINT('Axis2P3D Location',(0.,-121.387725688,-491.574945242)) ;
#4932=CARTESIAN_POINT('NONE',(0.,0.,0.)) ;
#4933=CARTESIAN_POINT('NONE',(237.765313713,-390.909208198,301.527670484)) ;
#4949=CARTESIAN_POINT('Axis2P3D Location',(0.,0.,0.)) ;
#4954=CARTESIAN_POINT('Line Origine',(0.,5.,0.)) ;
#4958=CARTESIAN_POINT('Vertex',(-230.,5.,0.)) ;
#4960=CARTESIAN_POINT('Vertex',(230.,5.,0.)) ;
#4963=CARTESIAN_POINT('Axis2P3D Location',(-230.,0.,0.)) ;
#4967=CARTESIAN_POINT('Vertex',(-230.,-5.,6.12303176911E-016)) ;
#4970=CARTESIAN_POINT('Line Origine',(0.,-5.,6.12303176911E-016)) ;
#4974=CARTESIAN_POINT('Vertex',(230.,-5.,6.12303176911E-016)) ;
#4977=CARTESIAN_POINT('Axis2P3D Location',(230.,0.,0.)) ;
#4989=CARTESIAN_POINT('Axis2P3D Location',(-230.,0.,0.)) ;
#4994=CARTESIAN_POINT('Axis2P3D Location',(230.,0.,0.)) ;
#5006=CARTESIAN_POINT('Axis2P3D Location',(-230.,0.,0.)) ;
#5016=CARTESIAN_POINT('Axis2P3D Location',(230.,0.,0.)) ;
#5036=CARTESIAN_POINT('NONE',(0.,0.,0.)) ;
#5037=CARTESIAN_POINT('NONE',(260.765313713,-294.70167604,-114.865470024)) ;
#5053=CARTESIAN_POINT('Axis2P3D Location',(0.,0.,0.)) ;
#5058=CARTESIAN_POINT('Line Origine',(0.,25.,0.)) ;
#5062=CARTESIAN_POINT('Vertex',(-5.,25.,0.)) ;
#5064=CARTESIAN_POINT('Vertex',(5.,25.,0.)) ;
#5067=CARTESIAN_POINT('Axis2P3D Location',(-5.,0.,0.)) ;
#5071=CARTESIAN_POINT('Vertex',(-5.,-25.,3.06151588456E-015)) ;
#5074=CARTESIAN_POINT('Line Origine',(0.,-25.,3.06151588456E-015)) ;
#5078=CARTESIAN_POINT('Vertex',(5.,-25.,3.06151588456E-015)) ;
#5081=CARTESIAN_POINT('Axis2P3D Location',(5.,0.,0.)) ;
#5093=CARTESIAN_POINT('Axis2P3D Location',(-5.,0.,0.)) ;
#5098=CARTESIAN_POINT('Axis2P3D Location',(5.,0.,0.)) ;
#5110=CARTESIAN_POINT('Axis2P3D Location',(0.,0.,0.)) ;
#5115=CARTESIAN_POINT('Axis2P3D Location',(5.,0.,0.)) ;
#5119=CARTESIAN_POINT('Vertex',(5.,-10.,1.22460635382E-015)) ;
#5121=CARTESIAN_POINT('Vertex',(5.,10.,0.)) ;
#5124=CARTESIAN_POINT('Line Origine',(0.,10.,-2.44921270764E-015)) ;
#5128=CARTESIAN_POINT('Vertex',(-5.,10.,0.)) ;
#5131=CARTESIAN_POINT('Axis2P3D Location',(-5.,0.,0.)) ;
#5135=CARTESIAN_POINT('Vertex',(-5.,-10.,1.22460635382E-015)) ;
#5138=CARTESIAN_POINT('Line Origine',(0.,-10.,1.22460635382E-015)) ;
#5150=CARTESIAN_POINT('Axis2P3D Location',(5.,0.,0.)) ;
#5155=CARTESIAN_POINT('Axis2P3D Location',(-5.,0.,0.)) ;
#5167=CARTESIAN_POINT('Axis2P3D Location',(-5.,0.,0.)) ;
#5181=CARTESIAN_POINT('Axis2P3D Location',(5.,0.,0.)) ;
#5205=CARTESIAN_POINT('NONE',(0.,0.,0.)) ;
#5206=CARTESIAN_POINT('NONE',(185.265313713,-301.859000444,-75.2619017211)) ;
#64=DIRECTION('Axis2P3D Direction',(1.,0.,0.)) ;
#65=DIRECTION('Axis2P3D XDirection',(0.,1.,0.)) ;
#69=DIRECTION('Axis2P3D Direction',(1.,0.,0.)) ;
#78=DIRECTION('Axis2P3D Direction',(1.,0.,0.)) ;
#87=DIRECTION('Axis2P3D Direction',(1.,0.,0.)) ;
#96=DIRECTION('Axis2P3D Direction',(1.,0.,0.)) ;
#106=DIRECTION('Axis2P3D Direction',(1.,0.,0.)) ;
#107=DIRECTION('Axis2P3D XDirection',(0.,1.,0.)) ;
#111=DIRECTION('Axis2P3D Direction',(1.,0.,0.)) ;
#120=DIRECTION('Axis2P3D Direction',(1.,0.,0.)) ;
#130=DIRECTION('Axis2P3D Direction',(1.,0.,0.)) ;
#131=DIRECTION('Axis2P3D XDirection',(0.,1.,0.)) ;
#135=DIRECTION('Vector Direction',(1.,0.,0.)) ;
#140=DIRECTION('Vector Direction',(1.,0.,0.)) ;
#159=DIRECTION('Axis2P3D Direction',(1.,0.,0.)) ;
#160=DIRECTION('Axis2P3D XDirection',(0.,1.,0.)) ;
#164=DIRECTION('Vector Direction',(1.,0.,0.)) ;
#171=DIRECTION('Axis2P3D Direction',(1.,0.,0.)) ;
#178=DIRECTION('Vector Direction',(1.,0.,0.)) ;
#190=DIRECTION('Axis2P3D Direction',(1.,0.,0.)) ;
#202=DIRECTION('Axis2P3D Direction',(1.,0.,0.)) ;
#203=DIRECTION('Axis2P3D XDirection',(0.,1.,0.)) ;
#207=DIRECTION('Vector Direction',(0.,0.342020143326,0.939692620786)) ;
#216=DIRECTION('Vector Direction',(0.,-0.342020143326,-0.939692620786)) ;
#223=DIRECTION('Axis2P3D Direction',(1.,0.,0.)) ;
#230=DIRECTION('Axis2P3D Direction',(1.,0.,0.)) ;
#237=DIRECTION('Vector Direction',(0.,0.342020143326,0.939692620786)) ;
#244=DIRECTION('Axis2P3D Direction',(1.,0.,0.)) ;
#251=DIRECTION('Vector Direction',(0.,1.,0.)) ;
#258=DIRECTION('Axis2P3D Direction',(1.,0.,0.)) ;
#265=DIRECTION('Axis2P3D Direction',(1.,0.,0.)) ;
#272=DIRECTION('Vector Direction',(0.,1.,0.)) ;
#279=DIRECTION('Axis2P3D Direction',(1.,0.,0.)) ;
#286=DIRECTION('Vector Direction',(0.,0.,1.)) ;
#293=DIRECTION('Axis2P3D Direction',(1.,0.,0.)) ;
#300=DIRECTION('Vector Direction',(0.,-0.809016994375,0.587785252292)) ;
#307=DIRECTION('Axis2P3D Direction',(1.,0.,0.)) ;
#333=DIRECTION('Axis2P3D Direction',(1.,0.,0.)) ;
#342=DIRECTION('Axis2P3D Direction',(1.,0.,0.)) ;
#351=DIRECTION('Axis2P3D Direction',(1.,0.,0.)) ;
#360=DIRECTION('Axis2P3D Direction',(1.,0.,0.)) ;
#369=DIRECTION('Axis2P3D Direction',(1.,0.,0.)) ;
#378=DIRECTION('Axis2P3D Direction',(1.,0.,0.)) ;
#387=DIRECTION('Axis2P3D Direction',(1.,0.,0.)) ;
#396=DIRECTION('Axis2P3D Direction',(1.,0.,0.)) ;
#403=DIRECTION('Axis2P3D Direction',(1.,0.,0.)) ;
#410=DIRECTION('Axis2P3D Direction',(1.,0.,0.)) ;
#422=DIRECTION('Axis2P3D Direction',(0.,0.939692620786,-0.342020143326)) ;
#423=DIRECTION('Axis2P3D XDirection',(0.,0.342020143326,0.939692620786)) ;
#427=DIRECTION('Vector Direction',(0.,0.342020143326,0.939692620786)) ;
#436=DIRECTION('Vector Direction',(1.,0.,0.)) ;
#441=DIRECTION('Vector Direction',(1.,0.,0.)) ;
#453=DIRECTION('Vector Direction',(0.,-0.342020143326,-0.939692620786)) ;
#460=DIRECTION('Vector Direction',(1.,0.,0.)) ;
#472=DIRECTION('Axis2P3D Direction',(1.,0.,-0.)) ;
#473=DIRECTION('Axis2P3D XDirection',(-0.,0.939692620786,-0.342020143326)) ;
#477=DIRECTION('Axis2P3D Direction',(1.,0.,-0.)) ;
#484=DIRECTION('Vector Direction',(1.,0.,0.)) ;
#496=DIRECTION('Axis2P3D Direction',(1.,0.,0.)) ;
#497=DIRECTION('Axis2P3D XDirection',(0.,0.342020143326,0.939692620786)) ;
#501=DIRECTION('Axis2P3D Direction',(1.,0.,0.)) ;
#508=DIRECTION('Vector Direction',(1.,0.,0.)) ;
#520=DIRECTION('Axis2P3D Direction',(0.,0.939692620786,-0.342020143326)) ;
#521=DIRECTION('Axis2P3D XDirection',(0.,0.342020143326,0.939692620786)) ;
#525=DIRECTION('Vector Direction',(0.,0.342020143326,0.939692620786)) ;
#532=DIRECTION('Vector Direction',(1.,0.,0.)) ;
#544=DIRECTION('Axis2P3D Direction',(1.,0.,0.)) ;
#545=DIRECTION('Axis2P3D XDirection',(0.,0.,-1.)) ;
#549=DIRECTION('Vector Direction',(1.,0.,0.)) ;
#556=DIRECTION('Axis2P3D Direction',(1.,0.,0.)) ;
#568=DIRECTION('Axis2P3D Direction',(0.,0.,-1.)) ;
#569=DIRECTION('Axis2P3D XDirection',(0.,1.,0.)) ;
#573=DIRECTION('Vector Direction',(1.,0.,0.)) ;
#580=DIRECTION('Vector Direction',(0.,1.,0.)) ;
#592=DIRECTION('Axis2P3D Direction',(1.,0.,0.)) ;
#593=DIRECTION('Axis2P3D XDirection',(-0.,8.881784197E-016,1.)) ;
#597=DIRECTION('Axis2P3D Direction',(1.,0.,0.)) ;
#604=DIRECTION('Vector Direction',(1.,0.,0.)) ;
#616=DIRECTION('Axis2P3D Direction',(1.,0.,0.)) ;
#617=DIRECTION('Axis2P3D XDirection',(0.,-0.587785252292,-0.809016994375)) ;
#621=DIRECTION('Axis2P3D Direction',(1.,0.,0.)) ;
#628=DIRECTION('Vector Direction',(1.,0.,0.)) ;
#640=DIRECTION('Axis2P3D Direction',(0.,0.,-1.)) ;
#641=DIRECTION('Axis2P3D XDirection',(0.,1.,0.)) ;
#645=DIRECTION('Vector Direction',(0.,1.,0.)) ;
#652=DIRECTION('Vector Direction',(1.,0.,0.)) ;
#664=DIRECTION('Axis2P3D Direction',(1.,0.,0.)) ;
#665=DIRECTION('Axis2P3D XDirection',(0.,1.,0.)) ;
#669=DIRECTION('Vector Direction',(1.,0.,0.)) ;
#676=DIRECTION('Axis2P3D Direction',(1.,0.,0.)) ;
#688=DIRECTION('Axis2P3D Direction',(0.,1.,0.)) ;
#689=DIRECTION('Axis2P3D XDirection',(0.,0.,1.)) ;
#693=DIRECTION('Vector Direction',(1.,0.,0.)) ;
#700=DIRECTION('Vector Direction',(0.,0.,1.)) ;
#712=DIRECTION('Axis2P3D Direction',(1.,0.,0.)) ;
#713=DIRECTION('Axis2P3D XDirection',(0.,-1.,1.11022302463E-016)) ;
#717=DIRECTION('Axis2P3D Direction',(1.,0.,0.)) ;
#724=DIRECTION('Vector Direction',(1.,0.,0.)) ;
#736=DIRECTION('Axis2P3D Direction',(-0.,0.587785252292,0.809016994375)) ;
#737=DIRECTION('Axis2P3D XDirection',(0.,-0.809016994375,0.587785252292)) ;
#741=DIRECTION('Vector Direction',(1.,0.,0.)) ;
#748=DIRECTION('Vector Direction',(0.,-0.809016994375,0.587785252292)) ;
#760=DIRECTION('Axis2P3D Direction',(1.,0.,0.)) ;
#761=DIRECTION('Axis2P3D XDirection',(0.,-0.587785252292,-0.809016994375)) ;
#765=DIRECTION('Axis2P3D Direction',(1.,0.,0.)) ;
#777=DIRECTION('Axis2P3D Direction',(1.,0.,0.)) ;
#778=DIRECTION('Axis2P3D XDirection',(0.,1.,0.)) ;
#782=DIRECTION('Axis2P3D Direction',(1.,0.,0.)) ;
#791=DIRECTION('Vector Direction',(1.,0.,0.)) ;
#798=DIRECTION('Vector Direction',(1.,0.,0.)) ;
#803=DIRECTION('Vector Direction',(1.,0.,0.)) ;
#810=DIRECTION('Axis2P3D Direction',(1.,0.,0.)) ;
#817=DIRECTION('Vector Direction',(1.,0.,0.)) ;
#832=DIRECTION('Axis2P3D Direction',(1.,0.,0.)) ;
#844=DIRECTION('Axis2P3D Direction',(1.,0.,0.)) ;
#845=DIRECTION('Axis2P3D XDirection',(0.,1.,0.)) ;
#849=DIRECTION('Vector Direction',(1.,0.,0.)) ;
#856=DIRECTION('Axis2P3D Direction',(1.,0.,0.)) ;
#863=DIRECTION('Vector Direction',(1.,0.,0.)) ;
#875=DIRECTION('Axis2P3D Direction',(1.,0.,0.)) ;
#887=DIRECTION('Axis2P3D Direction',(1.,0.,0.)) ;
#888=DIRECTION('Axis2P3D XDirection',(0.,1.,0.)) ;
#892=DIRECTION('Vector Direction',(1.,0.,0.)) ;
#899=DIRECTION('Axis2P3D Direction',(1.,0.,0.)) ;
#906=DIRECTION('Vector Direction',(1.,0.,0.)) ;
#918=DIRECTION('Axis2P3D Direction',(1.,0.,0.)) ;
#930=DIRECTION('Axis2P3D Direction',(1.,0.,0.)) ;
#931=DIRECTION('Axis2P3D XDirection',(-0.,-0.999192783542,-0.0401718971199)) ;
#935=DIRECTION('Vector Direction',(1.,0.,0.)) ;
#942=DIRECTION('Axis2P3D Direction',(1.,0.,0.)) ;
#949=DIRECTION('Vector Direction',(1.,0.,0.)) ;
#961=DIRECTION('Axis2P3D Direction',(1.,0.,0.)) ;
#962=DIRECTION('Axis2P3D XDirection',(-0.,-0.379493294323,-0.925194487426)) ;
#966=DIRECTION('Axis2P3D Direction',(1.,0.,0.)) ;
#973=DIRECTION('Vector Direction',(1.,0.,0.)) ;
#985=DIRECTION('Axis2P3D Direction',(1.,0.,0.)) ;
#986=DIRECTION('Axis2P3D XDirection',(-0.,-0.999192783542,-0.0401718971199)) ;
#990=DIRECTION('Axis2P3D Direction',(1.,0.,0.)) ;
#997=DIRECTION('Vector Direction',(1.,0.,0.)) ;
#1009=DIRECTION('Axis2P3D Direction',(1.,0.,0.)) ;
#1010=DIRECTION('Axis2P3D XDirection',(0.,0.999192783542,0.0401718971199)) ;
#1014=DIRECTION('Axis2P3D Direction',(1.,0.,0.)) ;
#1026=DIRECTION('Axis2P3D Direction',(1.,0.,0.)) ;
#1027=DIRECTION('Axis2P3D XDirection',(0.,1.,0.)) ;
#1048=DIRECTION('Vector Direction',(0.,1.,0.)) ;
#1055=DIRECTION('Axis2P3D Direction',(1.,0.,0.)) ;
#1062=DIRECTION('Vector Direction',(0.,-0.342020143326,-0.939692620786)) ;
#1089=DIRECTION('Axis2P3D Direction',(0.,0.939692620786,-0.342020143326)) ;
#1090=DIRECTION('Axis2P3D XDirection',(-0.,-0.342020143326,-0.939692620786)) ;
#1094=DIRECTION('Vector Direction',(0.,-0.342020143326,-0.939692620786)) ;
#1101=DIRECTION('Vector Direction',(-1.,0.,0.)) ;
#1113=DIRECTION('Axis2P3D Direction',(0.,-0.,1.)) ;
#1114=DIRECTION('Axis2P3D XDirection',(0.,1.,0.)) ;
#1118=DIRECTION('Vector Direction',(0.,1.,0.)) ;
#1125=DIRECTION('Vector Direction',(-1.,0.,0.)) ;
#1137=DIRECTION('Axis2P3D Direction',(1.,0.,0.)) ;
#1138=DIRECTION('Axis2P3D XDirection',(0.,1.,0.)) ;
#1142=DIRECTION('Axis2P3D Direction',(1.,0.,0.)) ;
#1154=DIRECTION('Axis2P3D Direction',(1.,0.,0.)) ;
#1155=DIRECTION('Axis2P3D XDirection',(0.,-1.,5.66549845232E-016)) ;
#1181=DIRECTION('NONE',(1.,0.,0.)) ;
#1182=DIRECTION('NONE',(0.,0.,1.)) ;
#1183=DIRECTION('NONE',(1.,0.,0.)) ;
#1184=DIRECTION('NONE',(0.,0.,1.)) ;
#1197=DIRECTION('Axis2P3D Direction',(1.,0.,0.)) ;
#1198=DIRECTION('Axis2P3D XDirection',(0.,1.,0.)) ;
#1202=DIRECTION('Vector Direction',(1.,0.,0.)) ;
#1211=DIRECTION('Axis2P3D Direction',(1.,0.,0.)) ;
#1218=DIRECTION('Vector Direction',(1.,0.,0.)) ;
#1225=DIRECTION('Axis2P3D Direction',(1.,0.,0.)) ;
#1237=DIRECTION('Axis2P3D Direction',(1.,0.,0.)) ;
#1242=DIRECTION('Axis2P3D Direction',(1.,0.,0.)) ;
#1254=DIRECTION('Axis2P3D Direction',(1.,0.,0.)) ;
#1255=DIRECTION('Axis2P3D XDirection',(0.,1.,0.)) ;
#1264=DIRECTION('Axis2P3D Direction',(1.,0.,0.)) ;
#1265=DIRECTION('Axis2P3D XDirection',(0.,1.,0.)) ;
#1285=DIRECTION('NONE',(1.,0.,0.)) ;
#1286=DIRECTION('NONE',(0.,0.,1.)) ;
#1287=DIRECTION('NONE',(1.,0.,0.)) ;
#1288=DIRECTION('NONE',(0.,0.,1.)) ;
#1301=DIRECTION('Axis2P3D Direction',(-1.,-0.,0.)) ;
#1302=DIRECTION('Axis2P3D XDirection',(0.,-1.,0.)) ;
#1306=DIRECTION('Axis2P3D Direction',(-1.,-0.,0.)) ;
#1315=DIRECTION('Vector Direction',(-1.,0.,0.)) ;
#1322=DIRECTION('Axis2P3D Direction',(-1.,-0.,0.)) ;
#1329=DIRECTION('Vector Direction',(-1.,0.,0.)) ;
#1341=DIRECTION('Axis2P3D Direction',(-1.,-0.,0.)) ;
#1346=DIRECTION('Axis2P3D Direction',(-1.,-0.,0.)) ;
#1358=DIRECTION('Axis2P3D Direction',(-1.,-0.,0.)) ;
#1359=DIRECTION('Axis2P3D XDirection',(0.,-1.,-0.)) ;
#1368=DIRECTION('Axis2P3D Direction',(1.,0.,0.)) ;
#1369=DIRECTION('Axis2P3D XDirection',(0.,1.,0.)) ;
#1373=DIRECTION('Axis2P3D Direction',(1.,0.,0.)) ;
#1382=DIRECTION('Axis2P3D Direction',(1.,0.,0.)) ;
#1396=DIRECTION('Axis2P3D Direction',(1.,0.,0.)) ;
#1397=DIRECTION('Axis2P3D XDirection',(0.,1.,0.)) ;
#1401=DIRECTION('Axis2P3D Direction',(1.,0.,0.)) ;
#1410=DIRECTION('Axis2P3D Direction',(1.,0.,0.)) ;
#1420=DIRECTION('Axis2P3D Direction',(1.,0.,0.)) ;
#1421=DIRECTION('Axis2P3D XDirection',(0.,1.,0.)) ;
#1425=DIRECTION('Vector Direction',(1.,0.,0.)) ;
#1430=DIRECTION('Vector Direction',(1.,0.,0.)) ;
#1460=DIRECTION('NONE',(1.,0.,0.)) ;
#1461=DIRECTION('NONE',(0.,0.,1.)) ;
#1462=DIRECTION('NONE',(1.,0.,0.)) ;
#1463=DIRECTION('NONE',(0.,0.,1.)) ;
#1476=DIRECTION('Axis2P3D Direction',(1.,0.,0.)) ;
#1477=DIRECTION('Axis2P3D XDirection',(0.,1.,0.)) ;
#1481=DIRECTION('Vector Direction',(1.,0.,0.)) ;
#1490=DIRECTION('Axis2P3D Direction',(1.,0.,0.)) ;
#1497=DIRECTION('Vector Direction',(1.,0.,0.)) ;
#1504=DIRECTION('Axis2P3D Direction',(1.,0.,0.)) ;
#1516=DIRECTION('Axis2P3D Direction',(1.,0.,0.)) ;
#1521=DIRECTION('Axis2P3D Direction',(1.,0.,0.)) ;
#1533=DIRECTION('Axis2P3D Direction',(1.,0.,0.)) ;
#1534=DIRECTION('Axis2P3D XDirection',(0.,1.,0.)) ;
#1538=DIRECTION('Axis2P3D Direction',(1.,0.,0.)) ;
#1547=DIRECTION('Vector Direction',(1.,0.,0.)) ;
#1554=DIRECTION('Axis2P3D Direction',(1.,0.,0.)) ;
#1561=DIRECTION('Vector Direction',(1.,0.,0.)) ;
#1573=DIRECTION('Axis2P3D Direction',(1.,0.,0.)) ;
#1578=DIRECTION('Axis2P3D Direction',(1.,0.,0.)) ;
#1590=DIRECTION('Axis2P3D Direction',(1.,0.,0.)) ;
#1591=DIRECTION('Axis2P3D XDirection',(0.,1.,0.)) ;
#1604=DIRECTION('Axis2P3D Direction',(1.,0.,0.)) ;
#1605=DIRECTION('Axis2P3D XDirection',(0.,1.,0.)) ;
#1629=DIRECTION('NONE',(1.,0.,0.)) ;
#1630=DIRECTION('NONE',(0.,0.,1.)) ;
#1631=DIRECTION('NONE',(1.,0.,0.)) ;
#1632=DIRECTION('NONE',(0.,0.,1.)) ;
#1645=DIRECTION('Axis2P3D Direction',(1.,0.,0.)) ;
#1646=DIRECTION('Axis2P3D XDirection',(0.,6.12303176911E-017,1.)) ;
#1650=DIRECTION('Vector Direction',(1.,0.,0.)) ;
#1659=DIRECTION('Axis2P3D Direction',(1.,0.,0.)) ;
#1666=DIRECTION('Vector Direction',(1.,0.,0.)) ;
#1673=DIRECTION('Axis2P3D Direction',(1.,0.,0.)) ;
#1685=DIRECTION('Axis2P3D Direction',(-0.,0.,1.)) ;
#1686=DIRECTION('Axis2P3D XDirection',(0.,-1.,0.)) ;
#1690=DIRECTION('Vector Direction',(0.,-1.,0.)) ;
#1697=DIRECTION('Vector Direction',(1.,0.,0.)) ;
#1704=DIRECTION('Vector Direction',(0.,-1.,0.)) ;
#1716=DIRECTION('Axis2P3D Direction',(1.,0.,0.)) ;
#1717=DIRECTION('Axis2P3D XDirection',(-0.,-1.83690953073E-016,-1.)) ;
#1721=DIRECTION('Axis2P3D Direction',(1.,0.,0.)) ;
#1728=DIRECTION('Vector Direction',(1.,0.,0.)) ;
#1735=DIRECTION('Axis2P3D Direction',(1.,0.,0.)) ;
#1747=DIRECTION('Axis2P3D Direction',(0.,0.,-1.)) ;
#1748=DIRECTION('Axis2P3D XDirection',(0.,1.,0.)) ;
#1752=DIRECTION('Vector Direction',(0.,1.,0.)) ;
#1757=DIRECTION('Vector Direction',(0.,1.,0.)) ;
#1769=DIRECTION('Axis2P3D Direction',(1.,0.,0.)) ;
#1770=DIRECTION('Axis2P3D XDirection',(0.,1.,0.)) ;
#1774=DIRECTION('Axis2P3D Direction',(1.,0.,0.)) ;
#1783=DIRECTION('Vector Direction',(1.,0.,0.)) ;
#1790=DIRECTION('Axis2P3D Direction',(1.,0.,0.)) ;
#1797=DIRECTION('Vector Direction',(1.,0.,0.)) ;
#1809=DIRECTION('Axis2P3D Direction',(1.,0.,0.)) ;
#1814=DIRECTION('Axis2P3D Direction',(1.,0.,0.)) ;
#1826=DIRECTION('Axis2P3D Direction',(1.,0.,0.)) ;
#1827=DIRECTION('Axis2P3D XDirection',(0.,1.,0.)) ;
#1831=DIRECTION('Axis2P3D Direction',(1.,0.,0.)) ;
#1840=DIRECTION('Vector Direction',(1.,0.,0.)) ;
#1847=DIRECTION('Axis2P3D Direction',(1.,0.,0.)) ;
#1854=DIRECTION('Vector Direction',(1.,0.,0.)) ;
#1866=DIRECTION('Axis2P3D Direction',(1.,0.,0.)) ;
#1871=DIRECTION('Axis2P3D Direction',(1.,0.,0.)) ;
#1883=DIRECTION('Axis2P3D Direction',(1.,0.,0.)) ;
#1884=DIRECTION('Axis2P3D XDirection',(0.,1.,0.)) ;
#1888=DIRECTION('Axis2P3D Direction',(1.,0.,0.)) ;
#1897=DIRECTION('Vector Direction',(1.,0.,0.)) ;
#1904=DIRECTION('Axis2P3D Direction',(1.,0.,0.)) ;
#1911=DIRECTION('Vector Direction',(1.,0.,0.)) ;
#1923=DIRECTION('Axis2P3D Direction',(1.,0.,0.)) ;
#1928=DIRECTION('Axis2P3D Direction',(1.,0.,0.)) ;
#1940=DIRECTION('Axis2P3D Direction',(1.,0.,0.)) ;
#1941=DIRECTION('Axis2P3D XDirection',(0.,1.,0.)) ;
#1964=DIRECTION('Axis2P3D Direction',(1.,0.,0.)) ;
#1965=DIRECTION('Axis2P3D XDirection',(0.,1.,0.)) ;
#1999=DIRECTION('NONE',(1.,0.,0.)) ;
#2000=DIRECTION('NONE',(0.,0.,1.)) ;
#2001=DIRECTION('NONE',(1.,0.,0.)) ;
#2002=DIRECTION('NONE',(0.,-0.846020322975,0.533150647672)) ;
#2023=DIRECTION('Axis2P3D Direction',(-1.,0.,0.)) ;
#2024=DIRECTION('Axis2P3D XDirection',(0.,-1.,0.)) ;
#2028=DIRECTION('Axis2P3D Direction',(-1.,0.,0.)) ;
#2037=DIRECTION('Vector Direction',(-1.,0.,0.)) ;
#2044=DIRECTION('Axis2P3D Direction',(-1.,0.,0.)) ;
#2051=DIRECTION('Vector Direction',(-1.,0.,0.)) ;
#2063=DIRECTION('Axis2P3D Direction',(-1.,0.,0.)) ;
#2068=DIRECTION('Axis2P3D Direction',(-1.,0.,0.)) ;
#2080=DIRECTION('Axis2P3D Direction',(0.,0.,1.)) ;
#2081=DIRECTION('Axis2P3D XDirection',(1.,0.,0.)) ;
#2085=DIRECTION('Vector Direction',(0.,1.,0.)) ;
#2094=DIRECTION('Vector Direction',(1.,0.,0.)) ;
#2101=DIRECTION('Vector Direction',(0.,1.,0.)) ;
#2108=DIRECTION('Vector Direction',(1.,0.,0.)) ;
#2115=DIRECTION('Vector Direction',(0.,1.,0.)) ;
#2122=DIRECTION('Axis2P3D Direction',(0.,0.,1.)) ;
#2129=DIRECTION('Axis2P3D Direction',(0.,0.,1.)) ;
#2144=DIRECTION('Axis2P3D Direction',(-0.,0.,1.)) ;
#2145=DIRECTION('Axis2P3D XDirection',(-2.732856676E-016,-1.,0.)) ;
#2149=DIRECTION('Axis2P3D Direction',(-0.,0.,1.)) ;
#2158=DIRECTION('Axis2P3D Direction',(-0.,0.,1.)) ;
#2165=DIRECTION('Axis2P3D Direction',(0.87758256189,0.479425538604,0.)) ;
#2170=DIRECTION('Axis2P3D Direction',(-0.,0.,1.)) ;
#2177=DIRECTION('Axis2P3D Direction',(-0.,0.,1.)) ;
#2182=DIRECTION('Axis2P3D Direction',(1.,-3.95750347515E-016,0.)) ;
#2197=DIRECTION('Axis2P3D Direction',(-0.,0.,1.)) ;
#2198=DIRECTION('Axis2P3D XDirection',(-4.782499183E-016,1.,0.)) ;
#2202=DIRECTION('Axis2P3D Direction',(-0.,0.,1.)) ;
#2214=DIRECTION('Axis2P3D Direction',(0.,0.,1.)) ;
#2215=DIRECTION('Axis2P3D XDirection',(-0.479425538604,0.87758256189,0.)) ;
#2219=DIRECTION('Vector Direction',(0.,0.,1.)) ;
#2226=DIRECTION('Axis2P3D Direction',(0.,0.,1.)) ;
#2233=DIRECTION('Vector Direction',(0.,0.,1.)) ;
#2245=DIRECTION('Axis2P3D Direction',(0.,0.,1.)) ;
#2258=DIRECTION('Vector Direction',(-1.,0.,0.)) ;
#2267=DIRECTION('Axis2P3D Direction',(-1.,0.,0.)) ;
#2274=DIRECTION('Vector Direction',(-1.,0.,0.)) ;
#2281=DIRECTION('Axis2P3D Direction',(-1.,0.,0.)) ;
#2293=DIRECTION('Axis2P3D Direction',(-1.,0.,0.)) ;
#2298=DIRECTION('Axis2P3D Direction',(-1.,0.,0.)) ;
#2310=DIRECTION('Axis2P3D Direction',(0.,0.,1.)) ;
#2311=DIRECTION('Axis2P3D XDirection',(1.,0.,0.)) ;
#2315=DIRECTION('Axis2P3D Direction',(0.,0.,1.)) ;
#2324=DIRECTION('Axis2P3D Direction',(0.,0.,1.)) ;
#2334=DIRECTION('Axis2P3D Direction',(0.,0.,1.)) ;
#2335=DIRECTION('Axis2P3D XDirection',(-0.479425538604,0.87758256189,0.)) ;
#2339=DIRECTION('Vector Direction',(0.,0.,1.)) ;
#2346=DIRECTION('Vector Direction',(0.,0.,1.)) ;
#2353=DIRECTION('Axis2P3D Direction',(0.,0.,1.)) ;
#2365=DIRECTION('Axis2P3D Direction',(0.,0.,1.)) ;
#2377=DIRECTION('Axis2P3D Direction',(0.,0.,1.)) ;
#2378=DIRECTION('Axis2P3D XDirection',(1.,0.,0.)) ;
#2391=DIRECTION('Vector Direction',(-1.,0.,0.)) ;
#2398=DIRECTION('Vector Direction',(0.,1.,0.)) ;
#2405=DIRECTION('Vector Direction',(-1.,0.,0.)) ;
#2420=DIRECTION('Axis2P3D Direction',(-0.,0.,1.)) ;
#2421=DIRECTION('Axis2P3D XDirection',(1.,-0.,0.)) ;
#2425=DIRECTION('Vector Direction',(0.,1.,0.)) ;
#2434=DIRECTION('Vector Direction',(1.,0.,0.)) ;
#2441=DIRECTION('Vector Direction',(0.,1.,0.)) ;
#2448=DIRECTION('Vector Direction',(1.,0.,0.)) ;
#2460=DIRECTION('Vector Direction',(-1.,0.,0.)) ;
#2467=DIRECTION('Vector Direction',(0.,1.,0.)) ;
#2474=DIRECTION('Vector Direction',(-1.,0.,0.)) ;
#2486=DIRECTION('Axis2P3D Direction',(-1.,0.,0.)) ;
#2487=DIRECTION('Axis2P3D XDirection',(-0.,1.83690953073E-016,-1.)) ;
#2491=DIRECTION('Axis2P3D Direction',(-1.,0.,0.)) ;
#2500=DIRECTION('Vector Direction',(-1.,0.,0.)) ;
#2507=DIRECTION('Axis2P3D Direction',(-1.,0.,0.)) ;
#2514=DIRECTION('Vector Direction',(-1.,0.,0.)) ;
#2526=DIRECTION('Axis2P3D Direction',(0.,1.,0.)) ;
#2527=DIRECTION('Axis2P3D XDirection',(-1.,0.,0.)) ;
#2531=DIRECTION('Vector Direction',(1.,0.,0.)) ;
#2540=DIRECTION('Vector Direction',(0.,0.,1.)) ;
#2545=DIRECTION('Vector Direction',(0.,0.,1.)) ;
#2550=DIRECTION('Vector Direction',(0.,0.,-1.)) ;
#2555=DIRECTION('Vector Direction',(0.,0.,-1.)) ;
#2573=DIRECTION('Axis2P3D Direction',(1.,0.,0.)) ;
#2574=DIRECTION('Axis2P3D XDirection',(0.,-1.,0.)) ;
#2578=DIRECTION('Axis2P3D Direction',(1.,0.,0.)) ;
#2585=DIRECTION('Vector Direction',(1.,0.,0.)) ;
#2592=DIRECTION('Axis2P3D Direction',(1.,0.,0.)) ;
#2604=DIRECTION('Axis2P3D Direction',(-1.,0.,0.)) ;
#2605=DIRECTION('Axis2P3D XDirection',(0.,0.,1.)) ;
#2609=DIRECTION('Axis2P3D Direction',(-1.,0.,0.)) ;
#2616=DIRECTION('Vector Direction',(0.,0.,1.)) ;
#2633=DIRECTION('Axis2P3D Direction',(1.,0.,-0.)) ;
#2634=DIRECTION('Axis2P3D XDirection',(-0.,0.,-1.)) ;
#2638=DIRECTION('Axis2P3D Direction',(1.,0.,-0.)) ;
#2645=DIRECTION('Vector Direction',(0.,0.,-1.)) ;
#2662=DIRECTION('Axis2P3D Direction',(1.,0.,0.)) ;
#2663=DIRECTION('Axis2P3D XDirection',(0.,0.,-1.)) ;
#2667=DIRECTION('Vector Direction',(1.,0.,0.)) ;
#2679=DIRECTION('Axis2P3D Direction',(-1.,0.,0.)) ;
#2680=DIRECTION('Axis2P3D XDirection',(0.,0.,1.)) ;
#2684=DIRECTION('Vector Direction',(0.,0.,1.)) ;
#2691=DIRECTION('Axis2P3D Direction',(-1.,0.,0.)) ;
#2708=DIRECTION('Axis2P3D Direction',(1.,0.,-0.)) ;
#2709=DIRECTION('Axis2P3D XDirection',(-0.,0.,-1.)) ;
#2713=DIRECTION('Vector Direction',(0.,0.,-1.)) ;
#2720=DIRECTION('Axis2P3D Direction',(1.,0.,-0.)) ;
#2737=DIRECTION('Axis2P3D Direction',(0.,1.,0.)) ;
#2738=DIRECTION('Axis2P3D XDirection',(-1.,0.,0.)) ;
#2742=DIRECTION('Vector Direction',(-1.,0.,0.)) ;
#2760=DIRECTION('Axis2P3D Direction',(-1.,0.,0.)) ;
#2761=DIRECTION('Axis2P3D XDirection',(0.,1.,1.83690953073E-016)) ;
#2783=DIRECTION('NONE',(1.,0.,0.)) ;
#2784=DIRECTION('NONE',(0.,0.,1.)) ;
#2785=DIRECTION('NONE',(1.,0.,0.)) ;
#2786=DIRECTION('NONE',(0.,0.,1.)) ;
#2799=DIRECTION('Axis2P3D Direction',(0.,1.,0.)) ;
#2800=DIRECTION('Axis2P3D XDirection',(-1.,0.,0.)) ;
#2804=DIRECTION('Axis2P3D Direction',(0.,1.,0.)) ;
#2813=DIRECTION('Vector Direction',(0.,1.,0.)) ;
#2820=DIRECTION('Axis2P3D Direction',(0.,1.,0.)) ;
#2827=DIRECTION('Vector Direction',(0.,1.,0.)) ;
#2839=DIRECTION('Axis2P3D Direction',(0.,1.,0.)) ;
#2844=DIRECTION('Axis2P3D Direction',(0.,1.,0.)) ;
#2856=DIRECTION('Axis2P3D Direction',(-0.,0.,1.)) ;
#2857=DIRECTION('Axis2P3D XDirection',(0.,-1.,0.)) ;
#2861=DIRECTION('Vector Direction',(1.,0.,0.)) ;
#2870=DIRECTION('Vector Direction',(0.,-1.,0.)) ;
#2877=DIRECTION('Vector Direction',(1.,0.,0.)) ;
#2884=DIRECTION('Vector Direction',(0.,-1.,0.)) ;
#2896=DIRECTION('Axis2P3D Direction',(0.,0.,1.)) ;
#2897=DIRECTION('Axis2P3D XDirection',(1.,0.,0.)) ;
#2901=DIRECTION('Axis2P3D Direction',(0.,0.,1.)) ;
#2910=DIRECTION('Axis2P3D Direction',(0.,0.,1.)) ;
#2920=DIRECTION('Axis2P3D Direction',(0.,0.,1.)) ;
#2921=DIRECTION('Axis2P3D XDirection',(-0.479425538604,0.87758256189,0.)) ;
#2925=DIRECTION('Vector Direction',(0.,0.,1.)) ;
#2932=DIRECTION('Vector Direction',(0.,0.,1.)) ;
#2939=DIRECTION('Axis2P3D Direction',(0.,0.,1.)) ;
#2951=DIRECTION('Axis2P3D Direction',(0.,0.,1.)) ;
#2963=DIRECTION('Vector Direction',(0.,1.,0.)) ;
#2972=DIRECTION('Axis2P3D Direction',(0.,1.,0.)) ;
#2979=DIRECTION('Vector Direction',(0.,1.,0.)) ;
#2986=DIRECTION('Axis2P3D Direction',(0.,1.,0.)) ;
#2998=DIRECTION('Axis2P3D Direction',(0.,1.,0.)) ;
#3003=DIRECTION('Axis2P3D Direction',(0.,1.,0.)) ;
#3015=DIRECTION('Axis2P3D Direction',(0.,0.,1.)) ;
#3016=DIRECTION('Axis2P3D XDirection',(0.479425538604,-0.87758256189,0.)) ;
#3020=DIRECTION('Axis2P3D Direction',(0.,0.,1.)) ;
#3029=DIRECTION('Axis2P3D Direction',(-0.87758256189,-0.479425538604,0.)) ;
#3034=DIRECTION('Axis2P3D Direction',(0.87758256189,0.479425538604,-0.)) ;
#3046=DIRECTION('Axis2P3D Direction',(0.,-0.,1.)) ;
#3047=DIRECTION('Axis2P3D XDirection',(-0.479425538604,0.87758256189,0.)) ;
#3051=DIRECTION('Axis2P3D Direction',(0.,-0.,1.)) ;
#3063=DIRECTION('Axis2P3D Direction',(0.,0.,1.)) ;
#3064=DIRECTION('Axis2P3D XDirection',(1.,0.,0.)) ;
#3068=DIRECTION('Vector Direction',(1.,0.,0.)) ;
#3077=DIRECTION('Vector Direction',(0.,1.,0.)) ;
#3084=DIRECTION('Vector Direction',(1.,0.,0.)) ;
#3091=DIRECTION('Vector Direction',(0.,1.,0.)) ;
#3107=DIRECTION('Axis2P3D Direction',(0.,-1.,0.)) ;
#3108=DIRECTION('Axis2P3D XDirection',(1.,-0.,-1.83690953073E-016)) ;
#3112=DIRECTION('Axis2P3D Direction',(0.,-1.,0.)) ;
#3121=DIRECTION('Vector Direction',(0.,-1.,0.)) ;
#3128=DIRECTION('Axis2P3D Direction',(0.,-1.,0.)) ;
#3135=DIRECTION('Vector Direction',(0.,-1.,0.)) ;
#3147=DIRECTION('Axis2P3D Direction',(1.,0.,0.)) ;
#3148=DIRECTION('Axis2P3D XDirection',(0.,1.,0.)) ;
#3152=DIRECTION('Vector Direction',(0.,0.,-1.)) ;
#3159=DIRECTION('Vector Direction',(0.,0.,1.)) ;
#3164=DIRECTION('Vector Direction',(0.,0.,-1.)) ;
#3169=DIRECTION('Vector Direction',(0.,0.,1.)) ;
#3176=DIRECTION('Vector Direction',(0.,-1.,0.)) ;
#3192=DIRECTION('Axis2P3D Direction',(0.,-1.,0.)) ;
#3193=DIRECTION('Axis2P3D XDirection',(1.,-0.,-1.83690953073E-016)) ;
#3197=DIRECTION('Axis2P3D Direction',(0.,-1.,0.)) ;
#3204=DIRECTION('Axis2P3D Direction',(0.,-1.,0.)) ;
#3211=DIRECTION('Vector Direction',(0.,-1.,0.)) ;
#3223=DIRECTION('Axis2P3D Direction',(0.,1.,0.)) ;
#3224=DIRECTION('Axis2P3D XDirection',(0.,0.,1.)) ;
#3228=DIRECTION('Vector Direction',(0.,0.,1.)) ;
#3235=DIRECTION('Axis2P3D Direction',(0.,1.,0.)) ;
#3252=DIRECTION('Axis2P3D Direction',(0.,-1.,0.)) ;
#3253=DIRECTION('Axis2P3D XDirection',(0.,0.,-1.)) ;
#3257=DIRECTION('Vector Direction',(0.,0.,-1.)) ;
#3264=DIRECTION('Axis2P3D Direction',(0.,-1.,0.)) ;
#3281=DIRECTION('Axis2P3D Direction',(0.,-1.,0.)) ;
#3282=DIRECTION('Axis2P3D XDirection',(1.83690953073E-016,0.,1.)) ;
#3286=DIRECTION('Vector Direction',(0.,-1.,0.)) ;
#3298=DIRECTION('Axis2P3D Direction',(0.,1.,0.)) ;
#3299=DIRECTION('Axis2P3D XDirection',(0.,0.,1.)) ;
#3303=DIRECTION('Vector Direction',(0.,0.,1.)) ;
#3310=DIRECTION('Axis2P3D Direction',(0.,1.,0.)) ;
#3327=DIRECTION('Axis2P3D Direction',(0.,-1.,0.)) ;
#3328=DIRECTION('Axis2P3D XDirection',(0.,0.,-1.)) ;
#3332=DIRECTION('Vector Direction',(0.,0.,-1.)) ;
#3339=DIRECTION('Axis2P3D Direction',(0.,-1.,0.)) ;
#3356=DIRECTION('Axis2P3D Direction',(1.,0.,0.)) ;
#3357=DIRECTION('Axis2P3D XDirection',(0.,1.,0.)) ;
#3361=DIRECTION('Vector Direction',(0.,-1.,0.)) ;
#3377=DIRECTION('Axis2P3D Direction',(0.,-1.,0.)) ;
#3378=DIRECTION('Axis2P3D XDirection',(1.83690953073E-016,0.,1.)) ;
#3400=DIRECTION('NONE',(1.,0.,0.)) ;
#3401=DIRECTION('NONE',(0.,0.,1.)) ;
#3402=DIRECTION('NONE',(0.,-1.,0.)) ;
#3403=DIRECTION('NONE',(0.,0.,1.)) ;
#3413=DIRECTION('NONE',(1.,0.,0.)) ;
#3414=DIRECTION('NONE',(0.,0.,1.)) ;
#3415=DIRECTION('NONE',(1.,0.,0.)) ;
#3416=DIRECTION('NONE',(0.,-0.999999998534,5.41490774641E-005)) ;
#3429=DIRECTION('Axis2P3D Direction',(1.,0.,0.)) ;
#3430=DIRECTION('Axis2P3D XDirection',(0.,1.,0.)) ;
#3434=DIRECTION('Vector Direction',(1.,0.,0.)) ;
#3443=DIRECTION('Axis2P3D Direction',(1.,0.,0.)) ;
#3450=DIRECTION('Vector Direction',(1.,0.,0.)) ;
#3457=DIRECTION('Axis2P3D Direction',(1.,0.,0.)) ;
#3469=DIRECTION('Axis2P3D Direction',(1.,0.,0.)) ;
#3474=DIRECTION('Axis2P3D Direction',(1.,0.,0.)) ;
#3486=DIRECTION('Axis2P3D Direction',(1.,0.,0.)) ;
#3487=DIRECTION('Axis2P3D XDirection',(0.,1.,0.)) ;
#3496=DIRECTION('Axis2P3D Direction',(1.,0.,0.)) ;
#3497=DIRECTION('Axis2P3D XDirection',(0.,1.,0.)) ;
#3517=DIRECTION('NONE',(1.,0.,0.)) ;
#3518=DIRECTION('NONE',(0.,0.,1.)) ;
#3519=DIRECTION('NONE',(1.,0.,0.)) ;
#3520=DIRECTION('NONE',(0.,0.,1.)) ;
#3532=DIRECTION('NONE',(1.,0.,0.)) ;
#3533=DIRECTION('NONE',(0.,0.,1.)) ;
#3534=DIRECTION('NONE',(1.,0.,0.)) ;
#3535=DIRECTION('NONE',(0.,0.,1.)) ;
#3548=DIRECTION('Axis2P3D Direction',(1.,0.,0.)) ;
#3549=DIRECTION('Axis2P3D XDirection',(0.,1.,0.)) ;
#3553=DIRECTION('Axis2P3D Direction',(1.,0.,0.)) ;
#3562=DIRECTION('Axis2P3D Direction',(1.,0.,0.)) ;
#3571=DIRECTION('Axis2P3D Direction',(1.,0.,0.)) ;
#3580=DIRECTION('Axis2P3D Direction',(1.,0.,0.)) ;
#3590=DIRECTION('Axis2P3D Direction',(1.,0.,0.)) ;
#3591=DIRECTION('Axis2P3D XDirection',(0.,1.,0.)) ;
#3595=DIRECTION('Axis2P3D Direction',(1.,0.,0.)) ;
#3604=DIRECTION('Axis2P3D Direction',(1.,0.,0.)) ;
#3614=DIRECTION('Axis2P3D Direction',(1.,0.,0.)) ;
#3615=DIRECTION('Axis2P3D XDirection',(0.,1.,0.)) ;
#3619=DIRECTION('Vector Direction',(1.,0.,0.)) ;
#3624=DIRECTION('Vector Direction',(1.,0.,0.)) ;
#3643=DIRECTION('Axis2P3D Direction',(1.,0.,0.)) ;
#3644=DIRECTION('Axis2P3D XDirection',(0.,1.,0.)) ;
#3648=DIRECTION('Vector Direction',(1.,0.,0.)) ;
#3655=DIRECTION('Axis2P3D Direction',(1.,0.,0.)) ;
#3662=DIRECTION('Vector Direction',(1.,0.,0.)) ;
#3674=DIRECTION('Axis2P3D Direction',(1.,0.,0.)) ;
#3686=DIRECTION('Axis2P3D Direction',(1.,0.,0.)) ;
#3687=DIRECTION('Axis2P3D XDirection',(0.,1.,0.)) ;
#3691=DIRECTION('Axis2P3D Direction',(1.,0.,0.)) ;
#3700=DIRECTION('Vector Direction',(0.,-1.,0.)) ;
#3707=DIRECTION('Axis2P3D Direction',(1.,0.,0.)) ;
#3714=DIRECTION('Vector Direction',(0.,1.,0.)) ;
#3721=DIRECTION('Axis2P3D Direction',(1.,0.,0.)) ;
#3728=DIRECTION('Vector Direction',(0.,0.484809620246,-0.874619707139)) ;
#3735=DIRECTION('Vector Direction',(0.,0.874619707139,0.484809620246)) ;
#3742=DIRECTION('Vector Direction',(0.,0.484809620246,-0.874619707139)) ;
#3749=DIRECTION('Axis2P3D Direction',(1.,0.,0.)) ;
#3756=DIRECTION('Vector Direction',(0.,1.,0.)) ;
#3777=DIRECTION('Axis2P3D Direction',(1.,0.,0.)) ;
#3786=DIRECTION('Axis2P3D Direction',(1.,0.,0.)) ;
#3796=DIRECTION('Axis2P3D Direction',(1.,0.,0.)) ;
#3797=DIRECTION('Axis2P3D XDirection',(0.,6.12303176911E-017,1.)) ;
#3801=DIRECTION('Vector Direction',(1.,0.,0.)) ;
#3808=DIRECTION('Axis2P3D Direction',(1.,0.,0.)) ;
#3815=DIRECTION('Vector Direction',(1.,0.,0.)) ;
#3827=DIRECTION('Axis2P3D Direction',(-0.,0.,1.)) ;
#3828=DIRECTION('Axis2P3D XDirection',(0.,-1.,0.)) ;
#3832=DIRECTION('Vector Direction',(0.,-1.,0.)) ;
#3839=DIRECTION('Vector Direction',(1.,0.,0.)) ;
#3851=DIRECTION('Axis2P3D Direction',(1.,0.,0.)) ;
#3852=DIRECTION('Axis2P3D XDirection',(-0.,-1.83690953073E-016,-1.)) ;
#3856=DIRECTION('Axis2P3D Direction',(1.,0.,0.)) ;
#3863=DIRECTION('Vector Direction',(1.,0.,0.)) ;
#3875=DIRECTION('Axis2P3D Direction',(0.,0.,-1.)) ;
#3876=DIRECTION('Axis2P3D XDirection',(0.,1.,0.)) ;
#3880=DIRECTION('Vector Direction',(0.,1.,0.)) ;
#3887=DIRECTION('Vector Direction',(1.,0.,0.)) ;
#3899=DIRECTION('Axis2P3D Direction',(1.,0.,0.)) ;
#3900=DIRECTION('Axis2P3D XDirection',(-0.,-0.874619707139,-0.484809620246)) ;
#3904=DIRECTION('Axis2P3D Direction',(1.,0.,0.)) ;
#3911=DIRECTION('Vector Direction',(1.,0.,0.)) ;
#3923=DIRECTION('Axis2P3D Direction',(0.,-0.874619707139,-0.484809620246)) ;
#3924=DIRECTION('Axis2P3D XDirection',(0.,0.484809620246,-0.874619707139)) ;
#3928=DIRECTION('Vector Direction',(0.,0.484809620246,-0.874619707139)) ;
#3935=DIRECTION('Vector Direction',(1.,0.,0.)) ;
#3947=DIRECTION('Axis2P3D Direction',(0.,0.484809620246,-0.874619707139)) ;
#3948=DIRECTION('Axis2P3D XDirection',(0.,0.874619707139,0.484809620246)) ;
#3952=DIRECTION('Vector Direction',(0.,0.874619707139,0.484809620246)) ;
#3959=DIRECTION('Vector Direction',(1.,0.,0.)) ;
#3971=DIRECTION('Axis2P3D Direction',(0.,-0.874619707139,-0.484809620246)) ;
#3972=DIRECTION('Axis2P3D XDirection',(0.,0.484809620246,-0.874619707139)) ;
#3976=DIRECTION('Vector Direction',(0.,0.484809620246,-0.874619707139)) ;
#3983=DIRECTION('Vector Direction',(1.,0.,0.)) ;
#3995=DIRECTION('Axis2P3D Direction',(1.,0.,0.)) ;
#3996=DIRECTION('Axis2P3D XDirection',(0.,4.25720114543E-015,-1.)) ;
#4000=DIRECTION('Axis2P3D Direction',(1.,0.,0.)) ;
#4007=DIRECTION('Vector Direction',(1.,0.,0.)) ;
#4019=DIRECTION('Vector Direction',(0.,1.,0.)) ;
#4031=DIRECTION('Axis2P3D Direction',(1.,0.,0.)) ;
#4032=DIRECTION('Axis2P3D XDirection',(0.,1.,0.)) ;
#4036=DIRECTION('Vector Direction',(1.,0.,0.)) ;
#4043=DIRECTION('Axis2P3D Direction',(1.,0.,0.)) ;
#4050=DIRECTION('Vector Direction',(1.,0.,0.)) ;
#4062=DIRECTION('Axis2P3D Direction',(1.,0.,0.)) ;
#4074=DIRECTION('Axis2P3D Direction',(1.,0.,0.)) ;
#4075=DIRECTION('Axis2P3D XDirection',(0.,1.,0.)) ;
#4107=DIRECTION('NONE',(1.,0.,0.)) ;
#4108=DIRECTION('NONE',(0.,0.,1.)) ;
#4109=DIRECTION('NONE',(1.,0.,0.)) ;
#4110=DIRECTION('NONE',(0.,0.,1.)) ;
#4123=DIRECTION('Axis2P3D Direction',(1.,0.,-0.)) ;
#4124=DIRECTION('Axis2P3D XDirection',(-0.,0.285204953029,-0.958466553808)) ;
#4128=DIRECTION('Vector Direction',(0.,0.285204953029,-0.958466553808)) ;
#4137=DIRECTION('Vector Direction',(0.,-0.958466553808,-0.285204953029)) ;
#4144=DIRECTION('Vector Direction',(0.,0.285204953029,-0.958466553808)) ;
#4151=DIRECTION('Vector Direction',(0.,-0.958466553808,-0.285204953029)) ;
#4163=DIRECTION('Axis2P3D Direction',(0.,0.958466553808,0.285204953029)) ;
#4164=DIRECTION('Axis2P3D XDirection',(1.83690953073E-016,0.285204953029,-0.958466553808)) ;
#4168=DIRECTION('Axis2P3D Direction',(0.,0.958466553808,0.285204953029)) ;
#4175=DIRECTION('Axis2P3D Direction',(0.,0.958466553808,0.285204953029)) ;
#4182=DIRECTION('Vector Direction',(0.,0.958466553808,0.285204953029)) ;
#4194=DIRECTION('Axis2P3D Direction',(0.,0.958466553808,0.285204953029)) ;
#4195=DIRECTION('Axis2P3D XDirection',(-1.,0.,0.)) ;
#4199=DIRECTION('Vector Direction',(1.,0.,0.)) ;
#4206=DIRECTION('Vector Direction',(0.,-0.285204953029,0.958466553808)) ;
#4213=DIRECTION('Vector Direction',(-1.,0.,0.)) ;
#4220=DIRECTION('Vector Direction',(0.,0.285204953029,-0.958466553808)) ;
#4234=DIRECTION('Axis2P3D Direction',(0.,0.958466553808,0.285204953029)) ;
#4235=DIRECTION('Axis2P3D XDirection',(-1.,0.,0.)) ;
#4239=DIRECTION('Vector Direction',(0.,0.285204953029,-0.958466553808)) ;
#4246=DIRECTION('Vector Direction',(-1.,0.,0.)) ;
#4253=DIRECTION('Vector Direction',(0.,-0.285204953029,0.958466553808)) ;
#4260=DIRECTION('Vector Direction',(1.,0.,0.)) ;
#4274=DIRECTION('Vector Direction',(0.,-0.958466553808,-0.285204953029)) ;
#4286=DIRECTION('Axis2P3D Direction',(0.,-0.285204953029,0.958466553808)) ;
#4287=DIRECTION('Axis2P3D XDirection',(-0.,-0.958466553808,-0.285204953029)) ;
#4291=DIRECTION('Vector Direction',(0.,-0.958466553808,-0.285204953029)) ;
#4303=DIRECTION('Vector Direction',(0.,0.958466553808,0.285204953029)) ;
#4312=DIRECTION('Vector Direction',(0.,0.285204953029,-0.958466553808)) ;
#4319=DIRECTION('Vector Direction',(0.,0.958466553808,0.285204953029)) ;
#4326=DIRECTION('Vector Direction',(0.,0.285204953029,-0.958466553808)) ;
#4338=DIRECTION('Vector Direction',(0.,0.958466553808,0.285204953029)) ;
#4347=DIRECTION('Axis2P3D Direction',(0.,0.958466553808,0.285204953029)) ;
#4352=DIRECTION('Axis2P3D Direction',(0.,0.958466553808,0.285204953029)) ;
#4364=DIRECTION('Axis2P3D Direction',(0.,0.958466553808,0.285204953029)) ;
#4365=DIRECTION('Axis2P3D XDirection',(-1.,-0.,0.)) ;
#4369=DIRECTION('Vector Direction',(0.,0.285204953029,-0.958466553808)) ;
#4376=DIRECTION('Vector Direction',(-1.,0.,0.)) ;
#4383=DIRECTION('Vector Direction',(0.,-0.285204953029,0.958466553808)) ;
#4390=DIRECTION('Vector Direction',(1.,0.,0.)) ;
#4404=DIRECTION('Axis2P3D Direction',(0.,0.958466553808,0.285204953029)) ;
#4405=DIRECTION('Axis2P3D XDirection',(-1.,-0.,0.)) ;
#4409=DIRECTION('Vector Direction',(1.,0.,0.)) ;
#4416=DIRECTION('Vector Direction',(0.,-0.285204953029,0.958466553808)) ;
#4423=DIRECTION('Vector Direction',(-1.,0.,0.)) ;
#4430=DIRECTION('Vector Direction',(0.,0.285204953029,-0.958466553808)) ;
#4444=DIRECTION('Vector Direction',(0.,0.958466553808,0.285204953029)) ;
#4456=DIRECTION('Axis2P3D Direction',(1.,0.,0.)) ;
#4457=DIRECTION('Axis2P3D XDirection',(0.,1.,0.)) ;
#4461=DIRECTION('Vector Direction',(0.,0.958466553808,0.285204953029)) ;
#4468=DIRECTION('Vector Direction',(0.,0.958466553808,0.285204953029)) ;
#4475=DIRECTION('Vector Direction',(0.,-0.285204953029,0.958466553808)) ;
#4482=DIRECTION('Vector Direction',(0.,-0.958466553808,-0.285204953029)) ;
#4489=DIRECTION('Vector Direction',(0.,-0.0378991448404,0.999281569339)) ;
#4496=DIRECTION('Vector Direction',(0.,1.,0.)) ;
#4503=DIRECTION('Vector Direction',(0.,-0.043467453231,-0.999054843594)) ;
#4510=DIRECTION('Vector Direction',(0.,-0.958466553808,-0.285204953029)) ;
#4517=DIRECTION('Vector Direction',(0.,0.285204953029,-0.958466553808)) ;
#4524=DIRECTION('Vector Direction',(0.,-0.958466553808,-0.285204953029)) ;
#4531=DIRECTION('Vector Direction',(0.,0.958466553808,0.285204953029)) ;
#4536=DIRECTION('Vector Direction',(0.,0.958466553808,0.285204953029)) ;
#4541=DIRECTION('Vector Direction',(0.,0.958466553808,0.285204953029)) ;
#4566=DIRECTION('Vector Direction',(0.,-1.,1.36657946972E-016)) ;
#4575=DIRECTION('Vector Direction',(0.,-0.0378991448404,0.999281569339)) ;
#4582=DIRECTION('Vector Direction',(0.,0.958466553808,0.285204953029)) ;
#4589=DIRECTION('Vector Direction',(0.,-0.043467453231,-0.999054843594)) ;
#4608=DIRECTION('Axis2P3D Direction',(-0.,0.958466553808,0.285204953029)) ;
#4609=DIRECTION('Axis2P3D XDirection',(0.,-0.285204953029,0.958466553808)) ;
#4613=DIRECTION('Vector Direction',(1.,0.,0.)) ;
#4620=DIRECTION('Vector Direction',(1.,0.,0.)) ;
#4627=DIRECTION('Vector Direction',(0.,0.285204953029,-0.958466553808)) ;
#4639=DIRECTION('Axis2P3D Direction',(-1.,-0.,0.)) ;
#4640=DIRECTION('Axis2P3D XDirection',(0.,-1.,-0.)) ;
#4644=DIRECTION('Vector Direction',(0.,-0.958466553808,-0.285204953029)) ;
#4651=DIRECTION('Vector Direction',(0.,-0.285204953029,0.958466553808)) ;
#4658=DIRECTION('Vector Direction',(0.,0.958466553808,0.285204953029)) ;
#4670=DIRECTION('Axis2P3D Direction',(0.,-0.958466553808,-0.285204953029)) ;
#4671=DIRECTION('Axis2P3D XDirection',(0.,0.285204953029,-0.958466553808)) ;
#4675=DIRECTION('Vector Direction',(1.,0.,0.)) ;
#4680=DIRECTION('Vector Direction',(1.,0.,0.)) ;
#4692=DIRECTION('Vector Direction',(1.,0.,0.)) ;
#4699=DIRECTION('Vector Direction',(0.,0.958466553808,0.285204953029)) ;
#4706=DIRECTION('Vector Direction',(1.,0.,0.)) ;
#4722=DIRECTION('Axis2P3D Direction',(-0.,0.999281569339,0.0378991448404)) ;
#4723=DIRECTION('Axis2P3D XDirection',(0.,-0.0378991448404,0.999281569339)) ;
#4727=DIRECTION('Vector Direction',(0.,-0.0378991448404,0.999281569339)) ;
#4734=DIRECTION('Vector Direction',(1.,0.,0.)) ;
#4746=DIRECTION('Axis2P3D Direction',(0.,0.,-1.)) ;
#4747=DIRECTION('Axis2P3D XDirection',(0.,1.,0.)) ;
#4751=DIRECTION('Vector Direction',(0.,1.,0.)) ;
#4758=DIRECTION('Vector Direction',(1.,0.,0.)) ;
#4770=DIRECTION('Axis2P3D Direction',(0.,-0.999054843594,0.043467453231)) ;
#4771=DIRECTION('Axis2P3D XDirection',(-0.,-0.043467453231,-0.999054843594)) ;
#4775=DIRECTION('Vector Direction',(0.,-0.043467453231,-0.999054843594)) ;
#4787=DIRECTION('Axis2P3D Direction',(-0.,1.36657946972E-016,1.)) ;
#4788=DIRECTION('Axis2P3D XDirection',(0.,-1.,1.36657946972E-016)) ;
#4792=DIRECTION('Vector Direction',(1.,0.,0.)) ;
#4799=DIRECTION('Vector Direction',(0.,-1.,1.36657946972E-016)) ;
#4806=DIRECTION('Vector Direction',(1.,0.,0.)) ;
#4818=DIRECTION('Axis2P3D Direction',(-0.,0.999281569339,0.0378991448404)) ;
#4819=DIRECTION('Axis2P3D XDirection',(0.,-0.0378991448404,0.999281569339)) ;
#4823=DIRECTION('Vector Direction',(0.,-0.0378991448404,0.999281569339)) ;
#4830=DIRECTION('Vector Direction',(1.,0.,0.)) ;
#4842=DIRECTION('Axis2P3D Direction',(0.,0.285204953029,-0.958466553808)) ;
#4843=DIRECTION('Axis2P3D XDirection',(0.,0.958466553808,0.285204953029)) ;
#4847=DIRECTION('Vector Direction',(0.,0.958466553808,0.285204953029)) ;
#4854=DIRECTION('Vector Direction',(1.,0.,0.)) ;
#4866=DIRECTION('Axis2P3D Direction',(0.,-0.999054843594,0.043467453231)) ;
#4867=DIRECTION('Axis2P3D XDirection',(-0.,-0.043467453231,-0.999054843594)) ;
#4871=DIRECTION('Vector Direction',(0.,-0.043467453231,-0.999054843594)) ;
#4883=DIRECTION('Axis2P3D Direction',(1.,0.,0.)) ;
#4884=DIRECTION('Axis2P3D XDirection',(0.,1.,0.)) ;
#4901=DIRECTION('Axis2P3D Direction',(0.,-0.285204953029,0.958466553808)) ;
#4902=DIRECTION('Axis2P3D XDirection',(-0.,-0.958466553808,-0.285204953029)) ;
#4934=DIRECTION('NONE',(1.,0.,0.)) ;
#4935=DIRECTION('NONE',(0.,0.,1.)) ;
#4936=DIRECTION('NONE',(1.,0.,0.)) ;
#4937=DIRECTION('NONE',(0.,0.,1.)) ;
#4950=DIRECTION('Axis2P3D Direction',(1.,0.,0.)) ;
#4951=DIRECTION('Axis2P3D XDirection',(0.,1.,0.)) ;
#4955=DIRECTION('Vector Direction',(1.,0.,0.)) ;
#4964=DIRECTION('Axis2P3D Direction',(1.,0.,0.)) ;
#4971=DIRECTION('Vector Direction',(1.,0.,0.)) ;
#4978=DIRECTION('Axis2P3D Direction',(1.,0.,0.)) ;
#4990=DIRECTION('Axis2P3D Direction',(1.,0.,0.)) ;
#4995=DIRECTION('Axis2P3D Direction',(1.,0.,0.)) ;
#5007=DIRECTION('Axis2P3D Direction',(1.,0.,0.)) ;
#5008=DIRECTION('Axis2P3D XDirection',(0.,1.,0.)) ;
#5017=DIRECTION('Axis2P3D Direction',(1.,0.,0.)) ;
#5018=DIRECTION('Axis2P3D XDirection',(0.,1.,0.)) ;
#5038=DIRECTION('NONE',(1.,0.,0.)) ;
#5039=DIRECTION('NONE',(0.,0.,1.)) ;
#5040=DIRECTION('NONE',(-5.55111512313E-017,-0.958466553808,-0.285204953029)) ;
#5041=DIRECTION('NONE',(0.0576203122652,-0.284731104859,0.956874128368)) ;
#5054=DIRECTION('Axis2P3D Direction',(1.,0.,0.)) ;
#5055=DIRECTION('Axis2P3D XDirection',(0.,1.,0.)) ;
#5059=DIRECTION('Vector Direction',(1.,0.,0.)) ;
#5068=DIRECTION('Axis2P3D Direction',(1.,0.,0.)) ;
#5075=DIRECTION('Vector Direction',(1.,0.,0.)) ;
#5082=DIRECTION('Axis2P3D Direction',(1.,0.,0.)) ;
#5094=DIRECTION('Axis2P3D Direction',(1.,0.,0.)) ;
#5099=DIRECTION('Axis2P3D Direction',(1.,0.,0.)) ;
#5111=DIRECTION('Axis2P3D Direction',(1.,0.,0.)) ;
#5112=DIRECTION('Axis2P3D XDirection',(0.,1.,0.)) ;
#5116=DIRECTION('Axis2P3D Direction',(1.,0.,0.)) ;
#5125=DIRECTION('Vector Direction',(1.,0.,0.)) ;
#5132=DIRECTION('Axis2P3D Direction',(1.,0.,0.)) ;
#5139=DIRECTION('Vector Direction',(1.,0.,0.)) ;
#5151=DIRECTION('Axis2P3D Direction',(1.,0.,0.)) ;
#5156=DIRECTION('Axis2P3D Direction',(1.,0.,0.)) ;
#5168=DIRECTION('Axis2P3D Direction',(1.,0.,0.)) ;
#5169=DIRECTION('Axis2P3D XDirection',(0.,1.,0.)) ;
#5182=DIRECTION('Axis2P3D Direction',(1.,0.,0.)) ;
#5183=DIRECTION('Axis2P3D XDirection',(0.,1.,0.)) ;
#5207=DIRECTION('NONE',(1.,0.,0.)) ;
#5208=DIRECTION('NONE',(0.,0.,1.)) ;
#5209=DIRECTION('NONE',(1.,0.,0.)) ;
#5210=DIRECTION('NONE',(0.,0.,1.)) ;
#66=AXIS2_PLACEMENT_3D('Plane Axis2P3D',#63,#64,#65) ;
#70=AXIS2_PLACEMENT_3D('Circle Axis2P3D',#68,#69,$) ;
#79=AXIS2_PLACEMENT_3D('Circle Axis2P3D',#77,#78,$) ;
#88=AXIS2_PLACEMENT_3D('Circle Axis2P3D',#86,#87,$) ;
#97=AXIS2_PLACEMENT_3D('Circle Axis2P3D',#95,#96,$) ;
#108=AXIS2_PLACEMENT_3D('Plane Axis2P3D',#105,#106,#107) ;
#112=AXIS2_PLACEMENT_3D('Circle Axis2P3D',#110,#111,$) ;
#121=AXIS2_PLACEMENT_3D('Circle Axis2P3D',#119,#120,$) ;
#132=AXIS2_PLACEMENT_3D('Cylinder Axis2P3D',#129,#130,#131) ;
#161=AXIS2_PLACEMENT_3D('Cylinder Axis2P3D',#158,#159,#160) ;
#172=AXIS2_PLACEMENT_3D('Circle Axis2P3D',#170,#171,$) ;
#191=AXIS2_PLACEMENT_3D('Circle Axis2P3D',#189,#190,$) ;
#204=AXIS2_PLACEMENT_3D('Plane Axis2P3D',#201,#202,#203) ;
#224=AXIS2_PLACEMENT_3D('Circle Axis2P3D',#222,#223,$) ;
#231=AXIS2_PLACEMENT_3D('Circle Axis2P3D',#229,#230,$) ;
#245=AXIS2_PLACEMENT_3D('Circle Axis2P3D',#243,#244,$) ;
#259=AXIS2_PLACEMENT_3D('Circle Axis2P3D',#257,#258,$) ;
#266=AXIS2_PLACEMENT_3D('Circle Axis2P3D',#264,#265,$) ;
#280=AXIS2_PLACEMENT_3D('Circle Axis2P3D',#278,#279,$) ;
#294=AXIS2_PLACEMENT_3D('Circle Axis2P3D',#292,#293,$) ;
#308=AXIS2_PLACEMENT_3D('Circle Axis2P3D',#306,#307,$) ;
#334=AXIS2_PLACEMENT_3D('Circle Axis2P3D',#332,#333,$) ;
#343=AXIS2_PLACEMENT_3D('Circle Axis2P3D',#341,#342,$) ;
#352=AXIS2_PLACEMENT_3D('Circle Axis2P3D',#350,#351,$) ;
#361=AXIS2_PLACEMENT_3D('Circle Axis2P3D',#359,#360,$) ;
#370=AXIS2_PLACEMENT_3D('Circle Axis2P3D',#368,#369,$) ;
#379=AXIS2_PLACEMENT_3D('Circle Axis2P3D',#377,#378,$) ;
#388=AXIS2_PLACEMENT_3D('Circle Axis2P3D',#386,#387,$) ;
#397=AXIS2_PLACEMENT_3D('Circle Axis2P3D',#395,#396,$) ;
#404=AXIS2_PLACEMENT_3D('Circle Axis2P3D',#402,#403,$) ;
#411=AXIS2_PLACEMENT_3D('Circle Axis2P3D',#409,#410,$) ;
#424=AXIS2_PLACEMENT_3D('Plane Axis2P3D',#421,#422,#423) ;
#474=AXIS2_PLACEMENT_3D('Cylinder Axis2P3D',#471,#472,#473) ;
#478=AXIS2_PLACEMENT_3D('Circle Axis2P3D',#476,#477,$) ;
#498=AXIS2_PLACEMENT_3D('Cylinder Axis2P3D',#495,#496,#497) ;
#502=AXIS2_PLACEMENT_3D('Circle Axis2P3D',#500,#501,$) ;
#522=AXIS2_PLACEMENT_3D('Plane Axis2P3D',#519,#520,#521) ;
#546=AXIS2_PLACEMENT_3D('Cylinder Axis2P3D',#543,#544,#545) ;
#557=AXIS2_PLACEMENT_3D('Circle Axis2P3D',#555,#556,$) ;
#570=AXIS2_PLACEMENT_3D('Plane Axis2P3D',#567,#568,#569) ;
#594=AXIS2_PLACEMENT_3D('Cylinder Axis2P3D',#591,#592,#593) ;
#598=AXIS2_PLACEMENT_3D('Circle Axis2P3D',#596,#597,$) ;
#618=AXIS2_PLACEMENT_3D('Cylinder Axis2P3D',#615,#616,#617) ;
#622=AXIS2_PLACEMENT_3D('Circle Axis2P3D',#620,#621,$) ;
#642=AXIS2_PLACEMENT_3D('Plane Axis2P3D',#639,#640,#641) ;
#666=AXIS2_PLACEMENT_3D('Cylinder Axis2P3D',#663,#664,#665) ;
#677=AXIS2_PLACEMENT_3D('Circle Axis2P3D',#675,#676,$) ;
#690=AXIS2_PLACEMENT_3D('Plane Axis2P3D',#687,#688,#689) ;
#714=AXIS2_PLACEMENT_3D('Cylinder Axis2P3D',#711,#712,#713) ;
#718=AXIS2_PLACEMENT_3D('Circle Axis2P3D',#716,#717,$) ;
#738=AXIS2_PLACEMENT_3D('Plane Axis2P3D',#735,#736,#737) ;
#762=AXIS2_PLACEMENT_3D('Cylinder Axis2P3D',#759,#760,#761) ;
#766=AXIS2_PLACEMENT_3D('Circle Axis2P3D',#764,#765,$) ;
#779=AXIS2_PLACEMENT_3D('Cylinder Axis2P3D',#776,#777,#778) ;
#783=AXIS2_PLACEMENT_3D('Circle Axis2P3D',#781,#782,$) ;
#811=AXIS2_PLACEMENT_3D('Circle Axis2P3D',#809,#810,$) ;
#833=AXIS2_PLACEMENT_3D('Circle Axis2P3D',#831,#832,$) ;
#846=AXIS2_PLACEMENT_3D('Cylinder Axis2P3D',#843,#844,#845) ;
#857=AXIS2_PLACEMENT_3D('Circle Axis2P3D',#855,#856,$) ;
#876=AXIS2_PLACEMENT_3D('Circle Axis2P3D',#874,#875,$) ;
#889=AXIS2_PLACEMENT_3D('Cylinder Axis2P3D',#886,#887,#888) ;
#900=AXIS2_PLACEMENT_3D('Circle Axis2P3D',#898,#899,$) ;
#919=AXIS2_PLACEMENT_3D('Circle Axis2P3D',#917,#918,$) ;
#932=AXIS2_PLACEMENT_3D('Cylinder Axis2P3D',#929,#930,#931) ;
#943=AXIS2_PLACEMENT_3D('Circle Axis2P3D',#941,#942,$) ;
#963=AXIS2_PLACEMENT_3D('Cylinder Axis2P3D',#960,#961,#962) ;
#967=AXIS2_PLACEMENT_3D('Circle Axis2P3D',#965,#966,$) ;
#987=AXIS2_PLACEMENT_3D('Cylinder Axis2P3D',#984,#985,#986) ;
#991=AXIS2_PLACEMENT_3D('Circle Axis2P3D',#989,#990,$) ;
#1011=AXIS2_PLACEMENT_3D('Cylinder Axis2P3D',#1008,#1009,#1010) ;
#1015=AXIS2_PLACEMENT_3D('Circle Axis2P3D',#1013,#1014,$) ;
#1028=AXIS2_PLACEMENT_3D('Plane Axis2P3D',#1025,#1026,#1027) ;
#1056=AXIS2_PLACEMENT_3D('Circle Axis2P3D',#1054,#1055,$) ;
#1091=AXIS2_PLACEMENT_3D('Plane Axis2P3D',#1088,#1089,#1090) ;
#1115=AXIS2_PLACEMENT_3D('Plane Axis2P3D',#1112,#1113,#1114) ;
#1139=AXIS2_PLACEMENT_3D('Plane Axis2P3D',#1136,#1137,#1138) ;
#1143=AXIS2_PLACEMENT_3D('Circle Axis2P3D',#1141,#1142,$) ;
#1156=AXIS2_PLACEMENT_3D('Cylinder Axis2P3D',#1153,#1154,#1155) ;
#1177=AXIS2_PLACEMENT_3D(' ',#1180,#1184,#1183) ;
#1178=AXIS2_PLACEMENT_3D(' ',#1179,#1182,#1181) ;
#1199=AXIS2_PLACEMENT_3D('Cylinder Axis2P3D',#1196,#1197,#1198) ;
#1212=AXIS2_PLACEMENT_3D('Circle Axis2P3D',#1210,#1211,$) ;
#1226=AXIS2_PLACEMENT_3D('Circle Axis2P3D',#1224,#1225,$) ;
#1238=AXIS2_PLACEMENT_3D('Circle Axis2P3D',#1236,#1237,$) ;
#1243=AXIS2_PLACEMENT_3D('Circle Axis2P3D',#1241,#1242,$) ;
#1256=AXIS2_PLACEMENT_3D('Plane Axis2P3D',#1253,#1254,#1255) ;
#1266=AXIS2_PLACEMENT_3D('Plane Axis2P3D',#1263,#1264,#1265) ;
#1281=AXIS2_PLACEMENT_3D(' ',#1284,#1288,#1287) ;
#1282=AXIS2_PLACEMENT_3D(' ',#1283,#1286,#1285) ;
#1303=AXIS2_PLACEMENT_3D('Cylinder Axis2P3D',#1300,#1301,#1302) ;
#1307=AXIS2_PLACEMENT_3D('Circle Axis2P3D',#1305,#1306,$) ;
#1323=AXIS2_PLACEMENT_3D('Circle Axis2P3D',#1321,#1322,$) ;
#1342=AXIS2_PLACEMENT_3D('Circle Axis2P3D',#1340,#1341,$) ;
#1347=AXIS2_PLACEMENT_3D('Circle Axis2P3D',#1345,#1346,$) ;
#1360=AXIS2_PLACEMENT_3D('Plane Axis2P3D',#1357,#1358,#1359) ;
#1370=AXIS2_PLACEMENT_3D('Plane Axis2P3D',#1367,#1368,#1369) ;
#1374=AXIS2_PLACEMENT_3D('Circle Axis2P3D',#1372,#1373,$) ;
#1383=AXIS2_PLACEMENT_3D('Circle Axis2P3D',#1381,#1382,$) ;
#1398=AXIS2_PLACEMENT_3D('Plane Axis2P3D',#1395,#1396,#1397) ;
#1402=AXIS2_PLACEMENT_3D('Circle Axis2P3D',#1400,#1401,$) ;
#1411=AXIS2_PLACEMENT_3D('Circle Axis2P3D',#1409,#1410,$) ;
#1422=AXIS2_PLACEMENT_3D('Cylinder Axis2P3D',#1419,#1420,#1421) ;
#1456=AXIS2_PLACEMENT_3D(' ',#1459,#1463,#1462) ;
#1457=AXIS2_PLACEMENT_3D(' ',#1458,#1461,#1460) ;
#1478=AXIS2_PLACEMENT_3D('Cylinder Axis2P3D',#1475,#1476,#1477) ;
#1491=AXIS2_PLACEMENT_3D('Circle Axis2P3D',#1489,#1490,$) ;
#1505=AXIS2_PLACEMENT_3D('Circle Axis2P3D',#1503,#1504,$) ;
#1517=AXIS2_PLACEMENT_3D('Circle Axis2P3D',#1515,#1516,$) ;
#1522=AXIS2_PLACEMENT_3D('Circle Axis2P3D',#1520,#1521,$) ;
#1535=AXIS2_PLACEMENT_3D('Cylinder Axis2P3D',#1532,#1533,#1534) ;
#1539=AXIS2_PLACEMENT_3D('Circle Axis2P3D',#1537,#1538,$) ;
#1555=AXIS2_PLACEMENT_3D('Circle Axis2P3D',#1553,#1554,$) ;
#1574=AXIS2_PLACEMENT_3D('Circle Axis2P3D',#1572,#1573,$) ;
#1579=AXIS2_PLACEMENT_3D('Circle Axis2P3D',#1577,#1578,$) ;
#1592=AXIS2_PLACEMENT_3D('Plane Axis2P3D',#1589,#1590,#1591) ;
#1606=AXIS2_PLACEMENT_3D('Plane Axis2P3D',#1603,#1604,#1605) ;
#1625=AXIS2_PLACEMENT_3D(' ',#1628,#1632,#1631) ;
#1626=AXIS2_PLACEMENT_3D(' ',#1627,#1630,#1629) ;
#1647=AXIS2_PLACEMENT_3D('Cylinder Axis2P3D',#1644,#1645,#1646) ;
#1660=AXIS2_PLACEMENT_3D('Circle Axis2P3D',#1658,#1659,$) ;
#1674=AXIS2_PLACEMENT_3D('Circle Axis2P3D',#1672,#1673,$) ;
#1687=AXIS2_PLACEMENT_3D('Plane Axis2P3D',#1684,#1685,#1686) ;
#1718=AXIS2_PLACEMENT_3D('Cylinder Axis2P3D',#1715,#1716,#1717) ;
#1722=AXIS2_PLACEMENT_3D('Circle Axis2P3D',#1720,#1721,$) ;
#1736=AXIS2_PLACEMENT_3D('Circle Axis2P3D',#1734,#1735,$) ;
#1749=AXIS2_PLACEMENT_3D('Plane Axis2P3D',#1746,#1747,#1748) ;
#1771=AXIS2_PLACEMENT_3D('Cylinder Axis2P3D',#1768,#1769,#1770) ;
#1775=AXIS2_PLACEMENT_3D('Circle Axis2P3D',#1773,#1774,$) ;
#1791=AXIS2_PLACEMENT_3D('Circle Axis2P3D',#1789,#1790,$) ;
#1810=AXIS2_PLACEMENT_3D('Circle Axis2P3D',#1808,#1809,$) ;
#1815=AXIS2_PLACEMENT_3D('Circle Axis2P3D',#1813,#1814,$) ;
#1828=AXIS2_PLACEMENT_3D('Cylinder Axis2P3D',#1825,#1826,#1827) ;
#1832=AXIS2_PLACEMENT_3D('Circle Axis2P3D',#1830,#1831,$) ;
#1848=AXIS2_PLACEMENT_3D('Circle Axis2P3D',#1846,#1847,$) ;
#1867=AXIS2_PLACEMENT_3D('Circle Axis2P3D',#1865,#1866,$) ;
#1872=AXIS2_PLACEMENT_3D('Circle Axis2P3D',#1870,#1871,$) ;
#1885=AXIS2_PLACEMENT_3D('Cylinder Axis2P3D',#1882,#1883,#1884) ;
#1889=AXIS2_PLACEMENT_3D('Circle Axis2P3D',#1887,#1888,$) ;
#1905=AXIS2_PLACEMENT_3D('Circle Axis2P3D',#1903,#1904,$) ;
#1924=AXIS2_PLACEMENT_3D('Circle Axis2P3D',#1922,#1923,$) ;
#1929=AXIS2_PLACEMENT_3D('Circle Axis2P3D',#1927,#1928,$) ;
#1942=AXIS2_PLACEMENT_3D('Plane Axis2P3D',#1939,#1940,#1941) ;
#1966=AXIS2_PLACEMENT_3D('Plane Axis2P3D',#1963,#1964,#1965) ;
#1995=AXIS2_PLACEMENT_3D(' ',#1998,#2002,#2001) ;
#1996=AXIS2_PLACEMENT_3D(' ',#1997,#2000,#1999) ;
#2025=AXIS2_PLACEMENT_3D('Cylinder Axis2P3D',#2022,#2023,#2024) ;
#2029=AXIS2_PLACEMENT_3D('Circle Axis2P3D',#2027,#2028,$) ;
#2045=AXIS2_PLACEMENT_3D('Circle Axis2P3D',#2043,#2044,$) ;
#2064=AXIS2_PLACEMENT_3D('Circle Axis2P3D',#2062,#2063,$) ;
#2069=AXIS2_PLACEMENT_3D('Circle Axis2P3D',#2067,#2068,$) ;
#2082=AXIS2_PLACEMENT_3D('Plane Axis2P3D',#2079,#2080,#2081) ;
#2123=AXIS2_PLACEMENT_3D('Circle Axis2P3D',#2121,#2122,$) ;
#2130=AXIS2_PLACEMENT_3D('Circle Axis2P3D',#2128,#2129,$) ;
#2146=AXIS2_PLACEMENT_3D('Torus Axis2P3D',#2143,#2144,#2145) ;
#2150=AXIS2_PLACEMENT_3D('Circle Axis2P3D',#2148,#2149,$) ;
#2159=AXIS2_PLACEMENT_3D('Circle Axis2P3D',#2157,#2158,$) ;
#2166=AXIS2_PLACEMENT_3D('Circle Axis2P3D',#2164,#2165,$) ;
#2171=AXIS2_PLACEMENT_3D('Circle Axis2P3D',#2169,#2170,$) ;
#2178=AXIS2_PLACEMENT_3D('Circle Axis2P3D',#2176,#2177,$) ;
#2183=AXIS2_PLACEMENT_3D('Circle Axis2P3D',#2181,#2182,$) ;
#2199=AXIS2_PLACEMENT_3D('Torus Axis2P3D',#2196,#2197,#2198) ;
#2203=AXIS2_PLACEMENT_3D('Circle Axis2P3D',#2201,#2202,$) ;
#2216=AXIS2_PLACEMENT_3D('Cylinder Axis2P3D',#2213,#2214,#2215) ;
#2227=AXIS2_PLACEMENT_3D('Circle Axis2P3D',#2225,#2226,$) ;
#2246=AXIS2_PLACEMENT_3D('Circle Axis2P3D',#2244,#2245,$) ;
#2268=AXIS2_PLACEMENT_3D('Circle Axis2P3D',#2266,#2267,$) ;
#2282=AXIS2_PLACEMENT_3D('Circle Axis2P3D',#2280,#2281,$) ;
#2294=AXIS2_PLACEMENT_3D('Circle Axis2P3D',#2292,#2293,$) ;
#2299=AXIS2_PLACEMENT_3D('Circle Axis2P3D',#2297,#2298,$) ;
#2312=AXIS2_PLACEMENT_3D('Plane Axis2P3D',#2309,#2310,#2311) ;
#2316=AXIS2_PLACEMENT_3D('Circle Axis2P3D',#2314,#2315,$) ;
#2325=AXIS2_PLACEMENT_3D('Circle Axis2P3D',#2323,#2324,$) ;
#2336=AXIS2_PLACEMENT_3D('Cylinder Axis2P3D',#2333,#2334,#2335) ;
#2354=AXIS2_PLACEMENT_3D('Circle Axis2P3D',#2352,#2353,$) ;
#2366=AXIS2_PLACEMENT_3D('Circle Axis2P3D',#2364,#2365,$) ;
#2379=AXIS2_PLACEMENT_3D('Plane Axis2P3D',#2376,#2377,#2378) ;
#2422=AXIS2_PLACEMENT_3D('Plane Axis2P3D',#2419,#2420,#2421) ;
#2488=AXIS2_PLACEMENT_3D('Cylinder Axis2P3D',#2485,#2486,#2487) ;
#2492=AXIS2_PLACEMENT_3D('Circle Axis2P3D',#2490,#2491,$) ;
#2508=AXIS2_PLACEMENT_3D('Circle Axis2P3D',#2506,#2507,$) ;
#2528=AXIS2_PLACEMENT_3D('Plane Axis2P3D',#2525,#2526,#2527) ;
#2575=AXIS2_PLACEMENT_3D('Cylinder Axis2P3D',#2572,#2573,#2574) ;
#2579=AXIS2_PLACEMENT_3D('Circle Axis2P3D',#2577,#2578,$) ;
#2593=AXIS2_PLACEMENT_3D('Circle Axis2P3D',#2591,#2592,$) ;
#2606=AXIS2_PLACEMENT_3D('Plane Axis2P3D',#2603,#2604,#2605) ;
#2610=AXIS2_PLACEMENT_3D('Circle Axis2P3D',#2608,#2609,$) ;
#2635=AXIS2_PLACEMENT_3D('Plane Axis2P3D',#2632,#2633,#2634) ;
#2639=AXIS2_PLACEMENT_3D('Circle Axis2P3D',#2637,#2638,$) ;
#2664=AXIS2_PLACEMENT_3D('Cylinder Axis2P3D',#2661,#2662,#2663) ;
#2681=AXIS2_PLACEMENT_3D('Plane Axis2P3D',#2678,#2679,#2680) ;
#2692=AXIS2_PLACEMENT_3D('Circle Axis2P3D',#2690,#2691,$) ;
#2710=AXIS2_PLACEMENT_3D('Plane Axis2P3D',#2707,#2708,#2709) ;
#2721=AXIS2_PLACEMENT_3D('Circle Axis2P3D',#2719,#2720,$) ;
#2739=AXIS2_PLACEMENT_3D('Plane Axis2P3D',#2736,#2737,#2738) ;
#2762=AXIS2_PLACEMENT_3D('Cylinder Axis2P3D',#2759,#2760,#2761) ;
#2779=AXIS2_PLACEMENT_3D(' ',#2782,#2786,#2785) ;
#2780=AXIS2_PLACEMENT_3D(' ',#2781,#2784,#2783) ;
#2801=AXIS2_PLACEMENT_3D('Cylinder Axis2P3D',#2798,#2799,#2800) ;
#2805=AXIS2_PLACEMENT_3D('Circle Axis2P3D',#2803,#2804,$) ;
#2821=AXIS2_PLACEMENT_3D('Circle Axis2P3D',#2819,#2820,$) ;
#2840=AXIS2_PLACEMENT_3D('Circle Axis2P3D',#2838,#2839,$) ;
#2845=AXIS2_PLACEMENT_3D('Circle Axis2P3D',#2843,#2844,$) ;
#2858=AXIS2_PLACEMENT_3D('Plane Axis2P3D',#2855,#2856,#2857) ;
#2898=AXIS2_PLACEMENT_3D('Plane Axis2P3D',#2895,#2896,#2897) ;
#2902=AXIS2_PLACEMENT_3D('Circle Axis2P3D',#2900,#2901,$) ;
#2911=AXIS2_PLACEMENT_3D('Circle Axis2P3D',#2909,#2910,$) ;
#2922=AXIS2_PLACEMENT_3D('Cylinder Axis2P3D',#2919,#2920,#2921) ;
#2940=AXIS2_PLACEMENT_3D('Circle Axis2P3D',#2938,#2939,$) ;
#2952=AXIS2_PLACEMENT_3D('Circle Axis2P3D',#2950,#2951,$) ;
#2973=AXIS2_PLACEMENT_3D('Circle Axis2P3D',#2971,#2972,$) ;
#2987=AXIS2_PLACEMENT_3D('Circle Axis2P3D',#2985,#2986,$) ;
#2999=AXIS2_PLACEMENT_3D('Circle Axis2P3D',#2997,#2998,$) ;
#3004=AXIS2_PLACEMENT_3D('Circle Axis2P3D',#3002,#3003,$) ;
#3017=AXIS2_PLACEMENT_3D('Torus Axis2P3D',#3014,#3015,#3016) ;
#3021=AXIS2_PLACEMENT_3D('Circle Axis2P3D',#3019,#3020,$) ;
#3030=AXIS2_PLACEMENT_3D('Circle Axis2P3D',#3028,#3029,$) ;
#3035=AXIS2_PLACEMENT_3D('Circle Axis2P3D',#3033,#3034,$) ;
#3048=AXIS2_PLACEMENT_3D('Torus Axis2P3D',#3045,#3046,#3047) ;
#3052=AXIS2_PLACEMENT_3D('Circle Axis2P3D',#3050,#3051,$) ;
#3065=AXIS2_PLACEMENT_3D('Plane Axis2P3D',#3062,#3063,#3064) ;
#3109=AXIS2_PLACEMENT_3D('Cylinder Axis2P3D',#3106,#3107,#3108) ;
#3113=AXIS2_PLACEMENT_3D('Circle Axis2P3D',#3111,#3112,$) ;
#3129=AXIS2_PLACEMENT_3D('Circle Axis2P3D',#3127,#3128,$) ;
#3149=AXIS2_PLACEMENT_3D('Plane Axis2P3D',#3146,#3147,#3148) ;
#3194=AXIS2_PLACEMENT_3D('Cylinder Axis2P3D',#3191,#3192,#3193) ;
#3198=AXIS2_PLACEMENT_3D('Circle Axis2P3D',#3196,#3197,$) ;
#3205=AXIS2_PLACEMENT_3D('Circle Axis2P3D',#3203,#3204,$) ;
#3225=AXIS2_PLACEMENT_3D('Plane Axis2P3D',#3222,#3223,#3224) ;
#3236=AXIS2_PLACEMENT_3D('Circle Axis2P3D',#3234,#3235,$) ;
#3254=AXIS2_PLACEMENT_3D('Plane Axis2P3D',#3251,#3252,#3253) ;
#3265=AXIS2_PLACEMENT_3D('Circle Axis2P3D',#3263,#3264,$) ;
#3283=AXIS2_PLACEMENT_3D('Cylinder Axis2P3D',#3280,#3281,#3282) ;
#3300=AXIS2_PLACEMENT_3D('Plane Axis2P3D',#3297,#3298,#3299) ;
#3311=AXIS2_PLACEMENT_3D('Circle Axis2P3D',#3309,#3310,$) ;
#3329=AXIS2_PLACEMENT_3D('Plane Axis2P3D',#3326,#3327,#3328) ;
#3340=AXIS2_PLACEMENT_3D('Circle Axis2P3D',#3338,#3339,$) ;
#3358=AXIS2_PLACEMENT_3D('Plane Axis2P3D',#3355,#3356,#3357) ;
#3379=AXIS2_PLACEMENT_3D('Cylinder Axis2P3D',#3376,#3377,#3378) ;
#3396=AXIS2_PLACEMENT_3D(' ',#3399,#3403,#3402) ;
#3397=AXIS2_PLACEMENT_3D(' ',#3398,#3401,#3400) ;
#3409=AXIS2_PLACEMENT_3D(' ',#3412,#3416,#3415) ;
#3410=AXIS2_PLACEMENT_3D(' ',#3411,#3414,#3413) ;
#3431=AXIS2_PLACEMENT_3D('Cylinder Axis2P3D',#3428,#3429,#3430) ;
#3444=AXIS2_PLACEMENT_3D('Circle Axis2P3D',#3442,#3443,$) ;
#3458=AXIS2_PLACEMENT_3D('Circle Axis2P3D',#3456,#3457,$) ;
#3470=AXIS2_PLACEMENT_3D('Circle Axis2P3D',#3468,#3469,$) ;
#3475=AXIS2_PLACEMENT_3D('Circle Axis2P3D',#3473,#3474,$) ;
#3488=AXIS2_PLACEMENT_3D('Plane Axis2P3D',#3485,#3486,#3487) ;
#3498=AXIS2_PLACEMENT_3D('Plane Axis2P3D',#3495,#3496,#3497) ;
#3513=AXIS2_PLACEMENT_3D(' ',#3516,#3520,#3519) ;
#3514=AXIS2_PLACEMENT_3D(' ',#3515,#3518,#3517) ;
#3528=AXIS2_PLACEMENT_3D(' ',#3531,#3535,#3534) ;
#3529=AXIS2_PLACEMENT_3D(' ',#3530,#3533,#3532) ;
#3550=AXIS2_PLACEMENT_3D('Plane Axis2P3D',#3547,#3548,#3549) ;
#3554=AXIS2_PLACEMENT_3D('Circle Axis2P3D',#3552,#3553,$) ;
#3563=AXIS2_PLACEMENT_3D('Circle Axis2P3D',#3561,#3562,$) ;
#3572=AXIS2_PLACEMENT_3D('Circle Axis2P3D',#3570,#3571,$) ;
#3581=AXIS2_PLACEMENT_3D('Circle Axis2P3D',#3579,#3580,$) ;
#3592=AXIS2_PLACEMENT_3D('Plane Axis2P3D',#3589,#3590,#3591) ;
#3596=AXIS2_PLACEMENT_3D('Circle Axis2P3D',#3594,#3595,$) ;
#3605=AXIS2_PLACEMENT_3D('Circle Axis2P3D',#3603,#3604,$) ;
#3616=AXIS2_PLACEMENT_3D('Cylinder Axis2P3D',#3613,#3614,#3615) ;
#3645=AXIS2_PLACEMENT_3D('Cylinder Axis2P3D',#3642,#3643,#3644) ;
#3656=AXIS2_PLACEMENT_3D('Circle Axis2P3D',#3654,#3655,$) ;
#3675=AXIS2_PLACEMENT_3D('Circle Axis2P3D',#3673,#3674,$) ;
#3688=AXIS2_PLACEMENT_3D('Plane Axis2P3D',#3685,#3686,#3687) ;
#3692=AXIS2_PLACEMENT_3D('Circle Axis2P3D',#3690,#3691,$) ;
#3708=AXIS2_PLACEMENT_3D('Circle Axis2P3D',#3706,#3707,$) ;
#3722=AXIS2_PLACEMENT_3D('Circle Axis2P3D',#3720,#3721,$) ;
#3750=AXIS2_PLACEMENT_3D('Circle Axis2P3D',#3748,#3749,$) ;
#3778=AXIS2_PLACEMENT_3D('Circle Axis2P3D',#3776,#3777,$) ;
#3787=AXIS2_PLACEMENT_3D('Circle Axis2P3D',#3785,#3786,$) ;
#3798=AXIS2_PLACEMENT_3D('Cylinder Axis2P3D',#3795,#3796,#3797) ;
#3809=AXIS2_PLACEMENT_3D('Circle Axis2P3D',#3807,#3808,$) ;
#3829=AXIS2_PLACEMENT_3D('Plane Axis2P3D',#3826,#3827,#3828) ;
#3853=AXIS2_PLACEMENT_3D('Cylinder Axis2P3D',#3850,#3851,#3852) ;
#3857=AXIS2_PLACEMENT_3D('Circle Axis2P3D',#3855,#3856,$) ;
#3877=AXIS2_PLACEMENT_3D('Plane Axis2P3D',#3874,#3875,#3876) ;
#3901=AXIS2_PLACEMENT_3D('Cylinder Axis2P3D',#3898,#3899,#3900) ;
#3905=AXIS2_PLACEMENT_3D('Circle Axis2P3D',#3903,#3904,$) ;
#3925=AXIS2_PLACEMENT_3D('Plane Axis2P3D',#3922,#3923,#3924) ;
#3949=AXIS2_PLACEMENT_3D('Plane Axis2P3D',#3946,#3947,#3948) ;
#3973=AXIS2_PLACEMENT_3D('Plane Axis2P3D',#3970,#3971,#3972) ;
#3997=AXIS2_PLACEMENT_3D('Cylinder Axis2P3D',#3994,#3995,#3996) ;
#4001=AXIS2_PLACEMENT_3D('Circle Axis2P3D',#3999,#4000,$) ;
#4033=AXIS2_PLACEMENT_3D('Cylinder Axis2P3D',#4030,#4031,#4032) ;
#4044=AXIS2_PLACEMENT_3D('Circle Axis2P3D',#4042,#4043,$) ;
#4063=AXIS2_PLACEMENT_3D('Circle Axis2P3D',#4061,#4062,$) ;
#4076=AXIS2_PLACEMENT_3D('Plane Axis2P3D',#4073,#4074,#4075) ;
#4103=AXIS2_PLACEMENT_3D(' ',#4106,#4110,#4109) ;
#4104=AXIS2_PLACEMENT_3D(' ',#4105,#4108,#4107) ;
#4125=AXIS2_PLACEMENT_3D('Plane Axis2P3D',#4122,#4123,#4124) ;
#4165=AXIS2_PLACEMENT_3D('Cylinder Axis2P3D',#4162,#4163,#4164) ;
#4169=AXIS2_PLACEMENT_3D('Circle Axis2P3D',#4167,#4168,$) ;
#4176=AXIS2_PLACEMENT_3D('Circle Axis2P3D',#4174,#4175,$) ;
#4196=AXIS2_PLACEMENT_3D('Plane Axis2P3D',#4193,#4194,#4195) ;
#4236=AXIS2_PLACEMENT_3D('Plane Axis2P3D',#4233,#4234,#4235) ;
#4288=AXIS2_PLACEMENT_3D('Plane Axis2P3D',#4285,#4286,#4287) ;
#4348=AXIS2_PLACEMENT_3D('Circle Axis2P3D',#4346,#4347,$) ;
#4353=AXIS2_PLACEMENT_3D('Circle Axis2P3D',#4351,#4352,$) ;
#4366=AXIS2_PLACEMENT_3D('Plane Axis2P3D',#4363,#4364,#4365) ;
#4406=AXIS2_PLACEMENT_3D('Plane Axis2P3D',#4403,#4404,#4405) ;
#4458=AXIS2_PLACEMENT_3D('Plane Axis2P3D',#4455,#4456,#4457) ;
#4610=AXIS2_PLACEMENT_3D('Plane Axis2P3D',#4607,#4608,#4609) ;
#4641=AXIS2_PLACEMENT_3D('Plane Axis2P3D',#4638,#4639,#4640) ;
#4672=AXIS2_PLACEMENT_3D('Plane Axis2P3D',#4669,#4670,#4671) ;
#4724=AXIS2_PLACEMENT_3D('Plane Axis2P3D',#4721,#4722,#4723) ;
#4748=AXIS2_PLACEMENT_3D('Plane Axis2P3D',#4745,#4746,#4747) ;
#4772=AXIS2_PLACEMENT_3D('Plane Axis2P3D',#4769,#4770,#4771) ;
#4789=AXIS2_PLACEMENT_3D('Plane Axis2P3D',#4786,#4787,#4788) ;
#4820=AXIS2_PLACEMENT_3D('Plane Axis2P3D',#4817,#4818,#4819) ;
#4844=AXIS2_PLACEMENT_3D('Plane Axis2P3D',#4841,#4842,#4843) ;
#4868=AXIS2_PLACEMENT_3D('Plane Axis2P3D',#4865,#4866,#4867) ;
#4885=AXIS2_PLACEMENT_3D('Plane Axis2P3D',#4882,#4883,#4884) ;
#4903=AXIS2_PLACEMENT_3D('Plane Axis2P3D',#4900,#4901,#4902) ;
#4930=AXIS2_PLACEMENT_3D(' ',#4933,#4937,#4936) ;
#4931=AXIS2_PLACEMENT_3D(' ',#4932,#4935,#4934) ;
#4952=AXIS2_PLACEMENT_3D('Cylinder Axis2P3D',#4949,#4950,#4951) ;
#4965=AXIS2_PLACEMENT_3D('Circle Axis2P3D',#4963,#4964,$) ;
#4979=AXIS2_PLACEMENT_3D('Circle Axis2P3D',#4977,#4978,$) ;
#4991=AXIS2_PLACEMENT_3D('Circle Axis2P3D',#4989,#4990,$) ;
#4996=AXIS2_PLACEMENT_3D('Circle Axis2P3D',#4994,#4995,$) ;
#5009=AXIS2_PLACEMENT_3D('Plane Axis2P3D',#5006,#5007,#5008) ;
#5019=AXIS2_PLACEMENT_3D('Plane Axis2P3D',#5016,#5017,#5018) ;
#5034=AXIS2_PLACEMENT_3D(' ',#5037,#5041,#5040) ;
#5035=AXIS2_PLACEMENT_3D(' ',#5036,#5039,#5038) ;
#5056=AXIS2_PLACEMENT_3D('Cylinder Axis2P3D',#5053,#5054,#5055) ;
#5069=AXIS2_PLACEMENT_3D('Circle Axis2P3D',#5067,#5068,$) ;
#5083=AXIS2_PLACEMENT_3D('Circle Axis2P3D',#5081,#5082,$) ;
#5095=AXIS2_PLACEMENT_3D('Circle Axis2P3D',#5093,#5094,$) ;
#5100=AXIS2_PLACEMENT_3D('Circle Axis2P3D',#5098,#5099,$) ;
#5113=AXIS2_PLACEMENT_3D('Cylinder Axis2P3D',#5110,#5111,#5112) ;
#5117=AXIS2_PLACEMENT_3D('Circle Axis2P3D',#5115,#5116,$) ;
#5133=AXIS2_PLACEMENT_3D('Circle Axis2P3D',#5131,#5132,$) ;
#5152=AXIS2_PLACEMENT_3D('Circle Axis2P3D',#5150,#5151,$) ;
#5157=AXIS2_PLACEMENT_3D('Circle Axis2P3D',#5155,#5156,$) ;
#5170=AXIS2_PLACEMENT_3D('Plane Axis2P3D',#5167,#5168,#5169) ;
#5184=AXIS2_PLACEMENT_3D('Plane Axis2P3D',#5181,#5182,#5183) ;
#5203=AXIS2_PLACEMENT_3D(' ',#5206,#5210,#5209) ;
#5204=AXIS2_PLACEMENT_3D(' ',#5205,#5208,#5207) ;
#45=PRODUCT_DEFINITION_SHAPE(' ',' ',#17) ;
#61=PRODUCT_DEFINITION_SHAPE(' ',' ',#58) ;
#1173=PRODUCT_DEFINITION_SHAPE(' ',' ',#1172) ;
#1194=PRODUCT_DEFINITION_SHAPE(' ',' ',#1191) ;
#1277=PRODUCT_DEFINITION_SHAPE(' ',' ',#1276) ;
#1298=PRODUCT_DEFINITION_SHAPE(' ',' ',#1295) ;
#1452=PRODUCT_DEFINITION_SHAPE(' ',' ',#1451) ;
#1473=PRODUCT_DEFINITION_SHAPE(' ',' ',#1470) ;
#1621=PRODUCT_DEFINITION_SHAPE(' ',' ',#1620) ;
#1642=PRODUCT_DEFINITION_SHAPE(' ',' ',#1639) ;
#1991=PRODUCT_DEFINITION_SHAPE(' ',' ',#1990) ;
#2010=PRODUCT_DEFINITION_SHAPE(' ',' ',#2009) ;
#2020=PRODUCT_DEFINITION_SHAPE(' ',' ',#2017) ;
#2775=PRODUCT_DEFINITION_SHAPE(' ',' ',#2774) ;
#2796=PRODUCT_DEFINITION_SHAPE(' ',' ',#2793) ;
#3392=PRODUCT_DEFINITION_SHAPE(' ',' ',#3391) ;
#3405=PRODUCT_DEFINITION_SHAPE(' ',' ',#3404) ;
#3426=PRODUCT_DEFINITION_SHAPE(' ',' ',#3423) ;
#3509=PRODUCT_DEFINITION_SHAPE(' ',' ',#3508) ;
#3524=PRODUCT_DEFINITION_SHAPE(' ',' ',#3523) ;
#3545=PRODUCT_DEFINITION_SHAPE(' ',' ',#3542) ;
#4099=PRODUCT_DEFINITION_SHAPE(' ',' ',#4098) ;
#4120=PRODUCT_DEFINITION_SHAPE(' ',' ',#4117) ;
#4926=PRODUCT_DEFINITION_SHAPE(' ',' ',#4925) ;
#4947=PRODUCT_DEFINITION_SHAPE(' ',' ',#4944) ;
#5030=PRODUCT_DEFINITION_SHAPE(' ',' ',#5029) ;
#5051=PRODUCT_DEFINITION_SHAPE(' ',' ',#5048) ;
#5199=PRODUCT_DEFINITION_SHAPE(' ',' ',#5198) ;
#34=APPROVAL_PERSON_ORGANIZATION(#28,#24,#22) ;
#28=PERSON_AND_ORGANIZATION(#25,#26) ;
#25=PERSON(' ',' ',' ',$,$,$) ;
#26=ORGANIZATION(' ',' ',' ') ;
#24=APPROVAL(#23,' ') ;
#23=APPROVAL_STATUS('not_yet_approved') ;
#22=APPROVAL_ROLE('APPROVER') ;
#13=DATE_AND_TIME(#11,#12) ;
#12=LOCAL_TIME(16,49,17.,#10) ;
#10=COORDINATED_UNIVERSAL_TIME_OFFSET(0,0,.AHEAD.) ;
#83=ORIENTED_EDGE('',*,*,#76,.F.) ;
#84=ORIENTED_EDGE('',*,*,#81,.F.) ;
#101=ORIENTED_EDGE('',*,*,#94,.T.) ;
#102=ORIENTED_EDGE('',*,*,#99,.T.) ;
#125=ORIENTED_EDGE('',*,*,#118,.T.) ;
#126=ORIENTED_EDGE('',*,*,#123,.T.) ;
#145=ORIENTED_EDGE('',*,*,#138,.F.) ;
#146=ORIENTED_EDGE('',*,*,#76,.T.) ;
#147=ORIENTED_EDGE('',*,*,#143,.T.) ;
#148=ORIENTED_EDGE('',*,*,#123,.F.) ;
#152=ORIENTED_EDGE('',*,*,#143,.F.) ;
#153=ORIENTED_EDGE('',*,*,#81,.T.) ;
#154=ORIENTED_EDGE('',*,*,#138,.T.) ;
#155=ORIENTED_EDGE('',*,*,#118,.F.) ;
#183=ORIENTED_EDGE('',*,*,#169,.F.) ;
#184=ORIENTED_EDGE('',*,*,#176,.T.) ;
#185=ORIENTED_EDGE('',*,*,#181,.T.) ;
#186=ORIENTED_EDGE('',*,*,#99,.F.) ;
#195=ORIENTED_EDGE('',*,*,#181,.F.) ;
#196=ORIENTED_EDGE('',*,*,#193,.T.) ;
#197=ORIENTED_EDGE('',*,*,#169,.T.) ;
#198=ORIENTED_EDGE('',*,*,#94,.F.) ;
#312=ORIENTED_EDGE('',*,*,#214,.T.) ;
#313=ORIENTED_EDGE('',*,*,#221,.T.) ;
#314=ORIENTED_EDGE('',*,*,#228,.F.) ;
#315=ORIENTED_EDGE('',*,*,#235,.F.) ;
#316=ORIENTED_EDGE('',*,*,#242,.T.) ;
#317=ORIENTED_EDGE('',*,*,#249,.T.) ;
#318=ORIENTED_EDGE('',*,*,#256,.T.) ;
#319=ORIENTED_EDGE('',*,*,#263,.F.) ;
#320=ORIENTED_EDGE('',*,*,#270,.F.) ;
#321=ORIENTED_EDGE('',*,*,#277,.T.) ;
#322=ORIENTED_EDGE('',*,*,#284,.T.) ;
#323=ORIENTED_EDGE('',*,*,#291,.T.) ;
#324=ORIENTED_EDGE('',*,*,#298,.F.) ;
#325=ORIENTED_EDGE('',*,*,#305,.T.) ;
#326=ORIENTED_EDGE('',*,*,#310,.F.) ;
#329=ORIENTED_EDGE('',*,*,#176,.F.) ;
#330=ORIENTED_EDGE('',*,*,#193,.F.) ;
#347=ORIENTED_EDGE('',*,*,#340,.F.) ;
#348=ORIENTED_EDGE('',*,*,#345,.F.) ;
#365=ORIENTED_EDGE('',*,*,#358,.F.) ;
#366=ORIENTED_EDGE('',*,*,#363,.F.) ;
#383=ORIENTED_EDGE('',*,*,#376,.F.) ;
#384=ORIENTED_EDGE('',*,*,#381,.F.) ;
#415=ORIENTED_EDGE('',*,*,#394,.F.) ;
#416=ORIENTED_EDGE('',*,*,#401,.F.) ;
#417=ORIENTED_EDGE('',*,*,#408,.F.) ;
#418=ORIENTED_EDGE('',*,*,#413,.F.) ;
#446=ORIENTED_EDGE('',*,*,#434,.T.) ;
#447=ORIENTED_EDGE('',*,*,#439,.T.) ;
#448=ORIENTED_EDGE('',*,*,#214,.F.) ;
#449=ORIENTED_EDGE('',*,*,#444,.F.) ;
#465=ORIENTED_EDGE('',*,*,#221,.F.) ;
#466=ORIENTED_EDGE('',*,*,#439,.F.) ;
#467=ORIENTED_EDGE('',*,*,#458,.T.) ;
#468=ORIENTED_EDGE('',*,*,#463,.T.) ;
#489=ORIENTED_EDGE('',*,*,#228,.T.) ;
#490=ORIENTED_EDGE('',*,*,#463,.F.) ;
#491=ORIENTED_EDGE('',*,*,#482,.T.) ;
#492=ORIENTED_EDGE('',*,*,#487,.T.) ;
#513=ORIENTED_EDGE('',*,*,#235,.T.) ;
#514=ORIENTED_EDGE('',*,*,#487,.F.) ;
#515=ORIENTED_EDGE('',*,*,#506,.T.) ;
#516=ORIENTED_EDGE('',*,*,#511,.T.) ;
#537=ORIENTED_EDGE('',*,*,#511,.F.) ;
#538=ORIENTED_EDGE('',*,*,#530,.T.) ;
#539=ORIENTED_EDGE('',*,*,#535,.F.) ;
#540=ORIENTED_EDGE('',*,*,#242,.F.) ;
#561=ORIENTED_EDGE('',*,*,#554,.F.) ;
#562=ORIENTED_EDGE('',*,*,#249,.F.) ;
#563=ORIENTED_EDGE('',*,*,#535,.T.) ;
#564=ORIENTED_EDGE('',*,*,#559,.F.) ;
#585=ORIENTED_EDGE('',*,*,#578,.T.) ;
#586=ORIENTED_EDGE('',*,*,#256,.F.) ;
#587=ORIENTED_EDGE('',*,*,#554,.T.) ;
#588=ORIENTED_EDGE('',*,*,#583,.T.) ;
#609=ORIENTED_EDGE('',*,*,#263,.T.) ;
#610=ORIENTED_EDGE('',*,*,#578,.F.) ;
#611=ORIENTED_EDGE('',*,*,#602,.T.) ;
#612=ORIENTED_EDGE('',*,*,#607,.T.) ;
#633=ORIENTED_EDGE('',*,*,#270,.T.) ;
#634=ORIENTED_EDGE('',*,*,#607,.F.) ;
#635=ORIENTED_EDGE('',*,*,#626,.T.) ;
#636=ORIENTED_EDGE('',*,*,#631,.T.) ;
#657=ORIENTED_EDGE('',*,*,#650,.T.) ;
#658=ORIENTED_EDGE('',*,*,#655,.F.) ;
#659=ORIENTED_EDGE('',*,*,#277,.F.) ;
#660=ORIENTED_EDGE('',*,*,#631,.F.) ;
#681=ORIENTED_EDGE('',*,*,#674,.F.) ;
#682=ORIENTED_EDGE('',*,*,#284,.F.) ;
#683=ORIENTED_EDGE('',*,*,#655,.T.) ;
#684=ORIENTED_EDGE('',*,*,#679,.F.) ;
#705=ORIENTED_EDGE('',*,*,#698,.T.) ;
#706=ORIENTED_EDGE('',*,*,#291,.F.) ;
#707=ORIENTED_EDGE('',*,*,#674,.T.) ;
#708=ORIENTED_EDGE('',*,*,#703,.T.) ;
#729=ORIENTED_EDGE('',*,*,#298,.T.) ;
#730=ORIENTED_EDGE('',*,*,#698,.F.) ;
#731=ORIENTED_EDGE('',*,*,#722,.T.) ;
#732=ORIENTED_EDGE('',*,*,#727,.T.) ;
#753=ORIENTED_EDGE('',*,*,#746,.T.) ;
#754=ORIENTED_EDGE('',*,*,#305,.F.) ;
#755=ORIENTED_EDGE('',*,*,#727,.F.) ;
#756=ORIENTED_EDGE('',*,*,#751,.T.) ;
#770=ORIENTED_EDGE('',*,*,#310,.T.) ;
#771=ORIENTED_EDGE('',*,*,#746,.F.) ;
#772=ORIENTED_EDGE('',*,*,#768,.T.) ;
#773=ORIENTED_EDGE('',*,*,#444,.T.) ;
#822=ORIENTED_EDGE('',*,*,#789,.T.) ;
#823=ORIENTED_EDGE('',*,*,#796,.F.) ;
#824=ORIENTED_EDGE('',*,*,#801,.T.) ;
#825=ORIENTED_EDGE('',*,*,#340,.T.) ;
#826=ORIENTED_EDGE('',*,*,#808,.F.) ;
#827=ORIENTED_EDGE('',*,*,#815,.F.) ;
#828=ORIENTED_EDGE('',*,*,#820,.T.) ;
#837=ORIENTED_EDGE('',*,*,#345,.T.) ;
#838=ORIENTED_EDGE('',*,*,#801,.F.) ;
#839=ORIENTED_EDGE('',*,*,#835,.F.) ;
#840=ORIENTED_EDGE('',*,*,#808,.T.) ;
#868=ORIENTED_EDGE('',*,*,#358,.T.) ;
#869=ORIENTED_EDGE('',*,*,#854,.F.) ;
#870=ORIENTED_EDGE('',*,*,#861,.F.) ;
#871=ORIENTED_EDGE('',*,*,#866,.T.) ;
#880=ORIENTED_EDGE('',*,*,#363,.T.) ;
#881=ORIENTED_EDGE('',*,*,#866,.F.) ;
#882=ORIENTED_EDGE('',*,*,#878,.F.) ;
#883=ORIENTED_EDGE('',*,*,#854,.T.) ;
#911=ORIENTED_EDGE('',*,*,#376,.T.) ;
#912=ORIENTED_EDGE('',*,*,#897,.F.) ;
#913=ORIENTED_EDGE('',*,*,#904,.F.) ;
#914=ORIENTED_EDGE('',*,*,#909,.T.) ;
#923=ORIENTED_EDGE('',*,*,#381,.T.) ;
#924=ORIENTED_EDGE('',*,*,#909,.F.) ;
#925=ORIENTED_EDGE('',*,*,#921,.F.) ;
#926=ORIENTED_EDGE('',*,*,#897,.T.) ;
#954=ORIENTED_EDGE('',*,*,#394,.T.) ;
#955=ORIENTED_EDGE('',*,*,#940,.F.) ;
#956=ORIENTED_EDGE('',*,*,#947,.F.) ;
#957=ORIENTED_EDGE('',*,*,#952,.T.) ;
#978=ORIENTED_EDGE('',*,*,#401,.T.) ;
#979=ORIENTED_EDGE('',*,*,#952,.F.) ;
#980=ORIENTED_EDGE('',*,*,#971,.F.) ;
#981=ORIENTED_EDGE('',*,*,#976,.T.) ;
#1002=ORIENTED_EDGE('',*,*,#408,.T.) ;
#1003=ORIENTED_EDGE('',*,*,#976,.F.) ;
#1004=ORIENTED_EDGE('',*,*,#995,.F.) ;
#1005=ORIENTED_EDGE('',*,*,#1000,.T.) ;
#1019=ORIENTED_EDGE('',*,*,#413,.T.) ;
#1020=ORIENTED_EDGE('',*,*,#1000,.F.) ;
#1021=ORIENTED_EDGE('',*,*,#1017,.F.) ;
#1022=ORIENTED_EDGE('',*,*,#940,.T.) ;
#1031=ORIENTED_EDGE('',*,*,#768,.F.) ;
#1032=ORIENTED_EDGE('',*,*,#751,.F.) ;
#1033=ORIENTED_EDGE('',*,*,#722,.F.) ;
#1034=ORIENTED_EDGE('',*,*,#703,.F.) ;
#1035=ORIENTED_EDGE('',*,*,#679,.T.) ;
#1036=ORIENTED_EDGE('',*,*,#650,.F.) ;
#1037=ORIENTED_EDGE('',*,*,#626,.F.) ;
#1038=ORIENTED_EDGE('',*,*,#602,.F.) ;
#1039=ORIENTED_EDGE('',*,*,#583,.F.) ;
#1040=ORIENTED_EDGE('',*,*,#559,.T.) ;
#1041=ORIENTED_EDGE('',*,*,#530,.F.) ;
#1042=ORIENTED_EDGE('',*,*,#506,.F.) ;
#1043=ORIENTED_EDGE('',*,*,#482,.F.) ;
#1044=ORIENTED_EDGE('',*,*,#458,.F.) ;
#1045=ORIENTED_EDGE('',*,*,#434,.F.) ;
#1067=ORIENTED_EDGE('',*,*,#1053,.T.) ;
#1068=ORIENTED_EDGE('',*,*,#1060,.T.) ;
#1069=ORIENTED_EDGE('',*,*,#1065,.T.) ;
#1070=ORIENTED_EDGE('',*,*,#815,.T.) ;
#1071=ORIENTED_EDGE('',*,*,#835,.T.) ;
#1074=ORIENTED_EDGE('',*,*,#878,.T.) ;
#1075=ORIENTED_EDGE('',*,*,#861,.T.) ;
#1078=ORIENTED_EDGE('',*,*,#921,.T.) ;
#1079=ORIENTED_EDGE('',*,*,#904,.T.) ;
#1082=ORIENTED_EDGE('',*,*,#1017,.T.) ;
#1083=ORIENTED_EDGE('',*,*,#995,.T.) ;
#1084=ORIENTED_EDGE('',*,*,#971,.T.) ;
#1085=ORIENTED_EDGE('',*,*,#947,.T.) ;
#1106=ORIENTED_EDGE('',*,*,#1099,.T.) ;
#1107=ORIENTED_EDGE('',*,*,#820,.F.) ;
#1108=ORIENTED_EDGE('',*,*,#1065,.F.) ;
#1109=ORIENTED_EDGE('',*,*,#1104,.T.) ;
#1130=ORIENTED_EDGE('',*,*,#1123,.T.) ;
#1131=ORIENTED_EDGE('',*,*,#1128,.F.) ;
#1132=ORIENTED_EDGE('',*,*,#1053,.F.) ;
#1133=ORIENTED_EDGE('',*,*,#796,.T.) ;
#1147=ORIENTED_EDGE('',*,*,#1123,.F.) ;
#1148=ORIENTED_EDGE('',*,*,#789,.F.) ;
#1149=ORIENTED_EDGE('',*,*,#1099,.F.) ;
#1150=ORIENTED_EDGE('',*,*,#1145,.F.) ;
#1159=ORIENTED_EDGE('',*,*,#1145,.T.) ;
#1160=ORIENTED_EDGE('',*,*,#1104,.F.) ;
#1161=ORIENTED_EDGE('',*,*,#1060,.F.) ;
#1162=ORIENTED_EDGE('',*,*,#1128,.T.) ;
#1230=ORIENTED_EDGE('',*,*,#1209,.F.) ;
#1231=ORIENTED_EDGE('',*,*,#1216,.T.) ;
#1232=ORIENTED_EDGE('',*,*,#1223,.T.) ;
#1233=ORIENTED_EDGE('',*,*,#1228,.F.) ;
#1247=ORIENTED_EDGE('',*,*,#1223,.F.) ;
#1248=ORIENTED_EDGE('',*,*,#1240,.T.) ;
#1249=ORIENTED_EDGE('',*,*,#1209,.T.) ;
#1250=ORIENTED_EDGE('',*,*,#1245,.F.) ;
#1259=ORIENTED_EDGE('',*,*,#1240,.F.) ;
#1260=ORIENTED_EDGE('',*,*,#1216,.F.) ;
#1269=ORIENTED_EDGE('',*,*,#1228,.T.) ;
#1270=ORIENTED_EDGE('',*,*,#1245,.T.) ;
#1334=ORIENTED_EDGE('',*,*,#1313,.T.) ;
#1335=ORIENTED_EDGE('',*,*,#1320,.F.) ;
#1336=ORIENTED_EDGE('',*,*,#1327,.F.) ;
#1337=ORIENTED_EDGE('',*,*,#1332,.T.) ;
#1351=ORIENTED_EDGE('',*,*,#1344,.T.) ;
#1352=ORIENTED_EDGE('',*,*,#1332,.F.) ;
#1353=ORIENTED_EDGE('',*,*,#1349,.F.) ;
#1354=ORIENTED_EDGE('',*,*,#1320,.T.) ;
#1363=ORIENTED_EDGE('',*,*,#1344,.F.) ;
#1364=ORIENTED_EDGE('',*,*,#1313,.F.) ;
#1387=ORIENTED_EDGE('',*,*,#1380,.T.) ;
#1388=ORIENTED_EDGE('',*,*,#1385,.T.) ;
#1391=ORIENTED_EDGE('',*,*,#1327,.T.) ;
#1392=ORIENTED_EDGE('',*,*,#1349,.T.) ;
#1415=ORIENTED_EDGE('',*,*,#1408,.F.) ;
#1416=ORIENTED_EDGE('',*,*,#1413,.F.) ;
#1435=ORIENTED_EDGE('',*,*,#1428,.F.) ;
#1436=ORIENTED_EDGE('',*,*,#1408,.T.) ;
#1437=ORIENTED_EDGE('',*,*,#1433,.T.) ;
#1438=ORIENTED_EDGE('',*,*,#1385,.F.) ;
#1442=ORIENTED_EDGE('',*,*,#1433,.F.) ;
#1443=ORIENTED_EDGE('',*,*,#1413,.T.) ;
#1444=ORIENTED_EDGE('',*,*,#1428,.T.) ;
#1445=ORIENTED_EDGE('',*,*,#1380,.F.) ;
#1509=ORIENTED_EDGE('',*,*,#1488,.F.) ;
#1510=ORIENTED_EDGE('',*,*,#1495,.T.) ;
#1511=ORIENTED_EDGE('',*,*,#1502,.T.) ;
#1512=ORIENTED_EDGE('',*,*,#1507,.F.) ;
#1526=ORIENTED_EDGE('',*,*,#1502,.F.) ;
#1527=ORIENTED_EDGE('',*,*,#1519,.T.) ;
#1528=ORIENTED_EDGE('',*,*,#1488,.T.) ;
#1529=ORIENTED_EDGE('',*,*,#1524,.F.) ;
#1566=ORIENTED_EDGE('',*,*,#1545,.T.) ;
#1567=ORIENTED_EDGE('',*,*,#1552,.F.) ;
#1568=ORIENTED_EDGE('',*,*,#1559,.F.) ;
#1569=ORIENTED_EDGE('',*,*,#1564,.T.) ;
#1583=ORIENTED_EDGE('',*,*,#1576,.T.) ;
#1584=ORIENTED_EDGE('',*,*,#1564,.F.) ;
#1585=ORIENTED_EDGE('',*,*,#1581,.F.) ;
#1586=ORIENTED_EDGE('',*,*,#1552,.T.) ;
#1595=ORIENTED_EDGE('',*,*,#1519,.F.) ;
#1596=ORIENTED_EDGE('',*,*,#1495,.F.) ;
#1599=ORIENTED_EDGE('',*,*,#1581,.T.) ;
#1600=ORIENTED_EDGE('',*,*,#1559,.T.) ;
#1609=ORIENTED_EDGE('',*,*,#1507,.T.) ;
#1610=ORIENTED_EDGE('',*,*,#1524,.T.) ;
#1613=ORIENTED_EDGE('',*,*,#1545,.F.) ;
#1614=ORIENTED_EDGE('',*,*,#1576,.F.) ;
#1678=ORIENTED_EDGE('',*,*,#1657,.F.) ;
#1679=ORIENTED_EDGE('',*,*,#1664,.T.) ;
#1680=ORIENTED_EDGE('',*,*,#1671,.T.) ;
#1681=ORIENTED_EDGE('',*,*,#1676,.F.) ;
#1709=ORIENTED_EDGE('',*,*,#1671,.F.) ;
#1710=ORIENTED_EDGE('',*,*,#1695,.T.) ;
#1711=ORIENTED_EDGE('',*,*,#1702,.T.) ;
#1712=ORIENTED_EDGE('',*,*,#1707,.F.) ;
#1740=ORIENTED_EDGE('',*,*,#1702,.F.) ;
#1741=ORIENTED_EDGE('',*,*,#1726,.T.) ;
#1742=ORIENTED_EDGE('',*,*,#1733,.T.) ;
#1743=ORIENTED_EDGE('',*,*,#1738,.F.) ;
#1762=ORIENTED_EDGE('',*,*,#1733,.F.) ;
#1763=ORIENTED_EDGE('',*,*,#1755,.T.) ;
#1764=ORIENTED_EDGE('',*,*,#1657,.T.) ;
#1765=ORIENTED_EDGE('',*,*,#1760,.F.) ;
#1802=ORIENTED_EDGE('',*,*,#1781,.T.) ;
#1803=ORIENTED_EDGE('',*,*,#1788,.F.) ;
#1804=ORIENTED_EDGE('',*,*,#1795,.F.) ;
#1805=ORIENTED_EDGE('',*,*,#1800,.T.) ;
#1819=ORIENTED_EDGE('',*,*,#1812,.T.) ;
#1820=ORIENTED_EDGE('',*,*,#1800,.F.) ;
#1821=ORIENTED_EDGE('',*,*,#1817,.F.) ;
#1822=ORIENTED_EDGE('',*,*,#1788,.T.) ;
#1859=ORIENTED_EDGE('',*,*,#1838,.T.) ;
#1860=ORIENTED_EDGE('',*,*,#1845,.F.) ;
#1861=ORIENTED_EDGE('',*,*,#1852,.F.) ;
#1862=ORIENTED_EDGE('',*,*,#1857,.T.) ;
#1876=ORIENTED_EDGE('',*,*,#1869,.T.) ;
#1877=ORIENTED_EDGE('',*,*,#1857,.F.) ;
#1878=ORIENTED_EDGE('',*,*,#1874,.F.) ;
#1879=ORIENTED_EDGE('',*,*,#1845,.T.) ;
#1916=ORIENTED_EDGE('',*,*,#1895,.T.) ;
#1917=ORIENTED_EDGE('',*,*,#1902,.F.) ;
#1918=ORIENTED_EDGE('',*,*,#1909,.F.) ;
#1919=ORIENTED_EDGE('',*,*,#1914,.T.) ;
#1933=ORIENTED_EDGE('',*,*,#1926,.T.) ;
#1934=ORIENTED_EDGE('',*,*,#1914,.F.) ;
#1935=ORIENTED_EDGE('',*,*,#1931,.F.) ;
#1936=ORIENTED_EDGE('',*,*,#1902,.T.) ;
#1945=ORIENTED_EDGE('',*,*,#1755,.F.) ;
#1946=ORIENTED_EDGE('',*,*,#1726,.F.) ;
#1947=ORIENTED_EDGE('',*,*,#1695,.F.) ;
#1948=ORIENTED_EDGE('',*,*,#1664,.F.) ;
#1951=ORIENTED_EDGE('',*,*,#1817,.T.) ;
#1952=ORIENTED_EDGE('',*,*,#1795,.T.) ;
#1955=ORIENTED_EDGE('',*,*,#1874,.T.) ;
#1956=ORIENTED_EDGE('',*,*,#1852,.T.) ;
#1959=ORIENTED_EDGE('',*,*,#1931,.T.) ;
#1960=ORIENTED_EDGE('',*,*,#1909,.T.) ;
#1969=ORIENTED_EDGE('',*,*,#1676,.T.) ;
#1970=ORIENTED_EDGE('',*,*,#1707,.T.) ;
#1971=ORIENTED_EDGE('',*,*,#1738,.T.) ;
#1972=ORIENTED_EDGE('',*,*,#1760,.T.) ;
#1975=ORIENTED_EDGE('',*,*,#1781,.F.) ;
#1976=ORIENTED_EDGE('',*,*,#1812,.F.) ;
#1979=ORIENTED_EDGE('',*,*,#1838,.F.) ;
#1980=ORIENTED_EDGE('',*,*,#1869,.F.) ;
#1983=ORIENTED_EDGE('',*,*,#1895,.F.) ;
#1984=ORIENTED_EDGE('',*,*,#1926,.F.) ;
#2056=ORIENTED_EDGE('',*,*,#2035,.T.) ;
#2057=ORIENTED_EDGE('',*,*,#2042,.F.) ;
#2058=ORIENTED_EDGE('',*,*,#2049,.T.) ;
#2059=ORIENTED_EDGE('',*,*,#2054,.T.) ;
#2073=ORIENTED_EDGE('',*,*,#2066,.T.) ;
#2074=ORIENTED_EDGE('',*,*,#2054,.F.) ;
#2075=ORIENTED_EDGE('',*,*,#2071,.T.) ;
#2076=ORIENTED_EDGE('',*,*,#2042,.T.) ;
#2134=ORIENTED_EDGE('',*,*,#2092,.T.) ;
#2135=ORIENTED_EDGE('',*,*,#2099,.F.) ;
#2136=ORIENTED_EDGE('',*,*,#2106,.F.) ;
#2137=ORIENTED_EDGE('',*,*,#2113,.T.) ;
#2138=ORIENTED_EDGE('',*,*,#2120,.T.) ;
#2139=ORIENTED_EDGE('',*,*,#2127,.T.) ;
#2140=ORIENTED_EDGE('',*,*,#2132,.T.) ;
#2187=ORIENTED_EDGE('',*,*,#2156,.T.) ;
#2188=ORIENTED_EDGE('',*,*,#2163,.T.) ;
#2189=ORIENTED_EDGE('',*,*,#2168,.T.) ;
#2190=ORIENTED_EDGE('',*,*,#2127,.F.) ;
#2191=ORIENTED_EDGE('',*,*,#2175,.F.) ;
#2192=ORIENTED_EDGE('',*,*,#2180,.F.) ;
#2193=ORIENTED_EDGE('',*,*,#2185,.F.) ;
#2207=ORIENTED_EDGE('',*,*,#2205,.T.) ;
#2208=ORIENTED_EDGE('',*,*,#2185,.T.) ;
#2209=ORIENTED_EDGE('',*,*,#2132,.F.) ;
#2210=ORIENTED_EDGE('',*,*,#2168,.F.) ;
#2238=ORIENTED_EDGE('',*,*,#2224,.T.) ;
#2239=ORIENTED_EDGE('',*,*,#2231,.F.) ;
#2240=ORIENTED_EDGE('',*,*,#2236,.F.) ;
#2241=ORIENTED_EDGE('',*,*,#2163,.F.) ;
#2250=ORIENTED_EDGE('',*,*,#2236,.T.) ;
#2251=ORIENTED_EDGE('',*,*,#2248,.F.) ;
#2252=ORIENTED_EDGE('',*,*,#2224,.F.) ;
#2253=ORIENTED_EDGE('',*,*,#2156,.F.) ;
#2254=ORIENTED_EDGE('',*,*,#2205,.F.) ;
#2286=ORIENTED_EDGE('',*,*,#2265,.T.) ;
#2287=ORIENTED_EDGE('',*,*,#2272,.F.) ;
#2288=ORIENTED_EDGE('',*,*,#2279,.F.) ;
#2289=ORIENTED_EDGE('',*,*,#2284,.F.) ;
#2303=ORIENTED_EDGE('',*,*,#2279,.T.) ;
#2304=ORIENTED_EDGE('',*,*,#2296,.F.) ;
#2305=ORIENTED_EDGE('',*,*,#2265,.F.) ;
#2306=ORIENTED_EDGE('',*,*,#2301,.F.) ;
#2329=ORIENTED_EDGE('',*,*,#2322,.T.) ;
#2330=ORIENTED_EDGE('',*,*,#2327,.T.) ;
#2358=ORIENTED_EDGE('',*,*,#2344,.T.) ;
#2359=ORIENTED_EDGE('',*,*,#2322,.F.) ;
#2360=ORIENTED_EDGE('',*,*,#2351,.F.) ;
#2361=ORIENTED_EDGE('',*,*,#2356,.T.) ;
#2370=ORIENTED_EDGE('',*,*,#2351,.T.) ;
#2371=ORIENTED_EDGE('',*,*,#2327,.F.) ;
#2372=ORIENTED_EDGE('',*,*,#2344,.F.) ;
#2373=ORIENTED_EDGE('',*,*,#2368,.T.) ;
#2382=ORIENTED_EDGE('',*,*,#2248,.T.) ;
#2383=ORIENTED_EDGE('',*,*,#2231,.T.) ;
#2386=ORIENTED_EDGE('',*,*,#2368,.F.) ;
#2387=ORIENTED_EDGE('',*,*,#2356,.F.) ;
#2410=ORIENTED_EDGE('',*,*,#2120,.F.) ;
#2411=ORIENTED_EDGE('',*,*,#2396,.T.) ;
#2412=ORIENTED_EDGE('',*,*,#2403,.T.) ;
#2413=ORIENTED_EDGE('',*,*,#2408,.F.) ;
#2414=ORIENTED_EDGE('',*,*,#2092,.F.) ;
#2415=ORIENTED_EDGE('',*,*,#2180,.T.) ;
#2416=ORIENTED_EDGE('',*,*,#2175,.T.) ;
#2453=ORIENTED_EDGE('',*,*,#2432,.F.) ;
#2454=ORIENTED_EDGE('',*,*,#2439,.T.) ;
#2455=ORIENTED_EDGE('',*,*,#2446,.T.) ;
#2456=ORIENTED_EDGE('',*,*,#2451,.F.) ;
#2479=ORIENTED_EDGE('',*,*,#2446,.F.) ;
#2480=ORIENTED_EDGE('',*,*,#2465,.T.) ;
#2481=ORIENTED_EDGE('',*,*,#2472,.T.) ;
#2482=ORIENTED_EDGE('',*,*,#2477,.F.) ;
#2519=ORIENTED_EDGE('',*,*,#2498,.T.) ;
#2520=ORIENTED_EDGE('',*,*,#2505,.F.) ;
#2521=ORIENTED_EDGE('',*,*,#2512,.T.) ;
#2522=ORIENTED_EDGE('',*,*,#2517,.T.) ;
#2560=ORIENTED_EDGE('',*,*,#2538,.F.) ;
#2561=ORIENTED_EDGE('',*,*,#2543,.F.) ;
#2562=ORIENTED_EDGE('',*,*,#2396,.F.) ;
#2563=ORIENTED_EDGE('',*,*,#2113,.F.) ;
#2564=ORIENTED_EDGE('',*,*,#2548,.F.) ;
#2565=ORIENTED_EDGE('',*,*,#2517,.F.) ;
#2566=ORIENTED_EDGE('',*,*,#2553,.F.) ;
#2567=ORIENTED_EDGE('',*,*,#2465,.F.) ;
#2568=ORIENTED_EDGE('',*,*,#2439,.F.) ;
#2569=ORIENTED_EDGE('',*,*,#2558,.F.) ;
#2597=ORIENTED_EDGE('',*,*,#2583,.T.) ;
#2598=ORIENTED_EDGE('',*,*,#2590,.F.) ;
#2599=ORIENTED_EDGE('',*,*,#2595,.T.) ;
#2600=ORIENTED_EDGE('',*,*,#2538,.T.) ;
#2621=ORIENTED_EDGE('',*,*,#2614,.F.) ;
#2622=ORIENTED_EDGE('',*,*,#2619,.F.) ;
#2623=ORIENTED_EDGE('',*,*,#2403,.F.) ;
#2624=ORIENTED_EDGE('',*,*,#2543,.T.) ;
#2625=ORIENTED_EDGE('',*,*,#2595,.F.) ;
#2628=ORIENTED_EDGE('',*,*,#2296,.T.) ;
#2629=ORIENTED_EDGE('',*,*,#2272,.T.) ;
#2650=ORIENTED_EDGE('',*,*,#2643,.F.) ;
#2651=ORIENTED_EDGE('',*,*,#2583,.F.) ;
#2652=ORIENTED_EDGE('',*,*,#2558,.T.) ;
#2653=ORIENTED_EDGE('',*,*,#2432,.T.) ;
#2654=ORIENTED_EDGE('',*,*,#2648,.F.) ;
#2657=ORIENTED_EDGE('',*,*,#2301,.T.) ;
#2658=ORIENTED_EDGE('',*,*,#2284,.T.) ;
#2672=ORIENTED_EDGE('',*,*,#2643,.T.) ;
#2673=ORIENTED_EDGE('',*,*,#2670,.F.) ;
#2674=ORIENTED_EDGE('',*,*,#2614,.T.) ;
#2675=ORIENTED_EDGE('',*,*,#2590,.T.) ;
#2696=ORIENTED_EDGE('',*,*,#2498,.F.) ;
#2697=ORIENTED_EDGE('',*,*,#2548,.T.) ;
#2698=ORIENTED_EDGE('',*,*,#2106,.T.) ;
#2699=ORIENTED_EDGE('',*,*,#2689,.F.) ;
#2700=ORIENTED_EDGE('',*,*,#2694,.F.) ;
#2703=ORIENTED_EDGE('',*,*,#2071,.F.) ;
#2704=ORIENTED_EDGE('',*,*,#2049,.F.) ;
#2725=ORIENTED_EDGE('',*,*,#2718,.F.) ;
#2726=ORIENTED_EDGE('',*,*,#2472,.F.) ;
#2727=ORIENTED_EDGE('',*,*,#2553,.T.) ;
#2728=ORIENTED_EDGE('',*,*,#2512,.F.) ;
#2729=ORIENTED_EDGE('',*,*,#2723,.F.) ;
#2732=ORIENTED_EDGE('',*,*,#2066,.F.) ;
#2733=ORIENTED_EDGE('',*,*,#2035,.F.) ;
#2747=ORIENTED_EDGE('',*,*,#2689,.T.) ;
#2748=ORIENTED_EDGE('',*,*,#2099,.T.) ;
#2749=ORIENTED_EDGE('',*,*,#2408,.T.) ;
#2750=ORIENTED_EDGE('',*,*,#2619,.T.) ;
#2751=ORIENTED_EDGE('',*,*,#2670,.T.) ;
#2752=ORIENTED_EDGE('',*,*,#2648,.T.) ;
#2753=ORIENTED_EDGE('',*,*,#2451,.T.) ;
#2754=ORIENTED_EDGE('',*,*,#2477,.T.) ;
#2755=ORIENTED_EDGE('',*,*,#2718,.T.) ;
#2756=ORIENTED_EDGE('',*,*,#2745,.T.) ;
#2765=ORIENTED_EDGE('',*,*,#2694,.T.) ;
#2766=ORIENTED_EDGE('',*,*,#2745,.F.) ;
#2767=ORIENTED_EDGE('',*,*,#2723,.T.) ;
#2768=ORIENTED_EDGE('',*,*,#2505,.T.) ;
#2832=ORIENTED_EDGE('',*,*,#2811,.T.) ;
#2833=ORIENTED_EDGE('',*,*,#2818,.F.) ;
#2834=ORIENTED_EDGE('',*,*,#2825,.T.) ;
#2835=ORIENTED_EDGE('',*,*,#2830,.T.) ;
#2849=ORIENTED_EDGE('',*,*,#2842,.T.) ;
#2850=ORIENTED_EDGE('',*,*,#2830,.F.) ;
#2851=ORIENTED_EDGE('',*,*,#2847,.T.) ;
#2852=ORIENTED_EDGE('',*,*,#2818,.T.) ;
#2889=ORIENTED_EDGE('',*,*,#2868,.F.) ;
#2890=ORIENTED_EDGE('',*,*,#2875,.T.) ;
#2891=ORIENTED_EDGE('',*,*,#2882,.T.) ;
#2892=ORIENTED_EDGE('',*,*,#2887,.F.) ;
#2915=ORIENTED_EDGE('',*,*,#2908,.F.) ;
#2916=ORIENTED_EDGE('',*,*,#2913,.F.) ;
#2944=ORIENTED_EDGE('',*,*,#2930,.F.) ;
#2945=ORIENTED_EDGE('',*,*,#2908,.T.) ;
#2946=ORIENTED_EDGE('',*,*,#2937,.T.) ;
#2947=ORIENTED_EDGE('',*,*,#2942,.T.) ;
#2956=ORIENTED_EDGE('',*,*,#2937,.F.) ;
#2957=ORIENTED_EDGE('',*,*,#2913,.T.) ;
#2958=ORIENTED_EDGE('',*,*,#2930,.T.) ;
#2959=ORIENTED_EDGE('',*,*,#2954,.T.) ;
#2991=ORIENTED_EDGE('',*,*,#2970,.T.) ;
#2992=ORIENTED_EDGE('',*,*,#2977,.T.) ;
#2993=ORIENTED_EDGE('',*,*,#2984,.F.) ;
#2994=ORIENTED_EDGE('',*,*,#2989,.T.) ;
#3008=ORIENTED_EDGE('',*,*,#2984,.T.) ;
#3009=ORIENTED_EDGE('',*,*,#3001,.T.) ;
#3010=ORIENTED_EDGE('',*,*,#2970,.F.) ;
#3011=ORIENTED_EDGE('',*,*,#3006,.T.) ;
#3039=ORIENTED_EDGE('',*,*,#3027,.T.) ;
#3040=ORIENTED_EDGE('',*,*,#3032,.T.) ;
#3041=ORIENTED_EDGE('',*,*,#2942,.F.) ;
#3042=ORIENTED_EDGE('',*,*,#3037,.F.) ;
#3056=ORIENTED_EDGE('',*,*,#3054,.T.) ;
#3057=ORIENTED_EDGE('',*,*,#3037,.T.) ;
#3058=ORIENTED_EDGE('',*,*,#2954,.F.) ;
#3059=ORIENTED_EDGE('',*,*,#3032,.F.) ;
#3096=ORIENTED_EDGE('',*,*,#3075,.F.) ;
#3097=ORIENTED_EDGE('',*,*,#3082,.T.) ;
#3098=ORIENTED_EDGE('',*,*,#3089,.T.) ;
#3099=ORIENTED_EDGE('',*,*,#3094,.F.) ;
#3102=ORIENTED_EDGE('',*,*,#3027,.F.) ;
#3103=ORIENTED_EDGE('',*,*,#3054,.F.) ;
#3140=ORIENTED_EDGE('',*,*,#3119,.T.) ;
#3141=ORIENTED_EDGE('',*,*,#3126,.F.) ;
#3142=ORIENTED_EDGE('',*,*,#3133,.T.) ;
#3143=ORIENTED_EDGE('',*,*,#3138,.T.) ;
#3181=ORIENTED_EDGE('',*,*,#3157,.T.) ;
#3182=ORIENTED_EDGE('',*,*,#3094,.T.) ;
#3183=ORIENTED_EDGE('',*,*,#3162,.T.) ;
#3184=ORIENTED_EDGE('',*,*,#3126,.T.) ;
#3185=ORIENTED_EDGE('',*,*,#3167,.T.) ;
#3186=ORIENTED_EDGE('',*,*,#2887,.T.) ;
#3187=ORIENTED_EDGE('',*,*,#3174,.T.) ;
#3188=ORIENTED_EDGE('',*,*,#3179,.T.) ;
#3216=ORIENTED_EDGE('',*,*,#3202,.T.) ;
#3217=ORIENTED_EDGE('',*,*,#3179,.F.) ;
#3218=ORIENTED_EDGE('',*,*,#3209,.T.) ;
#3219=ORIENTED_EDGE('',*,*,#3214,.T.) ;
#3240=ORIENTED_EDGE('',*,*,#3133,.F.) ;
#3241=ORIENTED_EDGE('',*,*,#3162,.F.) ;
#3242=ORIENTED_EDGE('',*,*,#3089,.F.) ;
#3243=ORIENTED_EDGE('',*,*,#3233,.T.) ;
#3244=ORIENTED_EDGE('',*,*,#3238,.F.) ;
#3247=ORIENTED_EDGE('',*,*,#2847,.F.) ;
#3248=ORIENTED_EDGE('',*,*,#2825,.F.) ;
#3269=ORIENTED_EDGE('',*,*,#3262,.T.) ;
#3270=ORIENTED_EDGE('',*,*,#2868,.T.) ;
#3271=ORIENTED_EDGE('',*,*,#3167,.F.) ;
#3272=ORIENTED_EDGE('',*,*,#3119,.F.) ;
#3273=ORIENTED_EDGE('',*,*,#3267,.F.) ;
#3276=ORIENTED_EDGE('',*,*,#2842,.F.) ;
#3277=ORIENTED_EDGE('',*,*,#2811,.F.) ;
#3291=ORIENTED_EDGE('',*,*,#3267,.T.) ;
#3292=ORIENTED_EDGE('',*,*,#3138,.F.) ;
#3293=ORIENTED_EDGE('',*,*,#3238,.T.) ;
#3294=ORIENTED_EDGE('',*,*,#3289,.T.) ;
#3315=ORIENTED_EDGE('',*,*,#3209,.F.) ;
#3316=ORIENTED_EDGE('',*,*,#3174,.F.) ;
#3317=ORIENTED_EDGE('',*,*,#2882,.F.) ;
#3318=ORIENTED_EDGE('',*,*,#3308,.T.) ;
#3319=ORIENTED_EDGE('',*,*,#3313,.F.) ;
#3322=ORIENTED_EDGE('',*,*,#3006,.F.) ;
#3323=ORIENTED_EDGE('',*,*,#2989,.F.) ;
#3344=ORIENTED_EDGE('',*,*,#3337,.T.) ;
#3345=ORIENTED_EDGE('',*,*,#3075,.T.) ;
#3346=ORIENTED_EDGE('',*,*,#3157,.F.) ;
#3347=ORIENTED_EDGE('',*,*,#3202,.F.) ;
#3348=ORIENTED_EDGE('',*,*,#3342,.F.) ;
#3351=ORIENTED_EDGE('',*,*,#3001,.F.) ;
#3352=ORIENTED_EDGE('',*,*,#2977,.F.) ;
#3366=ORIENTED_EDGE('',*,*,#3364,.F.) ;
#3367=ORIENTED_EDGE('',*,*,#3308,.F.) ;
#3368=ORIENTED_EDGE('',*,*,#2875,.F.) ;
#3369=ORIENTED_EDGE('',*,*,#3262,.F.) ;
#3370=ORIENTED_EDGE('',*,*,#3289,.F.) ;
#3371=ORIENTED_EDGE('',*,*,#3233,.F.) ;
#3372=ORIENTED_EDGE('',*,*,#3082,.F.) ;
#3373=ORIENTED_EDGE('',*,*,#3337,.F.) ;
#3382=ORIENTED_EDGE('',*,*,#3342,.T.) ;
#3383=ORIENTED_EDGE('',*,*,#3214,.F.) ;
#3384=ORIENTED_EDGE('',*,*,#3313,.T.) ;
#3385=ORIENTED_EDGE('',*,*,#3364,.T.) ;
#3462=ORIENTED_EDGE('',*,*,#3441,.F.) ;
#3463=ORIENTED_EDGE('',*,*,#3448,.T.) ;
#3464=ORIENTED_EDGE('',*,*,#3455,.T.) ;
#3465=ORIENTED_EDGE('',*,*,#3460,.F.) ;
#3479=ORIENTED_EDGE('',*,*,#3455,.F.) ;
#3480=ORIENTED_EDGE('',*,*,#3472,.T.) ;
#3481=ORIENTED_EDGE('',*,*,#3441,.T.) ;
#3482=ORIENTED_EDGE('',*,*,#3477,.F.) ;
#3491=ORIENTED_EDGE('',*,*,#3472,.F.) ;
#3492=ORIENTED_EDGE('',*,*,#3448,.F.) ;
#3501=ORIENTED_EDGE('',*,*,#3460,.T.) ;
#3502=ORIENTED_EDGE('',*,*,#3477,.T.) ;
#3567=ORIENTED_EDGE('',*,*,#3560,.F.) ;
#3568=ORIENTED_EDGE('',*,*,#3565,.F.) ;
#3585=ORIENTED_EDGE('',*,*,#3578,.T.) ;
#3586=ORIENTED_EDGE('',*,*,#3583,.T.) ;
#3609=ORIENTED_EDGE('',*,*,#3602,.T.) ;
#3610=ORIENTED_EDGE('',*,*,#3607,.T.) ;
#3629=ORIENTED_EDGE('',*,*,#3622,.F.) ;
#3630=ORIENTED_EDGE('',*,*,#3560,.T.) ;
#3631=ORIENTED_EDGE('',*,*,#3627,.T.) ;
#3632=ORIENTED_EDGE('',*,*,#3607,.F.) ;
#3636=ORIENTED_EDGE('',*,*,#3627,.F.) ;
#3637=ORIENTED_EDGE('',*,*,#3565,.T.) ;
#3638=ORIENTED_EDGE('',*,*,#3622,.T.) ;
#3639=ORIENTED_EDGE('',*,*,#3602,.F.) ;
#3667=ORIENTED_EDGE('',*,*,#3653,.F.) ;
#3668=ORIENTED_EDGE('',*,*,#3660,.T.) ;
#3669=ORIENTED_EDGE('',*,*,#3665,.T.) ;
#3670=ORIENTED_EDGE('',*,*,#3583,.F.) ;
#3679=ORIENTED_EDGE('',*,*,#3665,.F.) ;
#3680=ORIENTED_EDGE('',*,*,#3677,.T.) ;
#3681=ORIENTED_EDGE('',*,*,#3653,.T.) ;
#3682=ORIENTED_EDGE('',*,*,#3578,.F.) ;
#3761=ORIENTED_EDGE('',*,*,#3698,.T.) ;
#3762=ORIENTED_EDGE('',*,*,#3705,.T.) ;
#3763=ORIENTED_EDGE('',*,*,#3712,.T.) ;
#3764=ORIENTED_EDGE('',*,*,#3719,.T.) ;
#3765=ORIENTED_EDGE('',*,*,#3726,.T.) ;
#3766=ORIENTED_EDGE('',*,*,#3733,.T.) ;
#3767=ORIENTED_EDGE('',*,*,#3740,.T.) ;
#3768=ORIENTED_EDGE('',*,*,#3747,.T.) ;
#3769=ORIENTED_EDGE('',*,*,#3754,.T.) ;
#3770=ORIENTED_EDGE('',*,*,#3759,.T.) ;
#3773=ORIENTED_EDGE('',*,*,#3660,.F.) ;
#3774=ORIENTED_EDGE('',*,*,#3677,.F.) ;
#3791=ORIENTED_EDGE('',*,*,#3784,.F.) ;
#3792=ORIENTED_EDGE('',*,*,#3789,.F.) ;
#3820=ORIENTED_EDGE('',*,*,#3806,.F.) ;
#3821=ORIENTED_EDGE('',*,*,#3813,.T.) ;
#3822=ORIENTED_EDGE('',*,*,#3818,.T.) ;
#3823=ORIENTED_EDGE('',*,*,#3698,.F.) ;
#3844=ORIENTED_EDGE('',*,*,#3818,.F.) ;
#3845=ORIENTED_EDGE('',*,*,#3837,.T.) ;
#3846=ORIENTED_EDGE('',*,*,#3842,.T.) ;
#3847=ORIENTED_EDGE('',*,*,#3705,.F.) ;
#3868=ORIENTED_EDGE('',*,*,#3842,.F.) ;
#3869=ORIENTED_EDGE('',*,*,#3861,.T.) ;
#3870=ORIENTED_EDGE('',*,*,#3866,.T.) ;
#3871=ORIENTED_EDGE('',*,*,#3712,.F.) ;
#3892=ORIENTED_EDGE('',*,*,#3866,.F.) ;
#3893=ORIENTED_EDGE('',*,*,#3885,.T.) ;
#3894=ORIENTED_EDGE('',*,*,#3890,.T.) ;
#3895=ORIENTED_EDGE('',*,*,#3719,.F.) ;
#3916=ORIENTED_EDGE('',*,*,#3890,.F.) ;
#3917=ORIENTED_EDGE('',*,*,#3909,.T.) ;
#3918=ORIENTED_EDGE('',*,*,#3914,.T.) ;
#3919=ORIENTED_EDGE('',*,*,#3726,.F.) ;
#3940=ORIENTED_EDGE('',*,*,#3914,.F.) ;
#3941=ORIENTED_EDGE('',*,*,#3933,.T.) ;
#3942=ORIENTED_EDGE('',*,*,#3938,.T.) ;
#3943=ORIENTED_EDGE('',*,*,#3733,.F.) ;
#3964=ORIENTED_EDGE('',*,*,#3938,.F.) ;
#3965=ORIENTED_EDGE('',*,*,#3957,.T.) ;
#3966=ORIENTED_EDGE('',*,*,#3962,.T.) ;
#3967=ORIENTED_EDGE('',*,*,#3740,.F.) ;
#3988=ORIENTED_EDGE('',*,*,#3962,.F.) ;
#3989=ORIENTED_EDGE('',*,*,#3981,.T.) ;
#3990=ORIENTED_EDGE('',*,*,#3986,.T.) ;
#3991=ORIENTED_EDGE('',*,*,#3747,.F.) ;
#4012=ORIENTED_EDGE('',*,*,#3986,.F.) ;
#4013=ORIENTED_EDGE('',*,*,#4005,.T.) ;
#4014=ORIENTED_EDGE('',*,*,#4010,.T.) ;
#4015=ORIENTED_EDGE('',*,*,#3754,.F.) ;
#4024=ORIENTED_EDGE('',*,*,#4010,.F.) ;
#4025=ORIENTED_EDGE('',*,*,#4022,.T.) ;
#4026=ORIENTED_EDGE('',*,*,#3806,.T.) ;
#4027=ORIENTED_EDGE('',*,*,#3759,.F.) ;
#4055=ORIENTED_EDGE('',*,*,#3784,.T.) ;
#4056=ORIENTED_EDGE('',*,*,#4041,.F.) ;
#4057=ORIENTED_EDGE('',*,*,#4048,.F.) ;
#4058=ORIENTED_EDGE('',*,*,#4053,.T.) ;
#4067=ORIENTED_EDGE('',*,*,#3789,.T.) ;
#4068=ORIENTED_EDGE('',*,*,#4053,.F.) ;
#4069=ORIENTED_EDGE('',*,*,#4065,.F.) ;
#4070=ORIENTED_EDGE('',*,*,#4041,.T.) ;
#4079=ORIENTED_EDGE('',*,*,#4022,.F.) ;
#4080=ORIENTED_EDGE('',*,*,#4005,.F.) ;
#4081=ORIENTED_EDGE('',*,*,#3981,.F.) ;
#4082=ORIENTED_EDGE('',*,*,#3957,.F.) ;
#4083=ORIENTED_EDGE('',*,*,#3933,.F.) ;
#4084=ORIENTED_EDGE('',*,*,#3909,.F.) ;
#4085=ORIENTED_EDGE('',*,*,#3885,.F.) ;
#4086=ORIENTED_EDGE('',*,*,#3861,.F.) ;
#4087=ORIENTED_EDGE('',*,*,#3837,.F.) ;
#4088=ORIENTED_EDGE('',*,*,#3813,.F.) ;
#4091=ORIENTED_EDGE('',*,*,#4065,.T.) ;
#4092=ORIENTED_EDGE('',*,*,#4048,.T.) ;
#4156=ORIENTED_EDGE('',*,*,#4135,.T.) ;
#4157=ORIENTED_EDGE('',*,*,#4142,.F.) ;
#4158=ORIENTED_EDGE('',*,*,#4149,.F.) ;
#4159=ORIENTED_EDGE('',*,*,#4154,.T.) ;
#4187=ORIENTED_EDGE('',*,*,#4173,.T.) ;
#4188=ORIENTED_EDGE('',*,*,#4154,.F.) ;
#4189=ORIENTED_EDGE('',*,*,#4180,.F.) ;
#4190=ORIENTED_EDGE('',*,*,#4185,.T.) ;
#4225=ORIENTED_EDGE('',*,*,#4149,.T.) ;
#4226=ORIENTED_EDGE('',*,*,#4204,.T.) ;
#4227=ORIENTED_EDGE('',*,*,#4211,.T.) ;
#4228=ORIENTED_EDGE('',*,*,#4218,.T.) ;
#4229=ORIENTED_EDGE('',*,*,#4223,.T.) ;
#4230=ORIENTED_EDGE('',*,*,#4180,.T.) ;
#4265=ORIENTED_EDGE('',*,*,#4173,.F.) ;
#4266=ORIENTED_EDGE('',*,*,#4244,.F.) ;
#4267=ORIENTED_EDGE('',*,*,#4251,.F.) ;
#4268=ORIENTED_EDGE('',*,*,#4258,.F.) ;
#4269=ORIENTED_EDGE('',*,*,#4263,.F.) ;
#4270=ORIENTED_EDGE('',*,*,#4135,.F.) ;
#4279=ORIENTED_EDGE('',*,*,#4244,.T.) ;
#4280=ORIENTED_EDGE('',*,*,#4185,.F.) ;
#4281=ORIENTED_EDGE('',*,*,#4223,.F.) ;
#4282=ORIENTED_EDGE('',*,*,#4277,.T.) ;
#4296=ORIENTED_EDGE('',*,*,#4251,.T.) ;
#4297=ORIENTED_EDGE('',*,*,#4277,.F.) ;
#4298=ORIENTED_EDGE('',*,*,#4218,.F.) ;
#4299=ORIENTED_EDGE('',*,*,#4294,.T.) ;
#4331=ORIENTED_EDGE('',*,*,#4310,.F.) ;
#4332=ORIENTED_EDGE('',*,*,#4317,.T.) ;
#4333=ORIENTED_EDGE('',*,*,#4324,.T.) ;
#4334=ORIENTED_EDGE('',*,*,#4329,.F.) ;
#4357=ORIENTED_EDGE('',*,*,#4345,.F.) ;
#4358=ORIENTED_EDGE('',*,*,#4350,.T.) ;
#4359=ORIENTED_EDGE('',*,*,#4310,.T.) ;
#4360=ORIENTED_EDGE('',*,*,#4355,.F.) ;
#4395=ORIENTED_EDGE('',*,*,#4350,.F.) ;
#4396=ORIENTED_EDGE('',*,*,#4374,.F.) ;
#4397=ORIENTED_EDGE('',*,*,#4381,.F.) ;
#4398=ORIENTED_EDGE('',*,*,#4388,.F.) ;
#4399=ORIENTED_EDGE('',*,*,#4393,.F.) ;
#4400=ORIENTED_EDGE('',*,*,#4317,.F.) ;
#4435=ORIENTED_EDGE('',*,*,#4329,.T.) ;
#4436=ORIENTED_EDGE('',*,*,#4414,.T.) ;
#4437=ORIENTED_EDGE('',*,*,#4421,.T.) ;
#4438=ORIENTED_EDGE('',*,*,#4428,.T.) ;
#4439=ORIENTED_EDGE('',*,*,#4433,.T.) ;
#4440=ORIENTED_EDGE('',*,*,#4355,.T.) ;
#4449=ORIENTED_EDGE('',*,*,#4447,.F.) ;
#4450=ORIENTED_EDGE('',*,*,#4374,.T.) ;
#4451=ORIENTED_EDGE('',*,*,#4345,.T.) ;
#4452=ORIENTED_EDGE('',*,*,#4433,.F.) ;
#4546=ORIENTED_EDGE('',*,*,#4466,.T.) ;
#4547=ORIENTED_EDGE('',*,*,#4473,.T.) ;
#4548=ORIENTED_EDGE('',*,*,#4480,.T.) ;
#4549=ORIENTED_EDGE('',*,*,#4487,.T.) ;
#4550=ORIENTED_EDGE('',*,*,#4494,.T.) ;
#4551=ORIENTED_EDGE('',*,*,#4501,.T.) ;
#4552=ORIENTED_EDGE('',*,*,#4508,.T.) ;
#4553=ORIENTED_EDGE('',*,*,#4515,.T.) ;
#4554=ORIENTED_EDGE('',*,*,#4522,.T.) ;
#4555=ORIENTED_EDGE('',*,*,#4529,.T.) ;
#4556=ORIENTED_EDGE('',*,*,#4534,.T.) ;
#4557=ORIENTED_EDGE('',*,*,#4388,.T.) ;
#4558=ORIENTED_EDGE('',*,*,#4539,.T.) ;
#4559=ORIENTED_EDGE('',*,*,#4421,.F.) ;
#4560=ORIENTED_EDGE('',*,*,#4544,.T.) ;
#4561=ORIENTED_EDGE('',*,*,#4258,.T.) ;
#4562=ORIENTED_EDGE('',*,*,#4294,.F.) ;
#4563=ORIENTED_EDGE('',*,*,#4211,.F.) ;
#4594=ORIENTED_EDGE('',*,*,#4573,.F.) ;
#4595=ORIENTED_EDGE('',*,*,#4580,.F.) ;
#4596=ORIENTED_EDGE('',*,*,#4587,.F.) ;
#4597=ORIENTED_EDGE('',*,*,#4592,.F.) ;
#4601=ORIENTED_EDGE('',*,*,#4539,.F.) ;
#4602=ORIENTED_EDGE('',*,*,#4381,.T.) ;
#4603=ORIENTED_EDGE('',*,*,#4447,.T.) ;
#4604=ORIENTED_EDGE('',*,*,#4428,.F.) ;
#4632=ORIENTED_EDGE('',*,*,#4618,.T.) ;
#4633=ORIENTED_EDGE('',*,*,#4480,.F.) ;
#4634=ORIENTED_EDGE('',*,*,#4625,.F.) ;
#4635=ORIENTED_EDGE('',*,*,#4630,.F.) ;
#4663=ORIENTED_EDGE('',*,*,#4630,.T.) ;
#4664=ORIENTED_EDGE('',*,*,#4649,.T.) ;
#4665=ORIENTED_EDGE('',*,*,#4656,.T.) ;
#4666=ORIENTED_EDGE('',*,*,#4661,.T.) ;
#4685=ORIENTED_EDGE('',*,*,#4678,.T.) ;
#4686=ORIENTED_EDGE('',*,*,#4522,.F.) ;
#4687=ORIENTED_EDGE('',*,*,#4683,.F.) ;
#4688=ORIENTED_EDGE('',*,*,#4656,.F.) ;
#4711=ORIENTED_EDGE('',*,*,#4683,.T.) ;
#4712=ORIENTED_EDGE('',*,*,#4515,.F.) ;
#4713=ORIENTED_EDGE('',*,*,#4697,.F.) ;
#4714=ORIENTED_EDGE('',*,*,#4704,.T.) ;
#4715=ORIENTED_EDGE('',*,*,#4709,.T.) ;
#4716=ORIENTED_EDGE('',*,*,#4487,.F.) ;
#4717=ORIENTED_EDGE('',*,*,#4618,.F.) ;
#4718=ORIENTED_EDGE('',*,*,#4661,.F.) ;
#4739=ORIENTED_EDGE('',*,*,#4709,.F.) ;
#4740=ORIENTED_EDGE('',*,*,#4732,.T.) ;
#4741=ORIENTED_EDGE('',*,*,#4737,.T.) ;
#4742=ORIENTED_EDGE('',*,*,#4494,.F.) ;
#4763=ORIENTED_EDGE('',*,*,#4737,.F.) ;
#4764=ORIENTED_EDGE('',*,*,#4756,.T.) ;
#4765=ORIENTED_EDGE('',*,*,#4761,.T.) ;
#4766=ORIENTED_EDGE('',*,*,#4501,.F.) ;
#4780=ORIENTED_EDGE('',*,*,#4761,.F.) ;
#4781=ORIENTED_EDGE('',*,*,#4778,.T.) ;
#4782=ORIENTED_EDGE('',*,*,#4697,.T.) ;
#4783=ORIENTED_EDGE('',*,*,#4508,.F.) ;
#4811=ORIENTED_EDGE('',*,*,#4573,.T.) ;
#4812=ORIENTED_EDGE('',*,*,#4797,.F.) ;
#4813=ORIENTED_EDGE('',*,*,#4804,.F.) ;
#4814=ORIENTED_EDGE('',*,*,#4809,.T.) ;
#4835=ORIENTED_EDGE('',*,*,#4580,.T.) ;
#4836=ORIENTED_EDGE('',*,*,#4809,.F.) ;
#4837=ORIENTED_EDGE('',*,*,#4828,.F.) ;
#4838=ORIENTED_EDGE('',*,*,#4833,.T.) ;
#4859=ORIENTED_EDGE('',*,*,#4587,.T.) ;
#4860=ORIENTED_EDGE('',*,*,#4833,.F.) ;
#4861=ORIENTED_EDGE('',*,*,#4852,.F.) ;
#4862=ORIENTED_EDGE('',*,*,#4857,.T.) ;
#4876=ORIENTED_EDGE('',*,*,#4592,.T.) ;
#4877=ORIENTED_EDGE('',*,*,#4857,.F.) ;
#4878=ORIENTED_EDGE('',*,*,#4874,.F.) ;
#4879=ORIENTED_EDGE('',*,*,#4797,.T.) ;
#4888=ORIENTED_EDGE('',*,*,#4704,.F.) ;
#4889=ORIENTED_EDGE('',*,*,#4778,.F.) ;
#4890=ORIENTED_EDGE('',*,*,#4756,.F.) ;
#4891=ORIENTED_EDGE('',*,*,#4732,.F.) ;
#4894=ORIENTED_EDGE('',*,*,#4874,.T.) ;
#4895=ORIENTED_EDGE('',*,*,#4852,.T.) ;
#4896=ORIENTED_EDGE('',*,*,#4828,.T.) ;
#4897=ORIENTED_EDGE('',*,*,#4804,.T.) ;
#4906=ORIENTED_EDGE('',*,*,#4263,.T.) ;
#4907=ORIENTED_EDGE('',*,*,#4544,.F.) ;
#4908=ORIENTED_EDGE('',*,*,#4414,.F.) ;
#4909=ORIENTED_EDGE('',*,*,#4324,.F.) ;
#4910=ORIENTED_EDGE('',*,*,#4393,.T.) ;
#4911=ORIENTED_EDGE('',*,*,#4534,.F.) ;
#4912=ORIENTED_EDGE('',*,*,#4529,.F.) ;
#4913=ORIENTED_EDGE('',*,*,#4678,.F.) ;
#4914=ORIENTED_EDGE('',*,*,#4649,.F.) ;
#4915=ORIENTED_EDGE('',*,*,#4625,.T.) ;
#4916=ORIENTED_EDGE('',*,*,#4473,.F.) ;
#4917=ORIENTED_EDGE('',*,*,#4466,.F.) ;
#4918=ORIENTED_EDGE('',*,*,#4204,.F.) ;
#4919=ORIENTED_EDGE('',*,*,#4142,.T.) ;
#4983=ORIENTED_EDGE('',*,*,#4962,.F.) ;
#4984=ORIENTED_EDGE('',*,*,#4969,.T.) ;
#4985=ORIENTED_EDGE('',*,*,#4976,.T.) ;
#4986=ORIENTED_EDGE('',*,*,#4981,.F.) ;
#5000=ORIENTED_EDGE('',*,*,#4976,.F.) ;
#5001=ORIENTED_EDGE('',*,*,#4993,.T.) ;
#5002=ORIENTED_EDGE('',*,*,#4962,.T.) ;
#5003=ORIENTED_EDGE('',*,*,#4998,.F.) ;
#5012=ORIENTED_EDGE('',*,*,#4993,.F.) ;
#5013=ORIENTED_EDGE('',*,*,#4969,.F.) ;
#5022=ORIENTED_EDGE('',*,*,#4981,.T.) ;
#5023=ORIENTED_EDGE('',*,*,#4998,.T.) ;
#5087=ORIENTED_EDGE('',*,*,#5066,.F.) ;
#5088=ORIENTED_EDGE('',*,*,#5073,.T.) ;
#5089=ORIENTED_EDGE('',*,*,#5080,.T.) ;
#5090=ORIENTED_EDGE('',*,*,#5085,.F.) ;
#5104=ORIENTED_EDGE('',*,*,#5080,.F.) ;
#5105=ORIENTED_EDGE('',*,*,#5097,.T.) ;
#5106=ORIENTED_EDGE('',*,*,#5066,.T.) ;
#5107=ORIENTED_EDGE('',*,*,#5102,.F.) ;
#5144=ORIENTED_EDGE('',*,*,#5123,.T.) ;
#5145=ORIENTED_EDGE('',*,*,#5130,.F.) ;
#5146=ORIENTED_EDGE('',*,*,#5137,.F.) ;
#5147=ORIENTED_EDGE('',*,*,#5142,.T.) ;
#5161=ORIENTED_EDGE('',*,*,#5154,.T.) ;
#5162=ORIENTED_EDGE('',*,*,#5142,.F.) ;
#5163=ORIENTED_EDGE('',*,*,#5159,.F.) ;
#5164=ORIENTED_EDGE('',*,*,#5130,.T.) ;
#5173=ORIENTED_EDGE('',*,*,#5097,.F.) ;
#5174=ORIENTED_EDGE('',*,*,#5073,.F.) ;
#5177=ORIENTED_EDGE('',*,*,#5159,.T.) ;
#5178=ORIENTED_EDGE('',*,*,#5137,.T.) ;
#5187=ORIENTED_EDGE('',*,*,#5085,.T.) ;
#5188=ORIENTED_EDGE('',*,*,#5102,.T.) ;
#5191=ORIENTED_EDGE('',*,*,#5123,.F.) ;
#5192=ORIENTED_EDGE('',*,*,#5154,.F.) ;
#103=FACE_BOUND('',#100,.T.) ;
#331=FACE_BOUND('',#328,.T.) ;
#349=FACE_BOUND('',#346,.T.) ;
#367=FACE_BOUND('',#364,.T.) ;
#385=FACE_BOUND('',#382,.T.) ;
#419=FACE_BOUND('',#414,.T.) ;
#1072=FACE_BOUND('',#1066,.T.) ;
#1076=FACE_BOUND('',#1073,.T.) ;
#1080=FACE_BOUND('',#1077,.T.) ;
#1086=FACE_BOUND('',#1081,.T.) ;
#1393=FACE_BOUND('',#1390,.T.) ;
#1601=FACE_BOUND('',#1598,.T.) ;
#1615=FACE_BOUND('',#1612,.T.) ;
#1953=FACE_BOUND('',#1950,.T.) ;
#1957=FACE_BOUND('',#1954,.T.) ;
#1961=FACE_BOUND('',#1958,.T.) ;
#1977=FACE_BOUND('',#1974,.T.) ;
#1981=FACE_BOUND('',#1978,.T.) ;
#1985=FACE_BOUND('',#1982,.T.) ;
#2388=FACE_BOUND('',#2385,.T.) ;
#2630=FACE_BOUND('',#2627,.T.) ;
#2659=FACE_BOUND('',#2656,.T.) ;
#2705=FACE_BOUND('',#2702,.T.) ;
#2734=FACE_BOUND('',#2731,.T.) ;
#3104=FACE_BOUND('',#3101,.T.) ;
#3249=FACE_BOUND('',#3246,.T.) ;
#3278=FACE_BOUND('',#3275,.T.) ;
#3324=FACE_BOUND('',#3321,.T.) ;
#3353=FACE_BOUND('',#3350,.T.) ;
#3587=FACE_BOUND('',#3584,.T.) ;
#3775=FACE_BOUND('',#3772,.T.) ;
#3793=FACE_BOUND('',#3790,.T.) ;
#4093=FACE_BOUND('',#4090,.T.) ;
#4598=FACE_BOUND('',#4593,.T.) ;
#4898=FACE_BOUND('',#4893,.T.) ;
#5179=FACE_BOUND('',#5176,.T.) ;
#5193=FACE_BOUND('',#5190,.T.) ;
#62=CLOSED_SHELL('Closed Shell',(#104,#128,#150,#157,#188,#200,#420,#451,#470,#494,#518,#542,#566,#590,#614,#638,#662,#686,#710,#734,#758,#775,#830,#842,#873,#885,#916,#928,#959,#983,#1007,#1024,#1087,#1111,#1135,#1152,#1164)) ;
#1195=CLOSED_SHELL('Closed Shell',(#1235,#1252,#1262,#1272)) ;
#1299=CLOSED_SHELL('Closed Shell',(#1339,#1356,#1366,#1394,#1418,#1440,#1447)) ;
#1474=CLOSED_SHELL('Closed Shell',(#1514,#1531,#1571,#1588,#1602,#1616)) ;
#1643=CLOSED_SHELL('Closed Shell',(#1683,#1714,#1745,#1767,#1807,#1824,#1864,#1881,#1921,#1938,#1962,#1986)) ;
#2021=CLOSED_SHELL('Closed Shell',(#2061,#2078,#2142,#2195,#2212,#2243,#2256,#2291,#2308,#2332,#2363,#2375,#2389,#2418,#2458,#2484,#2524,#2571,#2602,#2631,#2660,#2677,#2706,#2735,#2758,#2770)) ;
#2797=CLOSED_SHELL('Closed Shell',(#2837,#2854,#2894,#2918,#2949,#2961,#2996,#3013,#3044,#3061,#3105,#3145,#3190,#3221,#3250,#3279,#3296,#3325,#3354,#3375,#3387)) ;
#3427=CLOSED_SHELL('Closed Shell',(#3467,#3484,#3494,#3504)) ;
#3546=CLOSED_SHELL('Closed Shell',(#3588,#3612,#3634,#3641,#3672,#3684,#3794,#3825,#3849,#3873,#3897,#3921,#3945,#3969,#3993,#4017,#4029,#4060,#4072,#4094)) ;
#4121=CLOSED_SHELL('Closed Shell',(#4161,#4192,#4232,#4272,#4284,#4301,#4336,#4362,#4402,#4442,#4454,#4599,#4606,#4637,#4668,#4690,#4720,#4744,#4768,#4785,#4816,#4840,#4864,#4881,#4899,#4921)) ;
#4948=CLOSED_SHELL('Closed Shell',(#4988,#5005,#5015,#5025)) ;
#5052=CLOSED_SHELL('Closed Shell',(#5092,#5109,#5149,#5166,#5180,#5194)) ;
#1176=ITEM_DEFINED_TRANSFORMATION(' ',' ',#1178,#1177) ;
#1280=ITEM_DEFINED_TRANSFORMATION(' ',' ',#1282,#1281) ;
#1455=ITEM_DEFINED_TRANSFORMATION(' ',' ',#1457,#1456) ;
#1624=ITEM_DEFINED_TRANSFORMATION(' ',' ',#1626,#1625) ;
#1994=ITEM_DEFINED_TRANSFORMATION(' ',' ',#1996,#1995) ;
#2778=ITEM_DEFINED_TRANSFORMATION(' ',' ',#2780,#2779) ;
#3395=ITEM_DEFINED_TRANSFORMATION(' ',' ',#3397,#3396) ;
#3408=ITEM_DEFINED_TRANSFORMATION(' ',' ',#3410,#3409) ;
#3512=ITEM_DEFINED_TRANSFORMATION(' ',' ',#3514,#3513) ;
#3527=ITEM_DEFINED_TRANSFORMATION(' ',' ',#3529,#3528) ;
#4102=ITEM_DEFINED_TRANSFORMATION(' ',' ',#4104,#4103) ;
#4929=ITEM_DEFINED_TRANSFORMATION(' ',' ',#4931,#4930) ;
#5033=ITEM_DEFINED_TRANSFORMATION(' ',' ',#5035,#5034) ;
#5202=ITEM_DEFINED_TRANSFORMATION(' ',' ',#5204,#5203) ;
#136=VECTOR('Line Direction',#135,1.) ;
#141=VECTOR('Line Direction',#140,1.) ;
#165=VECTOR('Line Direction',#164,1.) ;
#179=VECTOR('Line Direction',#178,1.) ;
#208=VECTOR('Line Direction',#207,1.) ;
#217=VECTOR('Line Direction',#216,1.) ;
#238=VECTOR('Line Direction',#237,1.) ;
#252=VECTOR('Line Direction',#251,1.) ;
#273=VECTOR('Line Direction',#272,1.) ;
#287=VECTOR('Line Direction',#286,1.) ;
#301=VECTOR('Line Direction',#300,1.) ;
#428=VECTOR('Line Direction',#427,1.) ;
#437=VECTOR('Line Direction',#436,1.) ;
#442=VECTOR('Line Direction',#441,1.) ;
#454=VECTOR('Line Direction',#453,1.) ;
#461=VECTOR('Line Direction',#460,1.) ;
#485=VECTOR('Line Direction',#484,1.) ;
#509=VECTOR('Line Direction',#508,1.) ;
#526=VECTOR('Line Direction',#525,1.) ;
#533=VECTOR('Line Direction',#532,1.) ;
#550=VECTOR('Line Direction',#549,1.) ;
#574=VECTOR('Line Direction',#573,1.) ;
#581=VECTOR('Line Direction',#580,1.) ;
#605=VECTOR('Line Direction',#604,1.) ;
#629=VECTOR('Line Direction',#628,1.) ;
#646=VECTOR('Line Direction',#645,1.) ;
#653=VECTOR('Line Direction',#652,1.) ;
#670=VECTOR('Line Direction',#669,1.) ;
#694=VECTOR('Line Direction',#693,1.) ;
#701=VECTOR('Line Direction',#700,1.) ;
#725=VECTOR('Line Direction',#724,1.) ;
#742=VECTOR('Line Direction',#741,1.) ;
#749=VECTOR('Line Direction',#748,1.) ;
#792=VECTOR('Line Direction',#791,1.) ;
#799=VECTOR('Line Direction',#798,1.) ;
#804=VECTOR('Line Direction',#803,1.) ;
#818=VECTOR('Line Direction',#817,1.) ;
#850=VECTOR('Line Direction',#849,1.) ;
#864=VECTOR('Line Direction',#863,1.) ;
#893=VECTOR('Line Direction',#892,1.) ;
#907=VECTOR('Line Direction',#906,1.) ;
#936=VECTOR('Line Direction',#935,1.) ;
#950=VECTOR('Line Direction',#949,1.) ;
#974=VECTOR('Line Direction',#973,1.) ;
#998=VECTOR('Line Direction',#997,1.) ;
#1049=VECTOR('Line Direction',#1048,1.) ;
#1063=VECTOR('Line Direction',#1062,1.) ;
#1095=VECTOR('Line Direction',#1094,1.) ;
#1102=VECTOR('Line Direction',#1101,1.) ;
#1119=VECTOR('Line Direction',#1118,1.) ;
#1126=VECTOR('Line Direction',#1125,1.) ;
#1203=VECTOR('Line Direction',#1202,1.) ;
#1219=VECTOR('Line Direction',#1218,1.) ;
#1316=VECTOR('Line Direction',#1315,1.) ;
#1330=VECTOR('Line Direction',#1329,1.) ;
#1426=VECTOR('Line Direction',#1425,1.) ;
#1431=VECTOR('Line Direction',#1430,1.) ;
#1482=VECTOR('Line Direction',#1481,1.) ;
#1498=VECTOR('Line Direction',#1497,1.) ;
#1548=VECTOR('Line Direction',#1547,1.) ;
#1562=VECTOR('Line Direction',#1561,1.) ;
#1651=VECTOR('Line Direction',#1650,1.) ;
#1667=VECTOR('Line Direction',#1666,1.) ;
#1691=VECTOR('Line Direction',#1690,1.) ;
#1698=VECTOR('Line Direction',#1697,1.) ;
#1705=VECTOR('Line Direction',#1704,1.) ;
#1729=VECTOR('Line Direction',#1728,1.) ;
#1753=VECTOR('Line Direction',#1752,1.) ;
#1758=VECTOR('Line Direction',#1757,1.) ;
#1784=VECTOR('Line Direction',#1783,1.) ;
#1798=VECTOR('Line Direction',#1797,1.) ;
#1841=VECTOR('Line Direction',#1840,1.) ;
#1855=VECTOR('Line Direction',#1854,1.) ;
#1898=VECTOR('Line Direction',#1897,1.) ;
#1912=VECTOR('Line Direction',#1911,1.) ;
#2038=VECTOR('Line Direction',#2037,1.) ;
#2052=VECTOR('Line Direction',#2051,1.) ;
#2086=VECTOR('Line Direction',#2085,1.) ;
#2095=VECTOR('Line Direction',#2094,1.) ;
#2102=VECTOR('Line Direction',#2101,1.) ;
#2109=VECTOR('Line Direction',#2108,1.) ;
#2116=VECTOR('Line Direction',#2115,1.) ;
#2220=VECTOR('Line Direction',#2219,1.) ;
#2234=VECTOR('Line Direction',#2233,1.) ;
#2259=VECTOR('Line Direction',#2258,1.) ;
#2275=VECTOR('Line Direction',#2274,1.) ;
#2340=VECTOR('Line Direction',#2339,1.) ;
#2347=VECTOR('Line Direction',#2346,1.) ;
#2392=VECTOR('Line Direction',#2391,1.) ;
#2399=VECTOR('Line Direction',#2398,1.) ;
#2406=VECTOR('Line Direction',#2405,1.) ;
#2426=VECTOR('Line Direction',#2425,1.) ;
#2435=VECTOR('Line Direction',#2434,1.) ;
#2442=VECTOR('Line Direction',#2441,1.) ;
#2449=VECTOR('Line Direction',#2448,1.) ;
#2461=VECTOR('Line Direction',#2460,1.) ;
#2468=VECTOR('Line Direction',#2467,1.) ;
#2475=VECTOR('Line Direction',#2474,1.) ;
#2501=VECTOR('Line Direction',#2500,1.) ;
#2515=VECTOR('Line Direction',#2514,1.) ;
#2532=VECTOR('Line Direction',#2531,1.) ;
#2541=VECTOR('Line Direction',#2540,1.) ;
#2546=VECTOR('Line Direction',#2545,1.) ;
#2551=VECTOR('Line Direction',#2550,1.) ;
#2556=VECTOR('Line Direction',#2555,1.) ;
#2586=VECTOR('Line Direction',#2585,1.) ;
#2617=VECTOR('Line Direction',#2616,1.) ;
#2646=VECTOR('Line Direction',#2645,1.) ;
#2668=VECTOR('Line Direction',#2667,1.) ;
#2685=VECTOR('Line Direction',#2684,1.) ;
#2714=VECTOR('Line Direction',#2713,1.) ;
#2743=VECTOR('Line Direction',#2742,1.) ;
#2814=VECTOR('Line Direction',#2813,1.) ;
#2828=VECTOR('Line Direction',#2827,1.) ;
#2862=VECTOR('Line Direction',#2861,1.) ;
#2871=VECTOR('Line Direction',#2870,1.) ;
#2878=VECTOR('Line Direction',#2877,1.) ;
#2885=VECTOR('Line Direction',#2884,1.) ;
#2926=VECTOR('Line Direction',#2925,1.) ;
#2933=VECTOR('Line Direction',#2932,1.) ;
#2964=VECTOR('Line Direction',#2963,1.) ;
#2980=VECTOR('Line Direction',#2979,1.) ;
#3069=VECTOR('Line Direction',#3068,1.) ;
#3078=VECTOR('Line Direction',#3077,1.) ;
#3085=VECTOR('Line Direction',#3084,1.) ;
#3092=VECTOR('Line Direction',#3091,1.) ;
#3122=VECTOR('Line Direction',#3121,1.) ;
#3136=VECTOR('Line Direction',#3135,1.) ;
#3153=VECTOR('Line Direction',#3152,1.) ;
#3160=VECTOR('Line Direction',#3159,1.) ;
#3165=VECTOR('Line Direction',#3164,1.) ;
#3170=VECTOR('Line Direction',#3169,1.) ;
#3177=VECTOR('Line Direction',#3176,1.) ;
#3212=VECTOR('Line Direction',#3211,1.) ;
#3229=VECTOR('Line Direction',#3228,1.) ;
#3258=VECTOR('Line Direction',#3257,1.) ;
#3287=VECTOR('Line Direction',#3286,1.) ;
#3304=VECTOR('Line Direction',#3303,1.) ;
#3333=VECTOR('Line Direction',#3332,1.) ;
#3362=VECTOR('Line Direction',#3361,1.) ;
#3435=VECTOR('Line Direction',#3434,1.) ;
#3451=VECTOR('Line Direction',#3450,1.) ;
#3620=VECTOR('Line Direction',#3619,1.) ;
#3625=VECTOR('Line Direction',#3624,1.) ;
#3649=VECTOR('Line Direction',#3648,1.) ;
#3663=VECTOR('Line Direction',#3662,1.) ;
#3701=VECTOR('Line Direction',#3700,1.) ;
#3715=VECTOR('Line Direction',#3714,1.) ;
#3729=VECTOR('Line Direction',#3728,1.) ;
#3736=VECTOR('Line Direction',#3735,1.) ;
#3743=VECTOR('Line Direction',#3742,1.) ;
#3757=VECTOR('Line Direction',#3756,1.) ;
#3802=VECTOR('Line Direction',#3801,1.) ;
#3816=VECTOR('Line Direction',#3815,1.) ;
#3833=VECTOR('Line Direction',#3832,1.) ;
#3840=VECTOR('Line Direction',#3839,1.) ;
#3864=VECTOR('Line Direction',#3863,1.) ;
#3881=VECTOR('Line Direction',#3880,1.) ;
#3888=VECTOR('Line Direction',#3887,1.) ;
#3912=VECTOR('Line Direction',#3911,1.) ;
#3929=VECTOR('Line Direction',#3928,1.) ;
#3936=VECTOR('Line Direction',#3935,1.) ;
#3953=VECTOR('Line Direction',#3952,1.) ;
#3960=VECTOR('Line Direction',#3959,1.) ;
#3977=VECTOR('Line Direction',#3976,1.) ;
#3984=VECTOR('Line Direction',#3983,1.) ;
#4008=VECTOR('Line Direction',#4007,1.) ;
#4020=VECTOR('Line Direction',#4019,1.) ;
#4037=VECTOR('Line Direction',#4036,1.) ;
#4051=VECTOR('Line Direction',#4050,1.) ;
#4129=VECTOR('Line Direction',#4128,1.) ;
#4138=VECTOR('Line Direction',#4137,1.) ;
#4145=VECTOR('Line Direction',#4144,1.) ;
#4152=VECTOR('Line Direction',#4151,1.) ;
#4183=VECTOR('Line Direction',#4182,1.) ;
#4200=VECTOR('Line Direction',#4199,1.) ;
#4207=VECTOR('Line Direction',#4206,1.) ;
#4214=VECTOR('Line Direction',#4213,1.) ;
#4221=VECTOR('Line Direction',#4220,1.) ;
#4240=VECTOR('Line Direction',#4239,1.) ;
#4247=VECTOR('Line Direction',#4246,1.) ;
#4254=VECTOR('Line Direction',#4253,1.) ;
#4261=VECTOR('Line Direction',#4260,1.) ;
#4275=VECTOR('Line Direction',#4274,1.) ;
#4292=VECTOR('Line Direction',#4291,1.) ;
#4304=VECTOR('Line Direction',#4303,1.) ;
#4313=VECTOR('Line Direction',#4312,1.) ;
#4320=VECTOR('Line Direction',#4319,1.) ;
#4327=VECTOR('Line Direction',#4326,1.) ;
#4339=VECTOR('Line Direction',#4338,1.) ;
#4370=VECTOR('Line Direction',#4369,1.) ;
#4377=VECTOR('Line Direction',#4376,1.) ;
#4384=VECTOR('Line Direction',#4383,1.) ;
#4391=VECTOR('Line Direction',#4390,1.) ;
#4410=VECTOR('Line Direction',#4409,1.) ;
#4417=VECTOR('Line Direction',#4416,1.) ;
#4424=VECTOR('Line Direction',#4423,1.) ;
#4431=VECTOR('Line Direction',#4430,1.) ;
#4445=VECTOR('Line Direction',#4444,1.) ;
#4462=VECTOR('Line Direction',#4461,1.) ;
#4469=VECTOR('Line Direction',#4468,1.) ;
#4476=VECTOR('Line Direction',#4475,1.) ;
#4483=VECTOR('Line Direction',#4482,1.) ;
#4490=VECTOR('Line Direction',#4489,1.) ;
#4497=VECTOR('Line Direction',#4496,1.) ;
#4504=VECTOR('Line Direction',#4503,1.) ;
#4511=VECTOR('Line Direction',#4510,1.) ;
#4518=VECTOR('Line Direction',#4517,1.) ;
#4525=VECTOR('Line Direction',#4524,1.) ;
#4532=VECTOR('Line Direction',#4531,1.) ;
#4537=VECTOR('Line Direction',#4536,1.) ;
#4542=VECTOR('Line Direction',#4541,1.) ;
#4567=VECTOR('Line Direction',#4566,1.) ;
#4576=VECTOR('Line Direction',#4575,1.) ;
#4583=VECTOR('Line Direction',#4582,1.) ;
#4590=VECTOR('Line Direction',#4589,1.) ;
#4614=VECTOR('Line Direction',#4613,1.) ;
#4621=VECTOR('Line Direction',#4620,1.) ;
#4628=VECTOR('Line Direction',#4627,1.) ;
#4645=VECTOR('Line Direction',#4644,1.) ;
#4652=VECTOR('Line Direction',#4651,1.) ;
#4659=VECTOR('Line Direction',#4658,1.) ;
#4676=VECTOR('Line Direction',#4675,1.) ;
#4681=VECTOR('Line Direction',#4680,1.) ;
#4693=VECTOR('Line Direction',#4692,1.) ;
#4700=VECTOR('Line Direction',#4699,1.) ;
#4707=VECTOR('Line Direction',#4706,1.) ;
#4728=VECTOR('Line Direction',#4727,1.) ;
#4735=VECTOR('Line Direction',#4734,1.) ;
#4752=VECTOR('Line Direction',#4751,1.) ;
#4759=VECTOR('Line Direction',#4758,1.) ;
#4776=VECTOR('Line Direction',#4775,1.) ;
#4793=VECTOR('Line Direction',#4792,1.) ;
#4800=VECTOR('Line Direction',#4799,1.) ;
#4807=VECTOR('Line Direction',#4806,1.) ;
#4824=VECTOR('Line Direction',#4823,1.) ;
#4831=VECTOR('Line Direction',#4830,1.) ;
#4848=VECTOR('Line Direction',#4847,1.) ;
#4855=VECTOR('Line Direction',#4854,1.) ;
#4872=VECTOR('Line Direction',#4871,1.) ;
#4956=VECTOR('Line Direction',#4955,1.) ;
#4972=VECTOR('Line Direction',#4971,1.) ;
#5060=VECTOR('Line Direction',#5059,1.) ;
#5076=VECTOR('Line Direction',#5075,1.) ;
#5126=VECTOR('Line Direction',#5125,1.) ;
#5140=VECTOR('Line Direction',#5139,1.) ;
#1166=ADVANCED_BREP_SHAPE_REPRESENTATION('NONE',(#1165),#53) ;
#1274=ADVANCED_BREP_SHAPE_REPRESENTATION('NONE',(#1273),#1186) ;
#1449=ADVANCED_BREP_SHAPE_REPRESENTATION('NONE',(#1448),#1290) ;
#1618=ADVANCED_BREP_SHAPE_REPRESENTATION('NONE',(#1617),#1465) ;
#1988=ADVANCED_BREP_SHAPE_REPRESENTATION('NONE',(#1987),#1634) ;
#2772=ADVANCED_BREP_SHAPE_REPRESENTATION('NONE',(#2771),#2012) ;
#3389=ADVANCED_BREP_SHAPE_REPRESENTATION('NONE',(#3388),#2788) ;
#3506=ADVANCED_BREP_SHAPE_REPRESENTATION('NONE',(#3505),#3418) ;
#4096=ADVANCED_BREP_SHAPE_REPRESENTATION('NONE',(#4095),#3537) ;
#4923=ADVANCED_BREP_SHAPE_REPRESENTATION('NONE',(#4922),#4112) ;
#5027=ADVANCED_BREP_SHAPE_REPRESENTATION('NONE',(#5026),#4939) ;
#5196=ADVANCED_BREP_SHAPE_REPRESENTATION('NONE',(#5195),#5043) ;
#44=SHAPE_REPRESENTATION(' ',(#1177,#1281,#1456,#1625,#1995,#3409,#3513,#3528,#4103,#4930,#5034,#5203),#51) ;
#54=SHAPE_REPRESENTATION(' ',(#1178),#53) ;
#1187=SHAPE_REPRESENTATION(' ',(#1282),#1186) ;
#1291=SHAPE_REPRESENTATION(' ',(#1457),#1290) ;
#1466=SHAPE_REPRESENTATION(' ',(#1626),#1465) ;
#1635=SHAPE_REPRESENTATION(' ',(#1996),#1634) ;
#2005=SHAPE_REPRESENTATION(' ',(#2779,#3396,#3410),#2004) ;
#2013=SHAPE_REPRESENTATION(' ',(#2780),#2012) ;
#2789=SHAPE_REPRESENTATION(' ',(#3397),#2788) ;
#3419=SHAPE_REPRESENTATION(' ',(#3514,#3529),#3418) ;
#3538=SHAPE_REPRESENTATION(' ',(#4104),#3537) ;
#4113=SHAPE_REPRESENTATION(' ',(#4931),#4112) ;
#4940=SHAPE_REPRESENTATION(' ',(#5035),#4939) ;
#5044=SHAPE_REPRESENTATION(' ',(#5204),#5043) ;
#104=ADVANCED_FACE('PartBody',(#85,#103),#67,.F.) ;
#128=ADVANCED_FACE('PartBody',(#127),#109,.T.) ;
#150=ADVANCED_FACE('PartBody',(#149),#133,.T.) ;
#157=ADVANCED_FACE('PartBody',(#156),#133,.T.) ;
#188=ADVANCED_FACE('PartBody',(#187),#162,.T.) ;
#200=ADVANCED_FACE('PartBody',(#199),#162,.T.) ;
#420=ADVANCED_FACE('PartBody',(#327,#331,#349,#367,#385,#419),#205,.T.) ;
#451=ADVANCED_FACE('PartBody',(#450),#425,.T.) ;
#470=ADVANCED_FACE('PartBody',(#469),#425,.T.) ;
#494=ADVANCED_FACE('PartBody',(#493),#475,.T.) ;
#518=ADVANCED_FACE('PartBody',(#517),#499,.T.) ;
#542=ADVANCED_FACE('PartBody',(#541),#523,.F.) ;
#566=ADVANCED_FACE('PartBody',(#565),#547,.F.) ;
#590=ADVANCED_FACE('PartBody',(#589),#571,.F.) ;
#614=ADVANCED_FACE('PartBody',(#613),#595,.T.) ;
#638=ADVANCED_FACE('PartBody',(#637),#619,.T.) ;
#662=ADVANCED_FACE('PartBody',(#661),#643,.T.) ;
#686=ADVANCED_FACE('PartBody',(#685),#667,.F.) ;
#710=ADVANCED_FACE('PartBody',(#709),#691,.F.) ;
#734=ADVANCED_FACE('PartBody',(#733),#715,.T.) ;
#758=ADVANCED_FACE('PartBody',(#757),#739,.F.) ;
#775=ADVANCED_FACE('PartBody',(#774),#763,.T.) ;
#830=ADVANCED_FACE('PartBody',(#829),#780,.F.) ;
#842=ADVANCED_FACE('PartBody',(#841),#780,.F.) ;
#873=ADVANCED_FACE('PartBody',(#872),#847,.F.) ;
#885=ADVANCED_FACE('PartBody',(#884),#847,.F.) ;
#916=ADVANCED_FACE('PartBody',(#915),#890,.F.) ;
#928=ADVANCED_FACE('PartBody',(#927),#890,.F.) ;
#959=ADVANCED_FACE('PartBody',(#958),#933,.T.) ;
#983=ADVANCED_FACE('PartBody',(#982),#964,.F.) ;
#1007=ADVANCED_FACE('PartBody',(#1006),#988,.F.) ;
#1024=ADVANCED_FACE('PartBody',(#1023),#1012,.F.) ;
#1087=ADVANCED_FACE('PartBody',(#1046,#1072,#1076,#1080,#1086),#1029,.F.) ;
#1111=ADVANCED_FACE('PartBody',(#1110),#1092,.T.) ;
#1135=ADVANCED_FACE('PartBody',(#1134),#1116,.T.) ;
#1152=ADVANCED_FACE('PartBody',(#1151),#1140,.F.) ;
#1164=ADVANCED_FACE('PartBody',(#1163),#1157,.T.) ;
#1235=ADVANCED_FACE('PartBody',(#1234),#1200,.T.) ;
#1252=ADVANCED_FACE('PartBody',(#1251),#1200,.T.) ;
#1262=ADVANCED_FACE('PartBody',(#1261),#1257,.F.) ;
#1272=ADVANCED_FACE('PartBody',(#1271),#1267,.T.) ;
#1339=ADVANCED_FACE('PartBody',(#1338),#1304,.T.) ;
#1356=ADVANCED_FACE('PartBody',(#1355),#1304,.T.) ;
#1366=ADVANCED_FACE('PartBody',(#1365),#1361,.F.) ;
#1394=ADVANCED_FACE('PartBody',(#1389,#1393),#1371,.T.) ;
#1418=ADVANCED_FACE('PartBody',(#1417),#1399,.F.) ;
#1440=ADVANCED_FACE('PartBody',(#1439),#1423,.T.) ;
#1447=ADVANCED_FACE('PartBody',(#1446),#1423,.T.) ;
#1514=ADVANCED_FACE('PartBody',(#1513),#1479,.T.) ;
#1531=ADVANCED_FACE('PartBody',(#1530),#1479,.T.) ;
#1571=ADVANCED_FACE('PartBody',(#1570),#1536,.F.) ;
#1588=ADVANCED_FACE('PartBody',(#1587),#1536,.F.) ;
#1602=ADVANCED_FACE('PartBody',(#1597,#1601),#1593,.F.) ;
#1616=ADVANCED_FACE('PartBody',(#1611,#1615),#1607,.T.) ;
#1683=ADVANCED_FACE('PartBody',(#1682),#1648,.T.) ;
#1714=ADVANCED_FACE('PartBody',(#1713),#1688,.F.) ;
#1745=ADVANCED_FACE('PartBody',(#1744),#1719,.T.) ;
#1767=ADVANCED_FACE('PartBody',(#1766),#1750,.F.) ;
#1807=ADVANCED_FACE('PartBody',(#1806),#1772,.F.) ;
#1824=ADVANCED_FACE('PartBody',(#1823),#1772,.F.) ;
#1864=ADVANCED_FACE('PartBody',(#1863),#1829,.F.) ;
#1881=ADVANCED_FACE('PartBody',(#1880),#1829,.F.) ;
#1921=ADVANCED_FACE('PartBody',(#1920),#1886,.F.) ;
#1938=ADVANCED_FACE('PartBody',(#1937),#1886,.F.) ;
#1962=ADVANCED_FACE('PartBody',(#1949,#1953,#1957,#1961),#1943,.F.) ;
#1986=ADVANCED_FACE('PartBody',(#1973,#1977,#1981,#1985),#1967,.T.) ;
#2061=ADVANCED_FACE('PartBody',(#2060),#2026,.F.) ;
#2078=ADVANCED_FACE('PartBody',(#2077),#2026,.F.) ;
#2142=ADVANCED_FACE('PartBody',(#2141),#2083,.T.) ;
#2195=ADVANCED_FACE('PartBody',(#2194),#2147,.F.) ;
#2212=ADVANCED_FACE('PartBody',(#2211),#2200,.F.) ;
#2243=ADVANCED_FACE('PartBody',(#2242),#2217,.T.) ;
#2256=ADVANCED_FACE('PartBody',(#2255),#2217,.T.) ;
#2291=ADVANCED_FACE('PartBody',(#2290),#2026,.F.) ;
#2308=ADVANCED_FACE('PartBody',(#2307),#2026,.F.) ;
#2332=ADVANCED_FACE('PartBody',(#2331),#2313,.T.) ;
#2363=ADVANCED_FACE('PartBody',(#2362),#2337,.F.) ;
#2375=ADVANCED_FACE('PartBody',(#2374),#2337,.F.) ;
#2389=ADVANCED_FACE('PartBody',(#2384,#2388),#2380,.T.) ;
#2418=ADVANCED_FACE('PartBody',(#2417),#2083,.T.) ;
#2458=ADVANCED_FACE('PartBody',(#2457),#2423,.F.) ;
#2484=ADVANCED_FACE('PartBody',(#2483),#2423,.F.) ;
#2524=ADVANCED_FACE('PartBody',(#2523),#2489,.T.) ;
#2571=ADVANCED_FACE('PartBody',(#2570),#2529,.F.) ;
#2602=ADVANCED_FACE('PartBody',(#2601),#2576,.T.) ;
#2631=ADVANCED_FACE('PartBody',(#2626,#2630),#2607,.F.) ;
#2660=ADVANCED_FACE('PartBody',(#2655,#2659),#2636,.F.) ;
#2677=ADVANCED_FACE('PartBody',(#2676),#2665,.T.) ;
#2706=ADVANCED_FACE('PartBody',(#2701,#2705),#2682,.T.) ;
#2735=ADVANCED_FACE('PartBody',(#2730,#2734),#2711,.T.) ;
#2758=ADVANCED_FACE('PartBody',(#2757),#2740,.T.) ;
#2770=ADVANCED_FACE('PartBody',(#2769),#2763,.T.) ;
#2837=ADVANCED_FACE('PartBody',(#2836),#2802,.F.) ;
#2854=ADVANCED_FACE('PartBody',(#2853),#2802,.F.) ;
#2894=ADVANCED_FACE('PartBody',(#2893),#2859,.T.) ;
#2918=ADVANCED_FACE('PartBody',(#2917),#2899,.F.) ;
#2949=ADVANCED_FACE('PartBody',(#2948),#2923,.T.) ;
#2961=ADVANCED_FACE('PartBody',(#2960),#2923,.T.) ;
#2996=ADVANCED_FACE('PartBody',(#2995),#2802,.F.) ;
#3013=ADVANCED_FACE('PartBody',(#3012),#2802,.F.) ;
#3044=ADVANCED_FACE('PartBody',(#3043),#3018,.F.) ;
#3061=ADVANCED_FACE('PartBody',(#3060),#3049,.F.) ;
#3105=ADVANCED_FACE('PartBody',(#3100,#3104),#3066,.F.) ;
#3145=ADVANCED_FACE('PartBody',(#3144),#3110,.T.) ;
#3190=ADVANCED_FACE('PartBody',(#3189),#3150,.T.) ;
#3221=ADVANCED_FACE('PartBody',(#3220),#3195,.T.) ;
#3250=ADVANCED_FACE('PartBody',(#3245,#3249),#3226,.T.) ;
#3279=ADVANCED_FACE('PartBody',(#3274,#3278),#3255,.T.) ;
#3296=ADVANCED_FACE('PartBody',(#3295),#3284,.T.) ;
#3325=ADVANCED_FACE('PartBody',(#3320,#3324),#3301,.T.) ;
#3354=ADVANCED_FACE('PartBody',(#3349,#3353),#3330,.T.) ;
#3375=ADVANCED_FACE('PartBody',(#3374),#3359,.F.) ;
#3387=ADVANCED_FACE('PartBody',(#3386),#3380,.T.) ;
#3467=ADVANCED_FACE('PartBody',(#3466),#3432,.T.) ;
#3484=ADVANCED_FACE('PartBody',(#3483),#3432,.T.) ;
#3494=ADVANCED_FACE('PartBody',(#3493),#3489,.F.) ;
#3504=ADVANCED_FACE('PartBody',(#3503),#3499,.T.) ;
#3588=ADVANCED_FACE('PartBody',(#3569,#3587),#3551,.F.) ;
#3612=ADVANCED_FACE('PartBody',(#3611),#3593,.T.) ;
#3634=ADVANCED_FACE('PartBody',(#3633),#3617,.T.) ;
#3641=ADVANCED_FACE('PartBody',(#3640),#3617,.T.) ;
#3672=ADVANCED_FACE('PartBody',(#3671),#3646,.T.) ;
#3684=ADVANCED_FACE('PartBody',(#3683),#3646,.T.) ;
#3794=ADVANCED_FACE('PartBody',(#3771,#3775,#3793),#3689,.T.) ;
#3825=ADVANCED_FACE('PartBody',(#3824),#3799,.T.) ;
#3849=ADVANCED_FACE('PartBody',(#3848),#3830,.F.) ;
#3873=ADVANCED_FACE('PartBody',(#3872),#3854,.T.) ;
#3897=ADVANCED_FACE('PartBody',(#3896),#3878,.F.) ;
#3921=ADVANCED_FACE('PartBody',(#3920),#3902,.F.) ;
#3945=ADVANCED_FACE('PartBody',(#3944),#3926,.F.) ;
#3969=ADVANCED_FACE('PartBody',(#3968),#3950,.F.) ;
#3993=ADVANCED_FACE('PartBody',(#3992),#3974,.T.) ;
#4017=ADVANCED_FACE('PartBody',(#4016),#3998,.F.) ;
#4029=ADVANCED_FACE('PartBody',(#4028),#3878,.F.) ;
#4060=ADVANCED_FACE('PartBody',(#4059),#4034,.F.) ;
#4072=ADVANCED_FACE('PartBody',(#4071),#4034,.F.) ;
#4094=ADVANCED_FACE('PartBody',(#4089,#4093),#4077,.F.) ;
#4161=ADVANCED_FACE('PartBody',(#4160),#4126,.T.) ;
#4192=ADVANCED_FACE('PartBody',(#4191),#4166,.F.) ;
#4232=ADVANCED_FACE('PartBody',(#4231),#4197,.T.) ;
#4272=ADVANCED_FACE('PartBody',(#4271),#4237,.F.) ;
#4284=ADVANCED_FACE('PartBody',(#4283),#4126,.T.) ;
#4301=ADVANCED_FACE('PartBody',(#4300),#4289,.T.) ;
#4336=ADVANCED_FACE('PartBody',(#4335),#4126,.T.) ;
#4362=ADVANCED_FACE('PartBody',(#4361),#4166,.F.) ;
#4402=ADVANCED_FACE('PartBody',(#4401),#4367,.F.) ;
#4442=ADVANCED_FACE('PartBody',(#4441),#4407,.T.) ;
#4454=ADVANCED_FACE('PartBody',(#4453),#4126,.T.) ;
#4599=ADVANCED_FACE('PartBody',(#4564,#4598),#4459,.T.) ;
#4606=ADVANCED_FACE('PartBody',(#4605),#4289,.T.) ;
#4637=ADVANCED_FACE('PartBody',(#4636),#4611,.T.) ;
#4668=ADVANCED_FACE('PartBody',(#4667),#4642,.T.) ;
#4690=ADVANCED_FACE('PartBody',(#4689),#4673,.T.) ;
#4720=ADVANCED_FACE('PartBody',(#4719),#4289,.T.) ;
#4744=ADVANCED_FACE('PartBody',(#4743),#4725,.T.) ;
#4768=ADVANCED_FACE('PartBody',(#4767),#4749,.F.) ;
#4785=ADVANCED_FACE('PartBody',(#4784),#4773,.T.) ;
#4816=ADVANCED_FACE('PartBody',(#4815),#4790,.F.) ;
#4840=ADVANCED_FACE('PartBody',(#4839),#4821,.F.) ;
#4864=ADVANCED_FACE('PartBody',(#4863),#4845,.F.) ;
#4881=ADVANCED_FACE('PartBody',(#4880),#4869,.F.) ;
#4899=ADVANCED_FACE('PartBody',(#4892,#4898),#4886,.F.) ;
#4921=ADVANCED_FACE('PartBody',(#4920),#4904,.F.) ;
#4988=ADVANCED_FACE('PartBody',(#4987),#4953,.T.) ;
#5005=ADVANCED_FACE('PartBody',(#5004),#4953,.T.) ;
#5015=ADVANCED_FACE('PartBody',(#5014),#5010,.F.) ;
#5025=ADVANCED_FACE('PartBody',(#5024),#5020,.T.) ;
#5092=ADVANCED_FACE('PartBody',(#5091),#5057,.T.) ;
#5109=ADVANCED_FACE('PartBody',(#5108),#5057,.T.) ;
#5149=ADVANCED_FACE('PartBody',(#5148),#5114,.F.) ;
#5166=ADVANCED_FACE('PartBody',(#5165),#5114,.F.) ;
#5180=ADVANCED_FACE('PartBody',(#5175,#5179),#5171,.F.) ;
#5194=ADVANCED_FACE('PartBody',(#5189,#5193),#5185,.T.) ;
#4=APPLICATION_PROTOCOL_DEFINITION('international standard','config_control_design',1994,#1) ;
#35=APPROVAL_DATE_TIME(#13,#24) ;
#1165=MANIFOLD_SOLID_BREP('PartBody',#62) ;
#1273=MANIFOLD_SOLID_BREP('PartBody',#1195) ;
#1448=MANIFOLD_SOLID_BREP('PartBody',#1299) ;
#1617=MANIFOLD_SOLID_BREP('PartBody',#1474) ;
#1987=MANIFOLD_SOLID_BREP('PartBody',#1643) ;
#2771=MANIFOLD_SOLID_BREP('PartBody',#2021) ;
#3388=MANIFOLD_SOLID_BREP('PartBody',#2797) ;
#3505=MANIFOLD_SOLID_BREP('PartBody',#3427) ;
#4095=MANIFOLD_SOLID_BREP('PartBody',#3546) ;
#4922=MANIFOLD_SOLID_BREP('PartBody',#4121) ;
#5026=MANIFOLD_SOLID_BREP('PartBody',#4948) ;
#5195=MANIFOLD_SOLID_BREP('PartBody',#5052) ;
#11=CALENDAR_DATE(2026,9,8) ;
#33=CC_DESIGN_APPROVAL(#24,(#19,#6,#17)) ;
#21=CC_DESIGN_DATE_AND_TIME_ASSIGNMENT(#13,#20,(#19)) ;
#32=CC_DESIGN_DATE_AND_TIME_ASSIGNMENT(#13,#31,(#17)) ;
#20=DATE_TIME_ROLE('classification_date') ;
#31=DATE_TIME_ROLE('creation_date') ;
#30=CC_DESIGN_PERSON_AND_ORGANIZATION_ASSIGNMENT(#28,#29,(#19)) ;
#36=CC_DESIGN_PERSON_AND_ORGANIZATION_ASSIGNMENT(#28,#37,(#6)) ;
#38=CC_DESIGN_PERSON_AND_ORGANIZATION_ASSIGNMENT(#28,#39,(#6,#17)) ;
#40=CC_DESIGN_PERSON_AND_ORGANIZATION_ASSIGNMENT(#28,#41,(#5)) ;
#29=PERSON_AND_ORGANIZATION_ROLE('classification_officer') ;
#37=PERSON_AND_ORGANIZATION_ROLE('design_supplier') ;
#39=PERSON_AND_ORGANIZATION_ROLE('creator') ;
#41=PERSON_AND_ORGANIZATION_ROLE('design_owner') ;
#42=CC_DESIGN_SECURITY_CLASSIFICATION(#19,(#6,#1172,#1276,#1451,#1620,#1990,#2774,#3391,#3404,#3508,#3523,#4098,#4925,#5029,#5198)) ;
#60=DOCUMENT('12','Asiento V2.CATPart','CATPart document',#59) ;
#1193=DOCUMENT('13','Eje V2.CATPart','CATPart document',#1192) ;
#1297=DOCUMENT('14','Engranaje Peque.CATPart','CATPart document',#1296) ;
#1472=DOCUMENT('15','Engranaje Grande.CATPart','CATPart document',#1471) ;
#1641=DOCUMENT('16','Brazo Estructural de la Pedalera V2.CATPart','CATPart document',#1640) ;
#2019=DOCUMENT('17','Base actuador.CATPart','CATPart document',#2018) ;
#2795=DOCUMENT('18','Vastago actuador.CATPart','CATPart document',#2794) ;
#3425=DOCUMENT('19','Eje2.CATPart','CATPart document',#3424) ;
#3544=DOCUMENT('20','Pedalera V2.CATPart','CATPart document',#3543) ;
#4119=DOCUMENT('21','Volante.CATPart','CATPart document',#4118) ;
#4946=DOCUMENT('22','Guia Volante.CATPart','CATPart document',#4945) ;
#5050=DOCUMENT('23','Soporte Eje.CATPart','CATPart document',#5049) ;
#59=DOCUMENT_TYPE('') ;
#1192=DOCUMENT_TYPE('') ;
#1296=DOCUMENT_TYPE('') ;
#1471=DOCUMENT_TYPE('') ;
#1640=DOCUMENT_TYPE('') ;
#2018=DOCUMENT_TYPE('') ;
#2794=DOCUMENT_TYPE('') ;
#3424=DOCUMENT_TYPE('') ;
#3543=DOCUMENT_TYPE('') ;
#4118=DOCUMENT_TYPE('') ;
#4945=DOCUMENT_TYPE('') ;
#5049=DOCUMENT_TYPE('') ;
#71=CIRCLE('generated circle',#70,54.7) ;
#80=CIRCLE('generated circle',#79,54.7) ;
#89=CIRCLE('generated circle',#88,10.) ;
#98=CIRCLE('generated circle',#97,10.) ;
#113=CIRCLE('generated circle',#112,54.7) ;
#122=CIRCLE('generated circle',#121,54.7) ;
#173=CIRCLE('generated circle',#172,10.) ;
#192=CIRCLE('generated circle',#191,10.) ;
#225=CIRCLE('generated circle',#224,20.) ;
#232=CIRCLE('generated circle',#231,20.) ;
#246=CIRCLE('generated circle',#245,20.) ;
#260=CIRCLE('generated circle',#259,20.) ;
#267=CIRCLE('generated circle',#266,20.) ;
#281=CIRCLE('generated circle',#280,20.) ;
#295=CIRCLE('generated circle',#294,20.) ;
#309=CIRCLE('generated circle',#308,35.) ;
#335=CIRCLE('generated circle',#334,10.) ;
#344=CIRCLE('generated circle',#343,10.) ;
#353=CIRCLE('generated circle',#352,10.) ;
#362=CIRCLE('generated circle',#361,10.) ;
#371=CIRCLE('generated circle',#370,6.) ;
#380=CIRCLE('generated circle',#379,6.) ;
#389=CIRCLE('generated circle',#388,298.6) ;
#398=CIRCLE('generated circle',#397,12.5) ;
#405=CIRCLE('generated circle',#404,323.6) ;
#412=CIRCLE('generated circle',#411,12.5) ;
#479=CIRCLE('generated circle',#478,20.) ;
#503=CIRCLE('generated circle',#502,20.) ;
#558=CIRCLE('generated circle',#557,20.) ;
#599=CIRCLE('generated circle',#598,20.) ;
#623=CIRCLE('generated circle',#622,20.) ;
#678=CIRCLE('generated circle',#677,20.) ;
#719=CIRCLE('generated circle',#718,20.) ;
#767=CIRCLE('generated circle',#766,35.) ;
#784=CIRCLE('generated circle',#783,10.) ;
#812=CIRCLE('generated circle',#811,10.) ;
#834=CIRCLE('generated circle',#833,10.) ;
#858=CIRCLE('generated circle',#857,10.) ;
#877=CIRCLE('generated circle',#876,10.) ;
#901=CIRCLE('generated circle',#900,6.) ;
#920=CIRCLE('generated circle',#919,6.) ;
#944=CIRCLE('generated circle',#943,298.6) ;
#968=CIRCLE('generated circle',#967,12.5) ;
#992=CIRCLE('generated circle',#991,323.6) ;
#1016=CIRCLE('generated circle',#1015,12.5) ;
#1057=CIRCLE('generated circle',#1056,291.1) ;
#1144=CIRCLE('generated circle',#1143,291.1) ;
#1213=CIRCLE('generated circle',#1212,9.95) ;
#1227=CIRCLE('generated circle',#1226,9.95) ;
#1239=CIRCLE('generated circle',#1238,9.95) ;
#1244=CIRCLE('generated circle',#1243,9.95) ;
#1308=CIRCLE('generated circle',#1307,10.) ;
#1324=CIRCLE('generated circle',#1323,10.) ;
#1343=CIRCLE('generated circle',#1342,10.) ;
#1348=CIRCLE('generated circle',#1347,10.) ;
#1375=CIRCLE('generated circle',#1374,20.) ;
#1384=CIRCLE('generated circle',#1383,20.) ;
#1403=CIRCLE('generated circle',#1402,20.) ;
#1412=CIRCLE('generated circle',#1411,20.) ;
#1492=CIRCLE('generated circle',#1491,30.) ;
#1506=CIRCLE('generated circle',#1505,30.) ;
#1518=CIRCLE('generated circle',#1517,30.) ;
#1523=CIRCLE('generated circle',#1522,30.) ;
#1540=CIRCLE('generated circle',#1539,10.) ;
#1556=CIRCLE('generated circle',#1555,10.) ;
#1575=CIRCLE('generated circle',#1574,10.) ;
#1580=CIRCLE('generated circle',#1579,10.) ;
#1661=CIRCLE('generated circle',#1660,20.) ;
#1675=CIRCLE('generated circle',#1674,20.) ;
#1723=CIRCLE('generated circle',#1722,20.) ;
#1737=CIRCLE('generated circle',#1736,20.) ;
#1776=CIRCLE('generated circle',#1775,10.) ;
#1792=CIRCLE('generated circle',#1791,10.) ;
#1811=CIRCLE('generated circle',#1810,10.) ;
#1816=CIRCLE('generated circle',#1815,10.) ;
#1833=CIRCLE('generated circle',#1832,10.) ;
#1849=CIRCLE('generated circle',#1848,10.) ;
#1868=CIRCLE('generated circle',#1867,10.) ;
#1873=CIRCLE('generated circle',#1872,10.) ;
#1890=CIRCLE('generated circle',#1889,6.) ;
#1906=CIRCLE('generated circle',#1905,6.) ;
#1925=CIRCLE('generated circle',#1924,6.) ;
#1930=CIRCLE('generated circle',#1929,6.) ;
#2030=CIRCLE('generated circle',#2029,6.) ;
#2046=CIRCLE('generated circle',#2045,6.) ;
#2065=CIRCLE('generated circle',#2064,6.) ;
#2070=CIRCLE('generated circle',#2069,6.) ;
#2124=CIRCLE('generated circle',#2123,13.) ;
#2131=CIRCLE('generated circle',#2130,13.) ;
#2151=CIRCLE('generated circle',#2150,11.) ;
#2160=CIRCLE('generated circle',#2159,11.) ;
#2167=CIRCLE('generated circle',#2166,2.) ;
#2172=CIRCLE('generated circle',#2171,13.) ;
#2179=CIRCLE('generated circle',#2178,13.) ;
#2184=CIRCLE('generated circle',#2183,2.) ;
#2204=CIRCLE('generated circle',#2203,11.) ;
#2228=CIRCLE('generated circle',#2227,11.) ;
#2247=CIRCLE('generated circle',#2246,11.) ;
#2269=CIRCLE('generated circle',#2268,6.) ;
#2283=CIRCLE('generated circle',#2282,6.) ;
#2295=CIRCLE('generated circle',#2294,6.) ;
#2300=CIRCLE('generated circle',#2299,6.) ;
#2317=CIRCLE('generated circle',#2316,6.) ;
#2326=CIRCLE('generated circle',#2325,6.) ;
#2355=CIRCLE('generated circle',#2354,6.) ;
#2367=CIRCLE('generated circle',#2366,6.) ;
#2493=CIRCLE('generated circle',#2492,15.) ;
#2509=CIRCLE('generated circle',#2508,15.) ;
#2580=CIRCLE('generated circle',#2579,15.) ;
#2594=CIRCLE('generated circle',#2593,15.) ;
#2611=CIRCLE('generated circle',#2610,15.) ;
#2640=CIRCLE('generated circle',#2639,15.) ;
#2693=CIRCLE('generated circle',#2692,15.) ;
#2722=CIRCLE('generated circle',#2721,15.) ;
#2806=CIRCLE('generated circle',#2805,6.) ;
#2822=CIRCLE('generated circle',#2821,6.) ;
#2841=CIRCLE('generated circle',#2840,6.) ;
#2846=CIRCLE('generated circle',#2845,6.) ;
#2903=CIRCLE('generated circle',#2902,5.) ;
#2912=CIRCLE('generated circle',#2911,5.) ;
#2941=CIRCLE('generated circle',#2940,5.) ;
#2953=CIRCLE('generated circle',#2952,5.) ;
#2974=CIRCLE('generated circle',#2973,6.) ;
#2988=CIRCLE('generated circle',#2987,6.) ;
#3000=CIRCLE('generated circle',#2999,6.) ;
#3005=CIRCLE('generated circle',#3004,6.) ;
#3022=CIRCLE('generated circle',#3021,10.) ;
#3031=CIRCLE('generated circle',#3030,5.) ;
#3036=CIRCLE('generated circle',#3035,5.) ;
#3053=CIRCLE('generated circle',#3052,10.) ;
#3114=CIRCLE('generated circle',#3113,15.) ;
#3130=CIRCLE('generated circle',#3129,15.) ;
#3199=CIRCLE('generated circle',#3198,15.) ;
#3206=CIRCLE('generated circle',#3205,15.) ;
#3237=CIRCLE('generated circle',#3236,15.) ;
#3266=CIRCLE('generated circle',#3265,15.) ;
#3312=CIRCLE('generated circle',#3311,15.) ;
#3341=CIRCLE('generated circle',#3340,15.) ;
#3445=CIRCLE('generated circle',#3444,6.) ;
#3459=CIRCLE('generated circle',#3458,6.) ;
#3471=CIRCLE('generated circle',#3470,6.) ;
#3476=CIRCLE('generated circle',#3475,6.) ;
#3555=CIRCLE('generated circle',#3554,30.55) ;
#3564=CIRCLE('generated circle',#3563,30.55) ;
#3573=CIRCLE('generated circle',#3572,10.) ;
#3582=CIRCLE('generated circle',#3581,10.) ;
#3597=CIRCLE('generated circle',#3596,30.55) ;
#3606=CIRCLE('generated circle',#3605,30.55) ;
#3657=CIRCLE('generated circle',#3656,10.) ;
#3676=CIRCLE('generated circle',#3675,10.) ;
#3693=CIRCLE('generated circle',#3692,20.) ;
#3709=CIRCLE('generated circle',#3708,20.) ;
#3723=CIRCLE('generated circle',#3722,10.) ;
#3751=CIRCLE('generated circle',#3750,10.) ;
#3779=CIRCLE('generated circle',#3778,10.) ;
#3788=CIRCLE('generated circle',#3787,10.) ;
#3810=CIRCLE('generated circle',#3809,20.) ;
#3858=CIRCLE('generated circle',#3857,20.) ;
#3906=CIRCLE('generated circle',#3905,10.) ;
#4002=CIRCLE('generated circle',#4001,10.) ;
#4045=CIRCLE('generated circle',#4044,10.) ;
#4064=CIRCLE('generated circle',#4063,10.) ;
#4170=CIRCLE('generated circle',#4169,5.1) ;
#4177=CIRCLE('generated circle',#4176,5.1) ;
#4349=CIRCLE('generated circle',#4348,5.1) ;
#4354=CIRCLE('generated circle',#4353,5.1) ;
#4966=CIRCLE('generated circle',#4965,5.) ;
#4980=CIRCLE('generated circle',#4979,5.) ;
#4992=CIRCLE('generated circle',#4991,5.) ;
#4997=CIRCLE('generated circle',#4996,5.) ;
#5070=CIRCLE('generated circle',#5069,25.) ;
#5084=CIRCLE('generated circle',#5083,25.) ;
#5096=CIRCLE('generated circle',#5095,25.) ;
#5101=CIRCLE('generated circle',#5100,25.) ;
#5118=CIRCLE('generated circle',#5117,10.) ;
#5134=CIRCLE('generated circle',#5133,10.) ;
#5153=CIRCLE('generated circle',#5152,10.) ;
#5158=CIRCLE('generated circle',#5157,10.) ;
#1174=CONTEXT_DEPENDENT_SHAPE_REPRESENTATION(#1175,#1173) ;
#1278=CONTEXT_DEPENDENT_SHAPE_REPRESENTATION(#1279,#1277) ;
#1453=CONTEXT_DEPENDENT_SHAPE_REPRESENTATION(#1454,#1452) ;
#1622=CONTEXT_DEPENDENT_SHAPE_REPRESENTATION(#1623,#1621) ;
#1992=CONTEXT_DEPENDENT_SHAPE_REPRESENTATION(#1993,#1991) ;
#2776=CONTEXT_DEPENDENT_SHAPE_REPRESENTATION(#2777,#2775) ;
#3393=CONTEXT_DEPENDENT_SHAPE_REPRESENTATION(#3394,#3392) ;
#3406=CONTEXT_DEPENDENT_SHAPE_REPRESENTATION(#3407,#3405) ;
#3510=CONTEXT_DEPENDENT_SHAPE_REPRESENTATION(#3511,#3509) ;
#3525=CONTEXT_DEPENDENT_SHAPE_REPRESENTATION(#3526,#3524) ;
#4100=CONTEXT_DEPENDENT_SHAPE_REPRESENTATION(#4101,#4099) ;
#4927=CONTEXT_DEPENDENT_SHAPE_REPRESENTATION(#4928,#4926) ;
#5031=CONTEXT_DEPENDENT_SHAPE_REPRESENTATION(#5032,#5030) ;
#5200=CONTEXT_DEPENDENT_SHAPE_REPRESENTATION(#5201,#5199) ;
#1167=SHAPE_REPRESENTATION_RELATIONSHIP(' ',' ',#54,#1166) ;
#1171=SHAPE_REPRESENTATION_RELATIONSHIP(' ',' ',#54,#1169) ;
#1275=SHAPE_REPRESENTATION_RELATIONSHIP(' ',' ',#1187,#1274) ;
#1450=SHAPE_REPRESENTATION_RELATIONSHIP(' ',' ',#1291,#1449) ;
#1619=SHAPE_REPRESENTATION_RELATIONSHIP(' ',' ',#1466,#1618) ;
#1989=SHAPE_REPRESENTATION_RELATIONSHIP(' ',' ',#1635,#1988) ;
#2773=SHAPE_REPRESENTATION_RELATIONSHIP(' ',' ',#2013,#2772) ;
#3390=SHAPE_REPRESENTATION_RELATIONSHIP(' ',' ',#2789,#3389) ;
#3507=SHAPE_REPRESENTATION_RELATIONSHIP(' ',' ',#3419,#3506) ;
#4097=SHAPE_REPRESENTATION_RELATIONSHIP(' ',' ',#3538,#4096) ;
#4924=SHAPE_REPRESENTATION_RELATIONSHIP(' ',' ',#4113,#4923) ;
#5028=SHAPE_REPRESENTATION_RELATIONSHIP(' ',' ',#4940,#5027) ;
#5197=SHAPE_REPRESENTATION_RELATIONSHIP(' ',' ',#5044,#5196) ;
#133=CYLINDRICAL_SURFACE('generated cylinder',#132,54.7) ;
#162=CYLINDRICAL_SURFACE('generated cylinder',#161,10.) ;
#475=CYLINDRICAL_SURFACE('generated cylinder',#474,20.) ;
#499=CYLINDRICAL_SURFACE('generated cylinder',#498,20.) ;
#547=CYLINDRICAL_SURFACE('generated cylinder',#546,20.) ;
#595=CYLINDRICAL_SURFACE('generated cylinder',#594,20.) ;
#619=CYLINDRICAL_SURFACE('generated cylinder',#618,20.) ;
#667=CYLINDRICAL_SURFACE('generated cylinder',#666,20.) ;
#715=CYLINDRICAL_SURFACE('generated cylinder',#714,20.) ;
#763=CYLINDRICAL_SURFACE('generated cylinder',#762,35.) ;
#780=CYLINDRICAL_SURFACE('generated cylinder',#779,10.) ;
#847=CYLINDRICAL_SURFACE('generated cylinder',#846,10.) ;
#890=CYLINDRICAL_SURFACE('generated cylinder',#889,6.) ;
#933=CYLINDRICAL_SURFACE('generated cylinder',#932,298.6) ;
#964=CYLINDRICAL_SURFACE('generated cylinder',#963,12.5) ;
#988=CYLINDRICAL_SURFACE('generated cylinder',#987,323.6) ;
#1012=CYLINDRICAL_SURFACE('generated cylinder',#1011,12.5) ;
#1157=CYLINDRICAL_SURFACE('generated cylinder',#1156,291.1) ;
#1200=CYLINDRICAL_SURFACE('generated cylinder',#1199,9.95) ;
#1304=CYLINDRICAL_SURFACE('generated cylinder',#1303,10.) ;
#1423=CYLINDRICAL_SURFACE('generated cylinder',#1422,20.) ;
#1479=CYLINDRICAL_SURFACE('generated cylinder',#1478,30.) ;
#1536=CYLINDRICAL_SURFACE('generated cylinder',#1535,10.) ;
#1648=CYLINDRICAL_SURFACE('generated cylinder',#1647,20.) ;
#1719=CYLINDRICAL_SURFACE('generated cylinder',#1718,20.) ;
#1772=CYLINDRICAL_SURFACE('generated cylinder',#1771,10.) ;
#1829=CYLINDRICAL_SURFACE('generated cylinder',#1828,10.) ;
#1886=CYLINDRICAL_SURFACE('generated cylinder',#1885,6.) ;
#2026=CYLINDRICAL_SURFACE('generated cylinder',#2025,6.) ;
#2217=CYLINDRICAL_SURFACE('generated cylinder',#2216,11.) ;
#2337=CYLINDRICAL_SURFACE('generated cylinder',#2336,6.) ;
#2489=CYLINDRICAL_SURFACE('generated cylinder',#2488,15.) ;
#2576=CYLINDRICAL_SURFACE('generated cylinder',#2575,15.) ;
#2665=CYLINDRICAL_SURFACE('generated cylinder',#2664,15.) ;
#2763=CYLINDRICAL_SURFACE('generated cylinder',#2762,15.) ;
#2802=CYLINDRICAL_SURFACE('generated cylinder',#2801,6.) ;
#2923=CYLINDRICAL_SURFACE('generated cylinder',#2922,5.) ;
#3110=CYLINDRICAL_SURFACE('generated cylinder',#3109,15.) ;
#3195=CYLINDRICAL_SURFACE('generated cylinder',#3194,15.) ;
#3284=CYLINDRICAL_SURFACE('generated cylinder',#3283,15.) ;
#3380=CYLINDRICAL_SURFACE('generated cylinder',#3379,15.) ;
#3432=CYLINDRICAL_SURFACE('generated cylinder',#3431,6.) ;
#3617=CYLINDRICAL_SURFACE('generated cylinder',#3616,30.55) ;
#3646=CYLINDRICAL_SURFACE('generated cylinder',#3645,10.) ;
#3799=CYLINDRICAL_SURFACE('generated cylinder',#3798,20.) ;
#3854=CYLINDRICAL_SURFACE('generated cylinder',#3853,20.) ;
#3902=CYLINDRICAL_SURFACE('generated cylinder',#3901,10.) ;
#3998=CYLINDRICAL_SURFACE('generated cylinder',#3997,10.) ;
#4034=CYLINDRICAL_SURFACE('generated cylinder',#4033,10.) ;
#4166=CYLINDRICAL_SURFACE('generated cylinder',#4165,5.1) ;
#4953=CYLINDRICAL_SURFACE('generated cylinder',#4952,5.) ;
#5057=CYLINDRICAL_SURFACE('generated cylinder',#5056,25.) ;
#5114=CYLINDRICAL_SURFACE('generated cylinder',#5113,10.) ;
#2147=TOROIDAL_SURFACE('homeo Torus',#2146,13.,2.) ;
#2200=TOROIDAL_SURFACE('homeo Torus',#2199,13.,2.) ;
#3018=TOROIDAL_SURFACE('homeo Torus',#3017,10.,5.) ;
#3049=TOROIDAL_SURFACE('homeo Torus',#3048,10.,5.) ;
#3=DESIGN_CONTEXT(' ',#1,'design') ;
#76=EDGE_CURVE('',#73,#75,#71,.T.) ;
#81=EDGE_CURVE('',#75,#73,#80,.T.) ;
#94=EDGE_CURVE('',#91,#93,#89,.T.) ;
#99=EDGE_CURVE('',#93,#91,#98,.T.) ;
#118=EDGE_CURVE('',#115,#117,#113,.T.) ;
#123=EDGE_CURVE('',#117,#115,#122,.T.) ;
#138=EDGE_CURVE('',#73,#117,#137,.T.) ;
#143=EDGE_CURVE('',#75,#115,#142,.T.) ;
#169=EDGE_CURVE('',#168,#93,#166,.T.) ;
#176=EDGE_CURVE('',#168,#175,#173,.T.) ;
#181=EDGE_CURVE('',#175,#91,#180,.T.) ;
#193=EDGE_CURVE('',#175,#168,#192,.T.) ;
#214=EDGE_CURVE('',#211,#213,#209,.T.) ;
#221=EDGE_CURVE('',#213,#220,#218,.F.) ;
#228=EDGE_CURVE('',#227,#220,#225,.F.) ;
#235=EDGE_CURVE('',#234,#227,#232,.F.) ;
#242=EDGE_CURVE('',#234,#241,#239,.F.) ;
#249=EDGE_CURVE('',#241,#248,#246,.F.) ;
#256=EDGE_CURVE('',#248,#255,#253,.F.) ;
#263=EDGE_CURVE('',#262,#255,#260,.F.) ;
#270=EDGE_CURVE('',#269,#262,#267,.F.) ;
#277=EDGE_CURVE('',#269,#276,#274,.T.) ;
#284=EDGE_CURVE('',#276,#283,#281,.F.) ;
#291=EDGE_CURVE('',#283,#290,#288,.F.) ;
#298=EDGE_CURVE('',#297,#290,#295,.F.) ;
#305=EDGE_CURVE('',#297,#304,#302,.F.) ;
#310=EDGE_CURVE('',#211,#304,#309,.F.) ;
#340=EDGE_CURVE('',#337,#339,#335,.T.) ;
#345=EDGE_CURVE('',#339,#337,#344,.T.) ;
#358=EDGE_CURVE('',#355,#357,#353,.T.) ;
#363=EDGE_CURVE('',#357,#355,#362,.T.) ;
#376=EDGE_CURVE('',#373,#375,#371,.T.) ;
#381=EDGE_CURVE('',#375,#373,#380,.T.) ;
#394=EDGE_CURVE('',#391,#393,#389,.F.) ;
#401=EDGE_CURVE('',#400,#391,#398,.T.) ;
#408=EDGE_CURVE('',#407,#400,#405,.T.) ;
#413=EDGE_CURVE('',#393,#407,#412,.T.) ;
#434=EDGE_CURVE('',#431,#433,#429,.T.) ;
#439=EDGE_CURVE('',#433,#213,#438,.T.) ;
#444=EDGE_CURVE('',#431,#211,#443,.T.) ;
#458=EDGE_CURVE('',#433,#457,#455,.F.) ;
#463=EDGE_CURVE('',#457,#220,#462,.T.) ;
#482=EDGE_CURVE('',#457,#481,#479,.T.) ;
#487=EDGE_CURVE('',#481,#227,#486,.T.) ;
#506=EDGE_CURVE('',#481,#505,#503,.T.) ;
#511=EDGE_CURVE('',#505,#234,#510,.T.) ;
#530=EDGE_CURVE('',#505,#529,#527,.F.) ;
#535=EDGE_CURVE('',#241,#529,#534,.F.) ;
#554=EDGE_CURVE('',#248,#553,#551,.F.) ;
#559=EDGE_CURVE('',#553,#529,#558,.T.) ;
#578=EDGE_CURVE('',#577,#255,#575,.T.) ;
#583=EDGE_CURVE('',#553,#577,#582,.F.) ;
#602=EDGE_CURVE('',#577,#601,#599,.T.) ;
#607=EDGE_CURVE('',#601,#262,#606,.T.) ;
#626=EDGE_CURVE('',#601,#625,#623,.T.) ;
#631=EDGE_CURVE('',#625,#269,#630,.T.) ;
#650=EDGE_CURVE('',#625,#649,#647,.T.) ;
#655=EDGE_CURVE('',#276,#649,#654,.F.) ;
#674=EDGE_CURVE('',#283,#673,#671,.F.) ;
#679=EDGE_CURVE('',#673,#649,#678,.T.) ;
#698=EDGE_CURVE('',#697,#290,#695,.T.) ;
#703=EDGE_CURVE('',#673,#697,#702,.F.) ;
#722=EDGE_CURVE('',#697,#721,#719,.T.) ;
#727=EDGE_CURVE('',#721,#297,#726,.T.) ;
#746=EDGE_CURVE('',#745,#304,#743,.T.) ;
#751=EDGE_CURVE('',#721,#745,#750,.F.) ;
#768=EDGE_CURVE('',#745,#431,#767,.T.) ;
#789=EDGE_CURVE('',#786,#788,#784,.F.) ;
#796=EDGE_CURVE('',#795,#788,#793,.F.) ;
#801=EDGE_CURVE('',#795,#337,#800,.T.) ;
#808=EDGE_CURVE('',#807,#339,#805,.T.) ;
#815=EDGE_CURVE('',#814,#807,#812,.T.) ;
#820=EDGE_CURVE('',#814,#786,#819,.F.) ;
#835=EDGE_CURVE('',#807,#795,#834,.T.) ;
#854=EDGE_CURVE('',#853,#357,#851,.T.) ;
#861=EDGE_CURVE('',#860,#853,#858,.T.) ;
#866=EDGE_CURVE('',#860,#355,#865,.T.) ;
#878=EDGE_CURVE('',#853,#860,#877,.T.) ;
#897=EDGE_CURVE('',#896,#375,#894,.T.) ;
#904=EDGE_CURVE('',#903,#896,#901,.T.) ;
#909=EDGE_CURVE('',#903,#373,#908,.T.) ;
#921=EDGE_CURVE('',#896,#903,#920,.T.) ;
#940=EDGE_CURVE('',#939,#393,#937,.T.) ;
#947=EDGE_CURVE('',#946,#939,#944,.F.) ;
#952=EDGE_CURVE('',#946,#391,#951,.T.) ;
#971=EDGE_CURVE('',#970,#946,#968,.T.) ;
#976=EDGE_CURVE('',#970,#400,#975,.T.) ;
#995=EDGE_CURVE('',#994,#970,#992,.T.) ;
#1000=EDGE_CURVE('',#994,#407,#999,.T.) ;
#1017=EDGE_CURVE('',#939,#994,#1016,.T.) ;
#1053=EDGE_CURVE('',#795,#1052,#1050,.F.) ;
#1060=EDGE_CURVE('',#1052,#1059,#1057,.T.) ;
#1065=EDGE_CURVE('',#1059,#814,#1064,.F.) ;
#1099=EDGE_CURVE('',#1098,#786,#1096,.F.) ;
#1104=EDGE_CURVE('',#1059,#1098,#1103,.T.) ;
#1123=EDGE_CURVE('',#788,#1122,#1120,.F.) ;
#1128=EDGE_CURVE('',#1052,#1122,#1127,.T.) ;
#1145=EDGE_CURVE('',#1122,#1098,#1144,.T.) ;
#1209=EDGE_CURVE('',#1206,#1208,#1204,.T.) ;
#1216=EDGE_CURVE('',#1206,#1215,#1213,.T.) ;
#1223=EDGE_CURVE('',#1215,#1222,#1220,.T.) ;
#1228=EDGE_CURVE('',#1208,#1222,#1227,.T.) ;
#1240=EDGE_CURVE('',#1215,#1206,#1239,.T.) ;
#1245=EDGE_CURVE('',#1222,#1208,#1244,.T.) ;
#1313=EDGE_CURVE('',#1310,#1312,#1308,.T.) ;
#1320=EDGE_CURVE('',#1319,#1312,#1317,.F.) ;
#1327=EDGE_CURVE('',#1326,#1319,#1324,.T.) ;
#1332=EDGE_CURVE('',#1326,#1310,#1331,.F.) ;
#1344=EDGE_CURVE('',#1312,#1310,#1343,.T.) ;
#1349=EDGE_CURVE('',#1319,#1326,#1348,.T.) ;
#1380=EDGE_CURVE('',#1377,#1379,#1375,.T.) ;
#1385=EDGE_CURVE('',#1379,#1377,#1384,.T.) ;
#1408=EDGE_CURVE('',#1405,#1407,#1403,.T.) ;
#1413=EDGE_CURVE('',#1407,#1405,#1412,.T.) ;
#1428=EDGE_CURVE('',#1405,#1379,#1427,.T.) ;
#1433=EDGE_CURVE('',#1407,#1377,#1432,.T.) ;
#1488=EDGE_CURVE('',#1485,#1487,#1483,.T.) ;
#1495=EDGE_CURVE('',#1485,#1494,#1492,.T.) ;
#1502=EDGE_CURVE('',#1494,#1501,#1499,.T.) ;
#1507=EDGE_CURVE('',#1487,#1501,#1506,.T.) ;
#1519=EDGE_CURVE('',#1494,#1485,#1518,.T.) ;
#1524=EDGE_CURVE('',#1501,#1487,#1523,.T.) ;
#1545=EDGE_CURVE('',#1542,#1544,#1540,.T.) ;
#1552=EDGE_CURVE('',#1551,#1544,#1549,.T.) ;
#1559=EDGE_CURVE('',#1558,#1551,#1556,.T.) ;
#1564=EDGE_CURVE('',#1558,#1542,#1563,.T.) ;
#1576=EDGE_CURVE('',#1544,#1542,#1575,.T.) ;
#1581=EDGE_CURVE('',#1551,#1558,#1580,.T.) ;
#1657=EDGE_CURVE('',#1654,#1656,#1652,.T.) ;
#1664=EDGE_CURVE('',#1654,#1663,#1661,.T.) ;
#1671=EDGE_CURVE('',#1663,#1670,#1668,.T.) ;
#1676=EDGE_CURVE('',#1656,#1670,#1675,.T.) ;
#1695=EDGE_CURVE('',#1663,#1694,#1692,.F.) ;
#1702=EDGE_CURVE('',#1694,#1701,#1699,.T.) ;
#1707=EDGE_CURVE('',#1670,#1701,#1706,.F.) ;
#1726=EDGE_CURVE('',#1694,#1725,#1723,.T.) ;
#1733=EDGE_CURVE('',#1725,#1732,#1730,.T.) ;
#1738=EDGE_CURVE('',#1701,#1732,#1737,.T.) ;
#1755=EDGE_CURVE('',#1725,#1654,#1754,.F.) ;
#1760=EDGE_CURVE('',#1732,#1656,#1759,.F.) ;
#1781=EDGE_CURVE('',#1778,#1780,#1776,.T.) ;
#1788=EDGE_CURVE('',#1787,#1780,#1785,.T.) ;
#1795=EDGE_CURVE('',#1794,#1787,#1792,.T.) ;
#1800=EDGE_CURVE('',#1794,#1778,#1799,.T.) ;
#1812=EDGE_CURVE('',#1780,#1778,#1811,.T.) ;
#1817=EDGE_CURVE('',#1787,#1794,#1816,.T.) ;
#1838=EDGE_CURVE('',#1835,#1837,#1833,.T.) ;
#1845=EDGE_CURVE('',#1844,#1837,#1842,.T.) ;
#1852=EDGE_CURVE('',#1851,#1844,#1849,.T.) ;
#1857=EDGE_CURVE('',#1851,#1835,#1856,.T.) ;
#1869=EDGE_CURVE('',#1837,#1835,#1868,.T.) ;
#1874=EDGE_CURVE('',#1844,#1851,#1873,.T.) ;
#1895=EDGE_CURVE('',#1892,#1894,#1890,.T.) ;
#1902=EDGE_CURVE('',#1901,#1894,#1899,.T.) ;
#1909=EDGE_CURVE('',#1908,#1901,#1906,.T.) ;
#1914=EDGE_CURVE('',#1908,#1892,#1913,.T.) ;
#1926=EDGE_CURVE('',#1894,#1892,#1925,.T.) ;
#1931=EDGE_CURVE('',#1901,#1908,#1930,.T.) ;
#2035=EDGE_CURVE('',#2032,#2034,#2030,.F.) ;
#2042=EDGE_CURVE('',#2041,#2034,#2039,.F.) ;
#2049=EDGE_CURVE('',#2041,#2048,#2046,.T.) ;
#2054=EDGE_CURVE('',#2048,#2032,#2053,.F.) ;
#2066=EDGE_CURVE('',#2034,#2032,#2065,.F.) ;
#2071=EDGE_CURVE('',#2048,#2041,#2070,.T.) ;
#2092=EDGE_CURVE('',#2089,#2091,#2087,.T.) ;
#2099=EDGE_CURVE('',#2098,#2091,#2096,.T.) ;
#2106=EDGE_CURVE('',#2105,#2098,#2103,.T.) ;
#2113=EDGE_CURVE('',#2105,#2112,#2110,.T.) ;
#2120=EDGE_CURVE('',#2112,#2119,#2117,.T.) ;
#2127=EDGE_CURVE('',#2119,#2126,#2124,.F.) ;
#2132=EDGE_CURVE('',#2126,#2089,#2131,.F.) ;
#2156=EDGE_CURVE('',#2153,#2155,#2151,.F.) ;
#2163=EDGE_CURVE('',#2155,#2162,#2160,.F.) ;
#2168=EDGE_CURVE('',#2162,#2126,#2167,.T.) ;
#2175=EDGE_CURVE('',#2174,#2119,#2172,.F.) ;
#2180=EDGE_CURVE('',#2089,#2174,#2179,.F.) ;
#2185=EDGE_CURVE('',#2153,#2089,#2184,.T.) ;
#2205=EDGE_CURVE('',#2162,#2153,#2204,.F.) ;
#2224=EDGE_CURVE('',#2155,#2223,#2221,.T.) ;
#2231=EDGE_CURVE('',#2230,#2223,#2228,.T.) ;
#2236=EDGE_CURVE('',#2162,#2230,#2235,.T.) ;
#2248=EDGE_CURVE('',#2223,#2230,#2247,.T.) ;
#2265=EDGE_CURVE('',#2262,#2264,#2260,.F.) ;
#2272=EDGE_CURVE('',#2271,#2264,#2269,.T.) ;
#2279=EDGE_CURVE('',#2278,#2271,#2276,.F.) ;
#2284=EDGE_CURVE('',#2262,#2278,#2283,.F.) ;
#2296=EDGE_CURVE('',#2264,#2271,#2295,.T.) ;
#2301=EDGE_CURVE('',#2278,#2262,#2300,.F.) ;
#2322=EDGE_CURVE('',#2319,#2321,#2317,.T.) ;
#2327=EDGE_CURVE('',#2321,#2319,#2326,.T.) ;
#2344=EDGE_CURVE('',#2343,#2321,#2341,.F.) ;
#2351=EDGE_CURVE('',#2350,#2319,#2348,.F.) ;
#2356=EDGE_CURVE('',#2350,#2343,#2355,.T.) ;
#2368=EDGE_CURVE('',#2343,#2350,#2367,.T.) ;
#2396=EDGE_CURVE('',#2112,#2395,#2393,.F.) ;
#2403=EDGE_CURVE('',#2395,#2402,#2400,.T.) ;
#2408=EDGE_CURVE('',#2091,#2402,#2407,.F.) ;
#2432=EDGE_CURVE('',#2429,#2431,#2427,.T.) ;
#2439=EDGE_CURVE('',#2429,#2438,#2436,.F.) ;
#2446=EDGE_CURVE('',#2438,#2445,#2443,.T.) ;
#2451=EDGE_CURVE('',#2431,#2445,#2450,.F.) ;
#2465=EDGE_CURVE('',#2438,#2464,#2462,.T.) ;
#2472=EDGE_CURVE('',#2464,#2471,#2469,.T.) ;
#2477=EDGE_CURVE('',#2445,#2471,#2476,.T.) ;
#2498=EDGE_CURVE('',#2495,#2497,#2493,.F.) ;
#2505=EDGE_CURVE('',#2504,#2497,#2502,.T.) ;
#2512=EDGE_CURVE('',#2504,#2511,#2509,.T.) ;
#2517=EDGE_CURVE('',#2511,#2495,#2516,.T.) ;
#2538=EDGE_CURVE('',#2535,#2537,#2533,.F.) ;
#2543=EDGE_CURVE('',#2395,#2535,#2542,.F.) ;
#2548=EDGE_CURVE('',#2495,#2105,#2547,.T.) ;
#2553=EDGE_CURVE('',#2464,#2511,#2552,.T.) ;
#2558=EDGE_CURVE('',#2537,#2429,#2557,.F.) ;
#2583=EDGE_CURVE('',#2537,#2582,#2580,.T.) ;
#2590=EDGE_CURVE('',#2589,#2582,#2587,.F.) ;
#2595=EDGE_CURVE('',#2589,#2535,#2594,.F.) ;
#2614=EDGE_CURVE('',#2613,#2589,#2611,.T.) ;
#2619=EDGE_CURVE('',#2402,#2613,#2618,.F.) ;
#2643=EDGE_CURVE('',#2582,#2642,#2640,.T.) ;
#2648=EDGE_CURVE('',#2642,#2431,#2647,.F.) ;
#2670=EDGE_CURVE('',#2613,#2642,#2669,.F.) ;
#2689=EDGE_CURVE('',#2688,#2098,#2686,.T.) ;
#2694=EDGE_CURVE('',#2497,#2688,#2693,.F.) ;
#2718=EDGE_CURVE('',#2471,#2717,#2715,.T.) ;
#2723=EDGE_CURVE('',#2717,#2504,#2722,.F.) ;
#2745=EDGE_CURVE('',#2717,#2688,#2744,.T.) ;
#2811=EDGE_CURVE('',#2808,#2810,#2806,.F.) ;
#2818=EDGE_CURVE('',#2817,#2810,#2815,.F.) ;
#2825=EDGE_CURVE('',#2817,#2824,#2822,.T.) ;
#2830=EDGE_CURVE('',#2824,#2808,#2829,.F.) ;
#2842=EDGE_CURVE('',#2810,#2808,#2841,.F.) ;
#2847=EDGE_CURVE('',#2824,#2817,#2846,.T.) ;
#2868=EDGE_CURVE('',#2865,#2867,#2863,.T.) ;
#2875=EDGE_CURVE('',#2865,#2874,#2872,.T.) ;
#2882=EDGE_CURVE('',#2874,#2881,#2879,.T.) ;
#2887=EDGE_CURVE('',#2867,#2881,#2886,.T.) ;
#2908=EDGE_CURVE('',#2905,#2907,#2903,.T.) ;
#2913=EDGE_CURVE('',#2907,#2905,#2912,.T.) ;
#2930=EDGE_CURVE('',#2905,#2929,#2927,.T.) ;
#2937=EDGE_CURVE('',#2907,#2936,#2934,.T.) ;
#2942=EDGE_CURVE('',#2936,#2929,#2941,.F.) ;
#2954=EDGE_CURVE('',#2929,#2936,#2953,.F.) ;
#2970=EDGE_CURVE('',#2967,#2969,#2965,.F.) ;
#2977=EDGE_CURVE('',#2969,#2976,#2974,.F.) ;
#2984=EDGE_CURVE('',#2983,#2976,#2981,.F.) ;
#2989=EDGE_CURVE('',#2983,#2967,#2988,.T.) ;
#3001=EDGE_CURVE('',#2976,#2969,#3000,.F.) ;
#3006=EDGE_CURVE('',#2967,#2983,#3005,.T.) ;
#3027=EDGE_CURVE('',#3024,#3026,#3022,.F.) ;
#3032=EDGE_CURVE('',#3026,#2929,#3031,.T.) ;
#3037=EDGE_CURVE('',#3024,#2936,#3036,.T.) ;
#3054=EDGE_CURVE('',#3026,#3024,#3053,.F.) ;
#3075=EDGE_CURVE('',#3072,#3074,#3070,.T.) ;
#3082=EDGE_CURVE('',#3072,#3081,#3079,.T.) ;
#3089=EDGE_CURVE('',#3081,#3088,#3086,.T.) ;
#3094=EDGE_CURVE('',#3074,#3088,#3093,.T.) ;
#3119=EDGE_CURVE('',#3116,#3118,#3114,.F.) ;
#3126=EDGE_CURVE('',#3125,#3118,#3123,.T.) ;
#3133=EDGE_CURVE('',#3125,#3132,#3130,.T.) ;
#3138=EDGE_CURVE('',#3132,#3116,#3137,.T.) ;
#3157=EDGE_CURVE('',#3156,#3074,#3154,.T.) ;
#3162=EDGE_CURVE('',#3088,#3125,#3161,.T.) ;
#3167=EDGE_CURVE('',#3118,#2867,#3166,.T.) ;
#3174=EDGE_CURVE('',#2881,#3173,#3171,.T.) ;
#3179=EDGE_CURVE('',#3173,#3156,#3178,.T.) ;
#3202=EDGE_CURVE('',#3201,#3156,#3199,.F.) ;
#3209=EDGE_CURVE('',#3173,#3208,#3206,.T.) ;
#3214=EDGE_CURVE('',#3208,#3201,#3213,.T.) ;
#3233=EDGE_CURVE('',#3081,#3232,#3230,.T.) ;
#3238=EDGE_CURVE('',#3132,#3232,#3237,.F.) ;
#3262=EDGE_CURVE('',#3261,#2865,#3259,.T.) ;
#3267=EDGE_CURVE('',#3261,#3116,#3266,.F.) ;
#3289=EDGE_CURVE('',#3232,#3261,#3288,.T.) ;
#3308=EDGE_CURVE('',#2874,#3307,#3305,.T.) ;
#3313=EDGE_CURVE('',#3208,#3307,#3312,.F.) ;
#3337=EDGE_CURVE('',#3336,#3072,#3334,.T.) ;
#3342=EDGE_CURVE('',#3336,#3201,#3341,.F.) ;
#3364=EDGE_CURVE('',#3307,#3336,#3363,.T.) ;
#3441=EDGE_CURVE('',#3438,#3440,#3436,.T.) ;
#3448=EDGE_CURVE('',#3438,#3447,#3445,.T.) ;
#3455=EDGE_CURVE('',#3447,#3454,#3452,.T.) ;
#3460=EDGE_CURVE('',#3440,#3454,#3459,.T.) ;
#3472=EDGE_CURVE('',#3447,#3438,#3471,.T.) ;
#3477=EDGE_CURVE('',#3454,#3440,#3476,.T.) ;
#3560=EDGE_CURVE('',#3557,#3559,#3555,.T.) ;
#3565=EDGE_CURVE('',#3559,#3557,#3564,.T.) ;
#3578=EDGE_CURVE('',#3575,#3577,#3573,.T.) ;
#3583=EDGE_CURVE('',#3577,#3575,#3582,.T.) ;
#3602=EDGE_CURVE('',#3599,#3601,#3597,.T.) ;
#3607=EDGE_CURVE('',#3601,#3599,#3606,.T.) ;
#3622=EDGE_CURVE('',#3557,#3601,#3621,.T.) ;
#3627=EDGE_CURVE('',#3559,#3599,#3626,.T.) ;
#3653=EDGE_CURVE('',#3652,#3577,#3650,.T.) ;
#3660=EDGE_CURVE('',#3652,#3659,#3657,.T.) ;
#3665=EDGE_CURVE('',#3659,#3575,#3664,.T.) ;
#3677=EDGE_CURVE('',#3659,#3652,#3676,.T.) ;
#3698=EDGE_CURVE('',#3695,#3697,#3693,.T.) ;
#3705=EDGE_CURVE('',#3697,#3704,#3702,.F.) ;
#3712=EDGE_CURVE('',#3704,#3711,#3709,.T.) ;
#3719=EDGE_CURVE('',#3711,#3718,#3716,.F.) ;
#3726=EDGE_CURVE('',#3718,#3725,#3723,.F.) ;
#3733=EDGE_CURVE('',#3725,#3732,#3730,.F.) ;
#3740=EDGE_CURVE('',#3732,#3739,#3737,.F.) ;
#3747=EDGE_CURVE('',#3739,#3746,#3744,.T.) ;
#3754=EDGE_CURVE('',#3746,#3753,#3751,.F.) ;
#3759=EDGE_CURVE('',#3753,#3695,#3758,.F.) ;
#3784=EDGE_CURVE('',#3781,#3783,#3779,.T.) ;
#3789=EDGE_CURVE('',#3783,#3781,#3788,.T.) ;
#3806=EDGE_CURVE('',#3805,#3695,#3803,.T.) ;
#3813=EDGE_CURVE('',#3805,#3812,#3810,.T.) ;
#3818=EDGE_CURVE('',#3812,#3697,#3817,.T.) ;
#3837=EDGE_CURVE('',#3812,#3836,#3834,.F.) ;
#3842=EDGE_CURVE('',#3836,#3704,#3841,.T.) ;
#3861=EDGE_CURVE('',#3836,#3860,#3858,.T.) ;
#3866=EDGE_CURVE('',#3860,#3711,#3865,.T.) ;
#3885=EDGE_CURVE('',#3860,#3884,#3882,.F.) ;
#3890=EDGE_CURVE('',#3884,#3718,#3889,.T.) ;
#3909=EDGE_CURVE('',#3884,#3908,#3906,.F.) ;
#3914=EDGE_CURVE('',#3908,#3725,#3913,.T.) ;
#3933=EDGE_CURVE('',#3908,#3932,#3930,.F.) ;
#3938=EDGE_CURVE('',#3932,#3732,#3937,.T.) ;
#3957=EDGE_CURVE('',#3932,#3956,#3954,.F.) ;
#3962=EDGE_CURVE('',#3956,#3739,#3961,.T.) ;
#3981=EDGE_CURVE('',#3956,#3980,#3978,.T.) ;
#3986=EDGE_CURVE('',#3980,#3746,#3985,.T.) ;
#4005=EDGE_CURVE('',#3980,#4004,#4002,.F.) ;
#4010=EDGE_CURVE('',#4004,#3753,#4009,.T.) ;
#4022=EDGE_CURVE('',#4004,#3805,#4021,.F.) ;
#4041=EDGE_CURVE('',#4040,#3783,#4038,.T.) ;
#4048=EDGE_CURVE('',#4047,#4040,#4045,.T.) ;
#4053=EDGE_CURVE('',#4047,#3781,#4052,.T.) ;
#4065=EDGE_CURVE('',#4040,#4047,#4064,.T.) ;
#4135=EDGE_CURVE('',#4132,#4134,#4130,.T.) ;
#4142=EDGE_CURVE('',#4141,#4134,#4139,.T.) ;
#4149=EDGE_CURVE('',#4148,#4141,#4146,.T.) ;
#4154=EDGE_CURVE('',#4148,#4132,#4153,.T.) ;
#4173=EDGE_CURVE('',#4172,#4132,#4170,.F.) ;
#4180=EDGE_CURVE('',#4179,#4148,#4177,.F.) ;
#4185=EDGE_CURVE('',#4179,#4172,#4184,.F.) ;
#4204=EDGE_CURVE('',#4141,#4203,#4201,.F.) ;
#4211=EDGE_CURVE('',#4203,#4210,#4208,.T.) ;
#4218=EDGE_CURVE('',#4210,#4217,#4215,.F.) ;
#4223=EDGE_CURVE('',#4217,#4179,#4222,.T.) ;
#4244=EDGE_CURVE('',#4243,#4172,#4241,.T.) ;
#4251=EDGE_CURVE('',#4250,#4243,#4248,.F.) ;
#4258=EDGE_CURVE('',#4257,#4250,#4255,.T.) ;
#4263=EDGE_CURVE('',#4134,#4257,#4262,.F.) ;
#4277=EDGE_CURVE('',#4217,#4243,#4276,.T.) ;
#4294=EDGE_CURVE('',#4210,#4250,#4293,.T.) ;
#4310=EDGE_CURVE('',#4307,#4309,#4305,.T.) ;
#4317=EDGE_CURVE('',#4307,#4316,#4314,.T.) ;
#4324=EDGE_CURVE('',#4316,#4323,#4321,.T.) ;
#4329=EDGE_CURVE('',#4309,#4323,#4328,.T.) ;
#4345=EDGE_CURVE('',#4342,#4344,#4340,.T.) ;
#4350=EDGE_CURVE('',#4342,#4307,#4349,.F.) ;
#4355=EDGE_CURVE('',#4344,#4309,#4354,.F.) ;
#4374=EDGE_CURVE('',#4373,#4342,#4371,.T.) ;
#4381=EDGE_CURVE('',#4380,#4373,#4378,.F.) ;
#4388=EDGE_CURVE('',#4387,#4380,#4385,.T.) ;
#4393=EDGE_CURVE('',#4316,#4387,#4392,.F.) ;
#4414=EDGE_CURVE('',#4323,#4413,#4411,.F.) ;
#4421=EDGE_CURVE('',#4413,#4420,#4418,.T.) ;
#4428=EDGE_CURVE('',#4420,#4427,#4425,.F.) ;
#4433=EDGE_CURVE('',#4427,#4344,#4432,.T.) ;
#4447=EDGE_CURVE('',#4373,#4427,#4446,.T.) ;
#4466=EDGE_CURVE('',#4203,#4465,#4463,.T.) ;
#4473=EDGE_CURVE('',#4465,#4472,#4470,.T.) ;
#4480=EDGE_CURVE('',#4472,#4479,#4477,.T.) ;
#4487=EDGE_CURVE('',#4479,#4486,#4484,.T.) ;
#4494=EDGE_CURVE('',#4486,#4493,#4491,.T.) ;
#4501=EDGE_CURVE('',#4493,#4500,#4498,.F.) ;
#4508=EDGE_CURVE('',#4500,#4507,#4505,.T.) ;
#4515=EDGE_CURVE('',#4507,#4514,#4512,.T.) ;
#4522=EDGE_CURVE('',#4514,#4521,#4519,.T.) ;
#4529=EDGE_CURVE('',#4521,#4528,#4526,.F.) ;
#4534=EDGE_CURVE('',#4528,#4387,#4533,.T.) ;
#4539=EDGE_CURVE('',#4380,#4420,#4538,.T.) ;
#4544=EDGE_CURVE('',#4413,#4257,#4543,.T.) ;
#4573=EDGE_CURVE('',#4570,#4572,#4568,.T.) ;
#4580=EDGE_CURVE('',#4579,#4570,#4577,.T.) ;
#4587=EDGE_CURVE('',#4586,#4579,#4584,.T.) ;
#4592=EDGE_CURVE('',#4572,#4586,#4591,.T.) ;
#4618=EDGE_CURVE('',#4617,#4479,#4615,.T.) ;
#4625=EDGE_CURVE('',#4624,#4472,#4622,.T.) ;
#4630=EDGE_CURVE('',#4617,#4624,#4629,.T.) ;
#4649=EDGE_CURVE('',#4624,#4648,#4646,.T.) ;
#4656=EDGE_CURVE('',#4648,#4655,#4653,.T.) ;
#4661=EDGE_CURVE('',#4655,#4617,#4660,.T.) ;
#4678=EDGE_CURVE('',#4648,#4521,#4677,.T.) ;
#4683=EDGE_CURVE('',#4655,#4514,#4682,.T.) ;
#4697=EDGE_CURVE('',#4696,#4507,#4694,.T.) ;
#4704=EDGE_CURVE('',#4696,#4703,#4701,.T.) ;
#4709=EDGE_CURVE('',#4703,#4486,#4708,.T.) ;
#4732=EDGE_CURVE('',#4703,#4731,#4729,.T.) ;
#4737=EDGE_CURVE('',#4731,#4493,#4736,.T.) ;
#4756=EDGE_CURVE('',#4731,#4755,#4753,.F.) ;
#4761=EDGE_CURVE('',#4755,#4500,#4760,.T.) ;
#4778=EDGE_CURVE('',#4755,#4696,#4777,.T.) ;
#4797=EDGE_CURVE('',#4796,#4572,#4794,.T.) ;
#4804=EDGE_CURVE('',#4803,#4796,#4801,.T.) ;
#4809=EDGE_CURVE('',#4803,#4570,#4808,.T.) ;
#4828=EDGE_CURVE('',#4827,#4803,#4825,.T.) ;
#4833=EDGE_CURVE('',#4827,#4579,#4832,.T.) ;
#4852=EDGE_CURVE('',#4851,#4827,#4849,.T.) ;
#4857=EDGE_CURVE('',#4851,#4586,#4856,.T.) ;
#4874=EDGE_CURVE('',#4796,#4851,#4873,.T.) ;
#4962=EDGE_CURVE('',#4959,#4961,#4957,.T.) ;
#4969=EDGE_CURVE('',#4959,#4968,#4966,.T.) ;
#4976=EDGE_CURVE('',#4968,#4975,#4973,.T.) ;
#4981=EDGE_CURVE('',#4961,#4975,#4980,.T.) ;
#4993=EDGE_CURVE('',#4968,#4959,#4992,.T.) ;
#4998=EDGE_CURVE('',#4975,#4961,#4997,.T.) ;
#5066=EDGE_CURVE('',#5063,#5065,#5061,.T.) ;
#5073=EDGE_CURVE('',#5063,#5072,#5070,.T.) ;
#5080=EDGE_CURVE('',#5072,#5079,#5077,.T.) ;
#5085=EDGE_CURVE('',#5065,#5079,#5084,.T.) ;
#5097=EDGE_CURVE('',#5072,#5063,#5096,.T.) ;
#5102=EDGE_CURVE('',#5079,#5065,#5101,.T.) ;
#5123=EDGE_CURVE('',#5120,#5122,#5118,.T.) ;
#5130=EDGE_CURVE('',#5129,#5122,#5127,.T.) ;
#5137=EDGE_CURVE('',#5136,#5129,#5134,.T.) ;
#5142=EDGE_CURVE('',#5136,#5120,#5141,.T.) ;
#5154=EDGE_CURVE('',#5122,#5120,#5153,.T.) ;
#5159=EDGE_CURVE('',#5129,#5136,#5158,.T.) ;
#82=EDGE_LOOP('',(#83,#84)) ;
#100=EDGE_LOOP('',(#101,#102)) ;
#124=EDGE_LOOP('',(#125,#126)) ;
#144=EDGE_LOOP('',(#145,#146,#147,#148)) ;
#151=EDGE_LOOP('',(#152,#153,#154,#155)) ;
#182=EDGE_LOOP('',(#183,#184,#185,#186)) ;
#194=EDGE_LOOP('',(#195,#196,#197,#198)) ;
#311=EDGE_LOOP('',(#312,#313,#314,#315,#316,#317,#318,#319,#320,#321,#322,#323,#324,#325,#326)) ;
#328=EDGE_LOOP('',(#329,#330)) ;
#346=EDGE_LOOP('',(#347,#348)) ;
#364=EDGE_LOOP('',(#365,#366)) ;
#382=EDGE_LOOP('',(#383,#384)) ;
#414=EDGE_LOOP('',(#415,#416,#417,#418)) ;
#445=EDGE_LOOP('',(#446,#447,#448,#449)) ;
#464=EDGE_LOOP('',(#465,#466,#467,#468)) ;
#488=EDGE_LOOP('',(#489,#490,#491,#492)) ;
#512=EDGE_LOOP('',(#513,#514,#515,#516)) ;
#536=EDGE_LOOP('',(#537,#538,#539,#540)) ;
#560=EDGE_LOOP('',(#561,#562,#563,#564)) ;
#584=EDGE_LOOP('',(#585,#586,#587,#588)) ;
#608=EDGE_LOOP('',(#609,#610,#611,#612)) ;
#632=EDGE_LOOP('',(#633,#634,#635,#636)) ;
#656=EDGE_LOOP('',(#657,#658,#659,#660)) ;
#680=EDGE_LOOP('',(#681,#682,#683,#684)) ;
#704=EDGE_LOOP('',(#705,#706,#707,#708)) ;
#728=EDGE_LOOP('',(#729,#730,#731,#732)) ;
#752=EDGE_LOOP('',(#753,#754,#755,#756)) ;
#769=EDGE_LOOP('',(#770,#771,#772,#773)) ;
#821=EDGE_LOOP('',(#822,#823,#824,#825,#826,#827,#828)) ;
#836=EDGE_LOOP('',(#837,#838,#839,#840)) ;
#867=EDGE_LOOP('',(#868,#869,#870,#871)) ;
#879=EDGE_LOOP('',(#880,#881,#882,#883)) ;
#910=EDGE_LOOP('',(#911,#912,#913,#914)) ;
#922=EDGE_LOOP('',(#923,#924,#925,#926)) ;
#953=EDGE_LOOP('',(#954,#955,#956,#957)) ;
#977=EDGE_LOOP('',(#978,#979,#980,#981)) ;
#1001=EDGE_LOOP('',(#1002,#1003,#1004,#1005)) ;
#1018=EDGE_LOOP('',(#1019,#1020,#1021,#1022)) ;
#1030=EDGE_LOOP('',(#1031,#1032,#1033,#1034,#1035,#1036,#1037,#1038,#1039,#1040,#1041,#1042,#1043,#1044,#1045)) ;
#1066=EDGE_LOOP('',(#1067,#1068,#1069,#1070,#1071)) ;
#1073=EDGE_LOOP('',(#1074,#1075)) ;
#1077=EDGE_LOOP('',(#1078,#1079)) ;
#1081=EDGE_LOOP('',(#1082,#1083,#1084,#1085)) ;
#1105=EDGE_LOOP('',(#1106,#1107,#1108,#1109)) ;
#1129=EDGE_LOOP('',(#1130,#1131,#1132,#1133)) ;
#1146=EDGE_LOOP('',(#1147,#1148,#1149,#1150)) ;
#1158=EDGE_LOOP('',(#1159,#1160,#1161,#1162)) ;
#1229=EDGE_LOOP('',(#1230,#1231,#1232,#1233)) ;
#1246=EDGE_LOOP('',(#1247,#1248,#1249,#1250)) ;
#1258=EDGE_LOOP('',(#1259,#1260)) ;
#1268=EDGE_LOOP('',(#1269,#1270)) ;
#1333=EDGE_LOOP('',(#1334,#1335,#1336,#1337)) ;
#1350=EDGE_LOOP('',(#1351,#1352,#1353,#1354)) ;
#1362=EDGE_LOOP('',(#1363,#1364)) ;
#1386=EDGE_LOOP('',(#1387,#1388)) ;
#1390=EDGE_LOOP('',(#1391,#1392)) ;
#1414=EDGE_LOOP('',(#1415,#1416)) ;
#1434=EDGE_LOOP('',(#1435,#1436,#1437,#1438)) ;
#1441=EDGE_LOOP('',(#1442,#1443,#1444,#1445)) ;
#1508=EDGE_LOOP('',(#1509,#1510,#1511,#1512)) ;
#1525=EDGE_LOOP('',(#1526,#1527,#1528,#1529)) ;
#1565=EDGE_LOOP('',(#1566,#1567,#1568,#1569)) ;
#1582=EDGE_LOOP('',(#1583,#1584,#1585,#1586)) ;
#1594=EDGE_LOOP('',(#1595,#1596)) ;
#1598=EDGE_LOOP('',(#1599,#1600)) ;
#1608=EDGE_LOOP('',(#1609,#1610)) ;
#1612=EDGE_LOOP('',(#1613,#1614)) ;
#1677=EDGE_LOOP('',(#1678,#1679,#1680,#1681)) ;
#1708=EDGE_LOOP('',(#1709,#1710,#1711,#1712)) ;
#1739=EDGE_LOOP('',(#1740,#1741,#1742,#1743)) ;
#1761=EDGE_LOOP('',(#1762,#1763,#1764,#1765)) ;
#1801=EDGE_LOOP('',(#1802,#1803,#1804,#1805)) ;
#1818=EDGE_LOOP('',(#1819,#1820,#1821,#1822)) ;
#1858=EDGE_LOOP('',(#1859,#1860,#1861,#1862)) ;
#1875=EDGE_LOOP('',(#1876,#1877,#1878,#1879)) ;
#1915=EDGE_LOOP('',(#1916,#1917,#1918,#1919)) ;
#1932=EDGE_LOOP('',(#1933,#1934,#1935,#1936)) ;
#1944=EDGE_LOOP('',(#1945,#1946,#1947,#1948)) ;
#1950=EDGE_LOOP('',(#1951,#1952)) ;
#1954=EDGE_LOOP('',(#1955,#1956)) ;
#1958=EDGE_LOOP('',(#1959,#1960)) ;
#1968=EDGE_LOOP('',(#1969,#1970,#1971,#1972)) ;
#1974=EDGE_LOOP('',(#1975,#1976)) ;
#1978=EDGE_LOOP('',(#1979,#1980)) ;
#1982=EDGE_LOOP('',(#1983,#1984)) ;
#2055=EDGE_LOOP('',(#2056,#2057,#2058,#2059)) ;
#2072=EDGE_LOOP('',(#2073,#2074,#2075,#2076)) ;
#2133=EDGE_LOOP('',(#2134,#2135,#2136,#2137,#2138,#2139,#2140)) ;
#2186=EDGE_LOOP('',(#2187,#2188,#2189,#2190,#2191,#2192,#2193)) ;
#2206=EDGE_LOOP('',(#2207,#2208,#2209,#2210)) ;
#2237=EDGE_LOOP('',(#2238,#2239,#2240,#2241)) ;
#2249=EDGE_LOOP('',(#2250,#2251,#2252,#2253,#2254)) ;
#2285=EDGE_LOOP('',(#2286,#2287,#2288,#2289)) ;
#2302=EDGE_LOOP('',(#2303,#2304,#2305,#2306)) ;
#2328=EDGE_LOOP('',(#2329,#2330)) ;
#2357=EDGE_LOOP('',(#2358,#2359,#2360,#2361)) ;
#2369=EDGE_LOOP('',(#2370,#2371,#2372,#2373)) ;
#2381=EDGE_LOOP('',(#2382,#2383)) ;
#2385=EDGE_LOOP('',(#2386,#2387)) ;
#2409=EDGE_LOOP('',(#2410,#2411,#2412,#2413,#2414,#2415,#2416)) ;
#2452=EDGE_LOOP('',(#2453,#2454,#2455,#2456)) ;
#2478=EDGE_LOOP('',(#2479,#2480,#2481,#2482)) ;
#2518=EDGE_LOOP('',(#2519,#2520,#2521,#2522)) ;
#2559=EDGE_LOOP('',(#2560,#2561,#2562,#2563,#2564,#2565,#2566,#2567,#2568,#2569)) ;
#2596=EDGE_LOOP('',(#2597,#2598,#2599,#2600)) ;
#2620=EDGE_LOOP('',(#2621,#2622,#2623,#2624,#2625)) ;
#2627=EDGE_LOOP('',(#2628,#2629)) ;
#2649=EDGE_LOOP('',(#2650,#2651,#2652,#2653,#2654)) ;
#2656=EDGE_LOOP('',(#2657,#2658)) ;
#2671=EDGE_LOOP('',(#2672,#2673,#2674,#2675)) ;
#2695=EDGE_LOOP('',(#2696,#2697,#2698,#2699,#2700)) ;
#2702=EDGE_LOOP('',(#2703,#2704)) ;
#2724=EDGE_LOOP('',(#2725,#2726,#2727,#2728,#2729)) ;
#2731=EDGE_LOOP('',(#2732,#2733)) ;
#2746=EDGE_LOOP('',(#2747,#2748,#2749,#2750,#2751,#2752,#2753,#2754,#2755,#2756)) ;
#2764=EDGE_LOOP('',(#2765,#2766,#2767,#2768)) ;
#2831=EDGE_LOOP('',(#2832,#2833,#2834,#2835)) ;
#2848=EDGE_LOOP('',(#2849,#2850,#2851,#2852)) ;
#2888=EDGE_LOOP('',(#2889,#2890,#2891,#2892)) ;
#2914=EDGE_LOOP('',(#2915,#2916)) ;
#2943=EDGE_LOOP('',(#2944,#2945,#2946,#2947)) ;
#2955=EDGE_LOOP('',(#2956,#2957,#2958,#2959)) ;
#2990=EDGE_LOOP('',(#2991,#2992,#2993,#2994)) ;
#3007=EDGE_LOOP('',(#3008,#3009,#3010,#3011)) ;
#3038=EDGE_LOOP('',(#3039,#3040,#3041,#3042)) ;
#3055=EDGE_LOOP('',(#3056,#3057,#3058,#3059)) ;
#3095=EDGE_LOOP('',(#3096,#3097,#3098,#3099)) ;
#3101=EDGE_LOOP('',(#3102,#3103)) ;
#3139=EDGE_LOOP('',(#3140,#3141,#3142,#3143)) ;
#3180=EDGE_LOOP('',(#3181,#3182,#3183,#3184,#3185,#3186,#3187,#3188)) ;
#3215=EDGE_LOOP('',(#3216,#3217,#3218,#3219)) ;
#3239=EDGE_LOOP('',(#3240,#3241,#3242,#3243,#3244)) ;
#3246=EDGE_LOOP('',(#3247,#3248)) ;
#3268=EDGE_LOOP('',(#3269,#3270,#3271,#3272,#3273)) ;
#3275=EDGE_LOOP('',(#3276,#3277)) ;
#3290=EDGE_LOOP('',(#3291,#3292,#3293,#3294)) ;
#3314=EDGE_LOOP('',(#3315,#3316,#3317,#3318,#3319)) ;
#3321=EDGE_LOOP('',(#3322,#3323)) ;
#3343=EDGE_LOOP('',(#3344,#3345,#3346,#3347,#3348)) ;
#3350=EDGE_LOOP('',(#3351,#3352)) ;
#3365=EDGE_LOOP('',(#3366,#3367,#3368,#3369,#3370,#3371,#3372,#3373)) ;
#3381=EDGE_LOOP('',(#3382,#3383,#3384,#3385)) ;
#3461=EDGE_LOOP('',(#3462,#3463,#3464,#3465)) ;
#3478=EDGE_LOOP('',(#3479,#3480,#3481,#3482)) ;
#3490=EDGE_LOOP('',(#3491,#3492)) ;
#3500=EDGE_LOOP('',(#3501,#3502)) ;
#3566=EDGE_LOOP('',(#3567,#3568)) ;
#3584=EDGE_LOOP('',(#3585,#3586)) ;
#3608=EDGE_LOOP('',(#3609,#3610)) ;
#3628=EDGE_LOOP('',(#3629,#3630,#3631,#3632)) ;
#3635=EDGE_LOOP('',(#3636,#3637,#3638,#3639)) ;
#3666=EDGE_LOOP('',(#3667,#3668,#3669,#3670)) ;
#3678=EDGE_LOOP('',(#3679,#3680,#3681,#3682)) ;
#3760=EDGE_LOOP('',(#3761,#3762,#3763,#3764,#3765,#3766,#3767,#3768,#3769,#3770)) ;
#3772=EDGE_LOOP('',(#3773,#3774)) ;
#3790=EDGE_LOOP('',(#3791,#3792)) ;
#3819=EDGE_LOOP('',(#3820,#3821,#3822,#3823)) ;
#3843=EDGE_LOOP('',(#3844,#3845,#3846,#3847)) ;
#3867=EDGE_LOOP('',(#3868,#3869,#3870,#3871)) ;
#3891=EDGE_LOOP('',(#3892,#3893,#3894,#3895)) ;
#3915=EDGE_LOOP('',(#3916,#3917,#3918,#3919)) ;
#3939=EDGE_LOOP('',(#3940,#3941,#3942,#3943)) ;
#3963=EDGE_LOOP('',(#3964,#3965,#3966,#3967)) ;
#3987=EDGE_LOOP('',(#3988,#3989,#3990,#3991)) ;
#4011=EDGE_LOOP('',(#4012,#4013,#4014,#4015)) ;
#4023=EDGE_LOOP('',(#4024,#4025,#4026,#4027)) ;
#4054=EDGE_LOOP('',(#4055,#4056,#4057,#4058)) ;
#4066=EDGE_LOOP('',(#4067,#4068,#4069,#4070)) ;
#4078=EDGE_LOOP('',(#4079,#4080,#4081,#4082,#4083,#4084,#4085,#4086,#4087,#4088)) ;
#4090=EDGE_LOOP('',(#4091,#4092)) ;
#4155=EDGE_LOOP('',(#4156,#4157,#4158,#4159)) ;
#4186=EDGE_LOOP('',(#4187,#4188,#4189,#4190)) ;
#4224=EDGE_LOOP('',(#4225,#4226,#4227,#4228,#4229,#4230)) ;
#4264=EDGE_LOOP('',(#4265,#4266,#4267,#4268,#4269,#4270)) ;
#4278=EDGE_LOOP('',(#4279,#4280,#4281,#4282)) ;
#4295=EDGE_LOOP('',(#4296,#4297,#4298,#4299)) ;
#4330=EDGE_LOOP('',(#4331,#4332,#4333,#4334)) ;
#4356=EDGE_LOOP('',(#4357,#4358,#4359,#4360)) ;
#4394=EDGE_LOOP('',(#4395,#4396,#4397,#4398,#4399,#4400)) ;
#4434=EDGE_LOOP('',(#4435,#4436,#4437,#4438,#4439,#4440)) ;
#4448=EDGE_LOOP('',(#4449,#4450,#4451,#4452)) ;
#4545=EDGE_LOOP('',(#4546,#4547,#4548,#4549,#4550,#4551,#4552,#4553,#4554,#4555,#4556,#4557,#4558,#4559,#4560,#4561,#4562,#4563)) ;
#4593=EDGE_LOOP('',(#4594,#4595,#4596,#4597)) ;
#4600=EDGE_LOOP('',(#4601,#4602,#4603,#4604)) ;
#4631=EDGE_LOOP('',(#4632,#4633,#4634,#4635)) ;
#4662=EDGE_LOOP('',(#4663,#4664,#4665,#4666)) ;
#4684=EDGE_LOOP('',(#4685,#4686,#4687,#4688)) ;
#4710=EDGE_LOOP('',(#4711,#4712,#4713,#4714,#4715,#4716,#4717,#4718)) ;
#4738=EDGE_LOOP('',(#4739,#4740,#4741,#4742)) ;
#4762=EDGE_LOOP('',(#4763,#4764,#4765,#4766)) ;
#4779=EDGE_LOOP('',(#4780,#4781,#4782,#4783)) ;
#4810=EDGE_LOOP('',(#4811,#4812,#4813,#4814)) ;
#4834=EDGE_LOOP('',(#4835,#4836,#4837,#4838)) ;
#4858=EDGE_LOOP('',(#4859,#4860,#4861,#4862)) ;
#4875=EDGE_LOOP('',(#4876,#4877,#4878,#4879)) ;
#4887=EDGE_LOOP('',(#4888,#4889,#4890,#4891)) ;
#4893=EDGE_LOOP('',(#4894,#4895,#4896,#4897)) ;
#4905=EDGE_LOOP('',(#4906,#4907,#4908,#4909,#4910,#4911,#4912,#4913,#4914,#4915,#4916,#4917,#4918,#4919)) ;
#4982=EDGE_LOOP('',(#4983,#4984,#4985,#4986)) ;
#4999=EDGE_LOOP('',(#5000,#5001,#5002,#5003)) ;
#5011=EDGE_LOOP('',(#5012,#5013)) ;
#5021=EDGE_LOOP('',(#5022,#5023)) ;
#5086=EDGE_LOOP('',(#5087,#5088,#5089,#5090)) ;
#5103=EDGE_LOOP('',(#5104,#5105,#5106,#5107)) ;
#5143=EDGE_LOOP('',(#5144,#5145,#5146,#5147)) ;
#5160=EDGE_LOOP('',(#5161,#5162,#5163,#5164)) ;
#5172=EDGE_LOOP('',(#5173,#5174)) ;
#5176=EDGE_LOOP('',(#5177,#5178)) ;
#5186=EDGE_LOOP('',(#5187,#5188)) ;
#5190=EDGE_LOOP('',(#5191,#5192)) ;
#85=FACE_OUTER_BOUND('',#82,.T.) ;
#127=FACE_OUTER_BOUND('',#124,.T.) ;
#149=FACE_OUTER_BOUND('',#144,.T.) ;
#156=FACE_OUTER_BOUND('',#151,.T.) ;
#187=FACE_OUTER_BOUND('',#182,.T.) ;
#199=FACE_OUTER_BOUND('',#194,.T.) ;
#327=FACE_OUTER_BOUND('',#311,.T.) ;
#450=FACE_OUTER_BOUND('',#445,.T.) ;
#469=FACE_OUTER_BOUND('',#464,.T.) ;
#493=FACE_OUTER_BOUND('',#488,.T.) ;
#517=FACE_OUTER_BOUND('',#512,.T.) ;
#541=FACE_OUTER_BOUND('',#536,.T.) ;
#565=FACE_OUTER_BOUND('',#560,.T.) ;
#589=FACE_OUTER_BOUND('',#584,.T.) ;
#613=FACE_OUTER_BOUND('',#608,.T.) ;
#637=FACE_OUTER_BOUND('',#632,.T.) ;
#661=FACE_OUTER_BOUND('',#656,.T.) ;
#685=FACE_OUTER_BOUND('',#680,.T.) ;
#709=FACE_OUTER_BOUND('',#704,.T.) ;
#733=FACE_OUTER_BOUND('',#728,.T.) ;
#757=FACE_OUTER_BOUND('',#752,.T.) ;
#774=FACE_OUTER_BOUND('',#769,.T.) ;
#829=FACE_OUTER_BOUND('',#821,.T.) ;
#841=FACE_OUTER_BOUND('',#836,.T.) ;
#872=FACE_OUTER_BOUND('',#867,.T.) ;
#884=FACE_OUTER_BOUND('',#879,.T.) ;
#915=FACE_OUTER_BOUND('',#910,.T.) ;
#927=FACE_OUTER_BOUND('',#922,.T.) ;
#958=FACE_OUTER_BOUND('',#953,.T.) ;
#982=FACE_OUTER_BOUND('',#977,.T.) ;
#1006=FACE_OUTER_BOUND('',#1001,.T.) ;
#1023=FACE_OUTER_BOUND('',#1018,.T.) ;
#1046=FACE_OUTER_BOUND('',#1030,.T.) ;
#1110=FACE_OUTER_BOUND('',#1105,.T.) ;
#1134=FACE_OUTER_BOUND('',#1129,.T.) ;
#1151=FACE_OUTER_BOUND('',#1146,.T.) ;
#1163=FACE_OUTER_BOUND('',#1158,.T.) ;
#1234=FACE_OUTER_BOUND('',#1229,.T.) ;
#1251=FACE_OUTER_BOUND('',#1246,.T.) ;
#1261=FACE_OUTER_BOUND('',#1258,.T.) ;
#1271=FACE_OUTER_BOUND('',#1268,.T.) ;
#1338=FACE_OUTER_BOUND('',#1333,.T.) ;
#1355=FACE_OUTER_BOUND('',#1350,.T.) ;
#1365=FACE_OUTER_BOUND('',#1362,.T.) ;
#1389=FACE_OUTER_BOUND('',#1386,.T.) ;
#1417=FACE_OUTER_BOUND('',#1414,.T.) ;
#1439=FACE_OUTER_BOUND('',#1434,.T.) ;
#1446=FACE_OUTER_BOUND('',#1441,.T.) ;
#1513=FACE_OUTER_BOUND('',#1508,.T.) ;
#1530=FACE_OUTER_BOUND('',#1525,.T.) ;
#1570=FACE_OUTER_BOUND('',#1565,.T.) ;
#1587=FACE_OUTER_BOUND('',#1582,.T.) ;
#1597=FACE_OUTER_BOUND('',#1594,.T.) ;
#1611=FACE_OUTER_BOUND('',#1608,.T.) ;
#1682=FACE_OUTER_BOUND('',#1677,.T.) ;
#1713=FACE_OUTER_BOUND('',#1708,.T.) ;
#1744=FACE_OUTER_BOUND('',#1739,.T.) ;
#1766=FACE_OUTER_BOUND('',#1761,.T.) ;
#1806=FACE_OUTER_BOUND('',#1801,.T.) ;
#1823=FACE_OUTER_BOUND('',#1818,.T.) ;
#1863=FACE_OUTER_BOUND('',#1858,.T.) ;
#1880=FACE_OUTER_BOUND('',#1875,.T.) ;
#1920=FACE_OUTER_BOUND('',#1915,.T.) ;
#1937=FACE_OUTER_BOUND('',#1932,.T.) ;
#1949=FACE_OUTER_BOUND('',#1944,.T.) ;
#1973=FACE_OUTER_BOUND('',#1968,.T.) ;
#2060=FACE_OUTER_BOUND('',#2055,.T.) ;
#2077=FACE_OUTER_BOUND('',#2072,.T.) ;
#2141=FACE_OUTER_BOUND('',#2133,.T.) ;
#2194=FACE_OUTER_BOUND('',#2186,.T.) ;
#2211=FACE_OUTER_BOUND('',#2206,.T.) ;
#2242=FACE_OUTER_BOUND('',#2237,.T.) ;
#2255=FACE_OUTER_BOUND('',#2249,.T.) ;
#2290=FACE_OUTER_BOUND('',#2285,.T.) ;
#2307=FACE_OUTER_BOUND('',#2302,.T.) ;
#2331=FACE_OUTER_BOUND('',#2328,.T.) ;
#2362=FACE_OUTER_BOUND('',#2357,.T.) ;
#2374=FACE_OUTER_BOUND('',#2369,.T.) ;
#2384=FACE_OUTER_BOUND('',#2381,.T.) ;
#2417=FACE_OUTER_BOUND('',#2409,.T.) ;
#2457=FACE_OUTER_BOUND('',#2452,.T.) ;
#2483=FACE_OUTER_BOUND('',#2478,.T.) ;
#2523=FACE_OUTER_BOUND('',#2518,.T.) ;
#2570=FACE_OUTER_BOUND('',#2559,.T.) ;
#2601=FACE_OUTER_BOUND('',#2596,.T.) ;
#2626=FACE_OUTER_BOUND('',#2620,.T.) ;
#2655=FACE_OUTER_BOUND('',#2649,.T.) ;
#2676=FACE_OUTER_BOUND('',#2671,.T.) ;
#2701=FACE_OUTER_BOUND('',#2695,.T.) ;
#2730=FACE_OUTER_BOUND('',#2724,.T.) ;
#2757=FACE_OUTER_BOUND('',#2746,.T.) ;
#2769=FACE_OUTER_BOUND('',#2764,.T.) ;
#2836=FACE_OUTER_BOUND('',#2831,.T.) ;
#2853=FACE_OUTER_BOUND('',#2848,.T.) ;
#2893=FACE_OUTER_BOUND('',#2888,.T.) ;
#2917=FACE_OUTER_BOUND('',#2914,.T.) ;
#2948=FACE_OUTER_BOUND('',#2943,.T.) ;
#2960=FACE_OUTER_BOUND('',#2955,.T.) ;
#2995=FACE_OUTER_BOUND('',#2990,.T.) ;
#3012=FACE_OUTER_BOUND('',#3007,.T.) ;
#3043=FACE_OUTER_BOUND('',#3038,.T.) ;
#3060=FACE_OUTER_BOUND('',#3055,.T.) ;
#3100=FACE_OUTER_BOUND('',#3095,.T.) ;
#3144=FACE_OUTER_BOUND('',#3139,.T.) ;
#3189=FACE_OUTER_BOUND('',#3180,.T.) ;
#3220=FACE_OUTER_BOUND('',#3215,.T.) ;
#3245=FACE_OUTER_BOUND('',#3239,.T.) ;
#3274=FACE_OUTER_BOUND('',#3268,.T.) ;
#3295=FACE_OUTER_BOUND('',#3290,.T.) ;
#3320=FACE_OUTER_BOUND('',#3314,.T.) ;
#3349=FACE_OUTER_BOUND('',#3343,.T.) ;
#3374=FACE_OUTER_BOUND('',#3365,.T.) ;
#3386=FACE_OUTER_BOUND('',#3381,.T.) ;
#3466=FACE_OUTER_BOUND('',#3461,.T.) ;
#3483=FACE_OUTER_BOUND('',#3478,.T.) ;
#3493=FACE_OUTER_BOUND('',#3490,.T.) ;
#3503=FACE_OUTER_BOUND('',#3500,.T.) ;
#3569=FACE_OUTER_BOUND('',#3566,.T.) ;
#3611=FACE_OUTER_BOUND('',#3608,.T.) ;
#3633=FACE_OUTER_BOUND('',#3628,.T.) ;
#3640=FACE_OUTER_BOUND('',#3635,.T.) ;
#3671=FACE_OUTER_BOUND('',#3666,.T.) ;
#3683=FACE_OUTER_BOUND('',#3678,.T.) ;
#3771=FACE_OUTER_BOUND('',#3760,.T.) ;
#3824=FACE_OUTER_BOUND('',#3819,.T.) ;
#3848=FACE_OUTER_BOUND('',#3843,.T.) ;
#3872=FACE_OUTER_BOUND('',#3867,.T.) ;
#3896=FACE_OUTER_BOUND('',#3891,.T.) ;
#3920=FACE_OUTER_BOUND('',#3915,.T.) ;
#3944=FACE_OUTER_BOUND('',#3939,.T.) ;
#3968=FACE_OUTER_BOUND('',#3963,.T.) ;
#3992=FACE_OUTER_BOUND('',#3987,.T.) ;
#4016=FACE_OUTER_BOUND('',#4011,.T.) ;
#4028=FACE_OUTER_BOUND('',#4023,.T.) ;
#4059=FACE_OUTER_BOUND('',#4054,.T.) ;
#4071=FACE_OUTER_BOUND('',#4066,.T.) ;
#4089=FACE_OUTER_BOUND('',#4078,.T.) ;
#4160=FACE_OUTER_BOUND('',#4155,.T.) ;
#4191=FACE_OUTER_BOUND('',#4186,.T.) ;
#4231=FACE_OUTER_BOUND('',#4224,.T.) ;
#4271=FACE_OUTER_BOUND('',#4264,.T.) ;
#4283=FACE_OUTER_BOUND('',#4278,.T.) ;
#4300=FACE_OUTER_BOUND('',#4295,.T.) ;
#4335=FACE_OUTER_BOUND('',#4330,.T.) ;
#4361=FACE_OUTER_BOUND('',#4356,.T.) ;
#4401=FACE_OUTER_BOUND('',#4394,.T.) ;
#4441=FACE_OUTER_BOUND('',#4434,.T.) ;
#4453=FACE_OUTER_BOUND('',#4448,.T.) ;
#4564=FACE_OUTER_BOUND('',#4545,.T.) ;
#4605=FACE_OUTER_BOUND('',#4600,.T.) ;
#4636=FACE_OUTER_BOUND('',#4631,.T.) ;
#4667=FACE_OUTER_BOUND('',#4662,.T.) ;
#4689=FACE_OUTER_BOUND('',#4684,.T.) ;
#4719=FACE_OUTER_BOUND('',#4710,.T.) ;
#4743=FACE_OUTER_BOUND('',#4738,.T.) ;
#4767=FACE_OUTER_BOUND('',#4762,.T.) ;
#4784=FACE_OUTER_BOUND('',#4779,.T.) ;
#4815=FACE_OUTER_BOUND('',#4810,.T.) ;
#4839=FACE_OUTER_BOUND('',#4834,.T.) ;
#4863=FACE_OUTER_BOUND('',#4858,.T.) ;
#4880=FACE_OUTER_BOUND('',#4875,.T.) ;
#4892=FACE_OUTER_BOUND('',#4887,.T.) ;
#4920=FACE_OUTER_BOUND('',#4905,.T.) ;
#4987=FACE_OUTER_BOUND('',#4982,.T.) ;
#5004=FACE_OUTER_BOUND('',#4999,.T.) ;
#5014=FACE_OUTER_BOUND('',#5011,.T.) ;
#5024=FACE_OUTER_BOUND('',#5021,.T.) ;
#5091=FACE_OUTER_BOUND('',#5086,.T.) ;
#5108=FACE_OUTER_BOUND('',#5103,.T.) ;
#5148=FACE_OUTER_BOUND('',#5143,.T.) ;
#5165=FACE_OUTER_BOUND('',#5160,.T.) ;
#5175=FACE_OUTER_BOUND('',#5172,.T.) ;
#5189=FACE_OUTER_BOUND('',#5186,.T.) ;
#1170=GEOMETRIC_SET('NONE',(#1168)) ;
#1169=GEOMETRICALLY_BOUNDED_SURFACE_SHAPE_REPRESENTATION('NONE',(#1170),#53) ;
#50=UNCERTAINTY_MEASURE_WITH_UNIT(LENGTH_MEASURE(0.005),#46,'distance_accuracy_value','CONFUSED CURVE UNCERTAINTY') ;
#52=UNCERTAINTY_MEASURE_WITH_UNIT(LENGTH_MEASURE(0.005),#46,'distance_accuracy_value','CONFUSED CURVE UNCERTAINTY') ;
#1185=UNCERTAINTY_MEASURE_WITH_UNIT(LENGTH_MEASURE(0.005),#46,'distance_accuracy_value','CONFUSED CURVE UNCERTAINTY') ;
#1289=UNCERTAINTY_MEASURE_WITH_UNIT(LENGTH_MEASURE(0.005),#46,'distance_accuracy_value','CONFUSED CURVE UNCERTAINTY') ;
#1464=UNCERTAINTY_MEASURE_WITH_UNIT(LENGTH_MEASURE(0.005),#46,'distance_accuracy_value','CONFUSED CURVE UNCERTAINTY') ;
#1633=UNCERTAINTY_MEASURE_WITH_UNIT(LENGTH_MEASURE(0.005),#46,'distance_accuracy_value','CONFUSED CURVE UNCERTAINTY') ;
#2003=UNCERTAINTY_MEASURE_WITH_UNIT(LENGTH_MEASURE(0.005),#46,'distance_accuracy_value','CONFUSED CURVE UNCERTAINTY') ;
#2011=UNCERTAINTY_MEASURE_WITH_UNIT(LENGTH_MEASURE(0.005),#46,'distance_accuracy_value','CONFUSED CURVE UNCERTAINTY') ;
#2787=UNCERTAINTY_MEASURE_WITH_UNIT(LENGTH_MEASURE(0.005),#46,'distance_accuracy_value','CONFUSED CURVE UNCERTAINTY') ;
#3417=UNCERTAINTY_MEASURE_WITH_UNIT(LENGTH_MEASURE(0.005),#46,'distance_accuracy_value','CONFUSED CURVE UNCERTAINTY') ;
#3521=UNCERTAINTY_MEASURE_WITH_UNIT(LENGTH_MEASURE(0.005),#46,'distance_accuracy_value','CONFUSED CURVE UNCERTAINTY') ;
#3536=UNCERTAINTY_MEASURE_WITH_UNIT(LENGTH_MEASURE(0.005),#46,'distance_accuracy_value','CONFUSED CURVE UNCERTAINTY') ;
#4111=UNCERTAINTY_MEASURE_WITH_UNIT(LENGTH_MEASURE(0.005),#46,'distance_accuracy_value','CONFUSED CURVE UNCERTAINTY') ;
#4938=UNCERTAINTY_MEASURE_WITH_UNIT(LENGTH_MEASURE(0.005),#46,'distance_accuracy_value','CONFUSED CURVE UNCERTAINTY') ;
#5042=UNCERTAINTY_MEASURE_WITH_UNIT(LENGTH_MEASURE(0.005),#46,'distance_accuracy_value','CONFUSED CURVE UNCERTAINTY') ;
#137=LINE('Line',#134,#136) ;
#142=LINE('Line',#139,#141) ;
#166=LINE('Line',#163,#165) ;
#180=LINE('Line',#177,#179) ;
#209=LINE('Line',#206,#208) ;
#218=LINE('Line',#215,#217) ;
#239=LINE('Line',#236,#238) ;
#253=LINE('Line',#250,#252) ;
#274=LINE('Line',#271,#273) ;
#288=LINE('Line',#285,#287) ;
#302=LINE('Line',#299,#301) ;
#429=LINE('Line',#426,#428) ;
#438=LINE('Line',#435,#437) ;
#443=LINE('Line',#440,#442) ;
#455=LINE('Line',#452,#454) ;
#462=LINE('Line',#459,#461) ;
#486=LINE('Line',#483,#485) ;
#510=LINE('Line',#507,#509) ;
#527=LINE('Line',#524,#526) ;
#534=LINE('Line',#531,#533) ;
#551=LINE('Line',#548,#550) ;
#575=LINE('Line',#572,#574) ;
#582=LINE('Line',#579,#581) ;
#606=LINE('Line',#603,#605) ;
#630=LINE('Line',#627,#629) ;
#647=LINE('Line',#644,#646) ;
#654=LINE('Line',#651,#653) ;
#671=LINE('Line',#668,#670) ;
#695=LINE('Line',#692,#694) ;
#702=LINE('Line',#699,#701) ;
#726=LINE('Line',#723,#725) ;
#743=LINE('Line',#740,#742) ;
#750=LINE('Line',#747,#749) ;
#793=LINE('Line',#790,#792) ;
#800=LINE('Line',#797,#799) ;
#805=LINE('Line',#802,#804) ;
#819=LINE('Line',#816,#818) ;
#851=LINE('Line',#848,#850) ;
#865=LINE('Line',#862,#864) ;
#894=LINE('Line',#891,#893) ;
#908=LINE('Line',#905,#907) ;
#937=LINE('Line',#934,#936) ;
#951=LINE('Line',#948,#950) ;
#975=LINE('Line',#972,#974) ;
#999=LINE('Line',#996,#998) ;
#1050=LINE('Line',#1047,#1049) ;
#1064=LINE('Line',#1061,#1063) ;
#1096=LINE('Line',#1093,#1095) ;
#1103=LINE('Line',#1100,#1102) ;
#1120=LINE('Line',#1117,#1119) ;
#1127=LINE('Line',#1124,#1126) ;
#1204=LINE('Line',#1201,#1203) ;
#1220=LINE('Line',#1217,#1219) ;
#1317=LINE('Line',#1314,#1316) ;
#1331=LINE('Line',#1328,#1330) ;
#1427=LINE('Line',#1424,#1426) ;
#1432=LINE('Line',#1429,#1431) ;
#1483=LINE('Line',#1480,#1482) ;
#1499=LINE('Line',#1496,#1498) ;
#1549=LINE('Line',#1546,#1548) ;
#1563=LINE('Line',#1560,#1562) ;
#1652=LINE('Line',#1649,#1651) ;
#1668=LINE('Line',#1665,#1667) ;
#1692=LINE('Line',#1689,#1691) ;
#1699=LINE('Line',#1696,#1698) ;
#1706=LINE('Line',#1703,#1705) ;
#1730=LINE('Line',#1727,#1729) ;
#1754=LINE('Line',#1751,#1753) ;
#1759=LINE('Line',#1756,#1758) ;
#1785=LINE('Line',#1782,#1784) ;
#1799=LINE('Line',#1796,#1798) ;
#1842=LINE('Line',#1839,#1841) ;
#1856=LINE('Line',#1853,#1855) ;
#1899=LINE('Line',#1896,#1898) ;
#1913=LINE('Line',#1910,#1912) ;
#2039=LINE('Line',#2036,#2038) ;
#2053=LINE('Line',#2050,#2052) ;
#2087=LINE('Line',#2084,#2086) ;
#2096=LINE('Line',#2093,#2095) ;
#2103=LINE('Line',#2100,#2102) ;
#2110=LINE('Line',#2107,#2109) ;
#2117=LINE('Line',#2114,#2116) ;
#2221=LINE('Line',#2218,#2220) ;
#2235=LINE('Line',#2232,#2234) ;
#2260=LINE('Line',#2257,#2259) ;
#2276=LINE('Line',#2273,#2275) ;
#2341=LINE('Line',#2338,#2340) ;
#2348=LINE('Line',#2345,#2347) ;
#2393=LINE('Line',#2390,#2392) ;
#2400=LINE('Line',#2397,#2399) ;
#2407=LINE('Line',#2404,#2406) ;
#2427=LINE('Line',#2424,#2426) ;
#2436=LINE('Line',#2433,#2435) ;
#2443=LINE('Line',#2440,#2442) ;
#2450=LINE('Line',#2447,#2449) ;
#2462=LINE('Line',#2459,#2461) ;
#2469=LINE('Line',#2466,#2468) ;
#2476=LINE('Line',#2473,#2475) ;
#2502=LINE('Line',#2499,#2501) ;
#2516=LINE('Line',#2513,#2515) ;
#2533=LINE('Line',#2530,#2532) ;
#2542=LINE('Line',#2539,#2541) ;
#2547=LINE('Line',#2544,#2546) ;
#2552=LINE('Line',#2549,#2551) ;
#2557=LINE('Line',#2554,#2556) ;
#2587=LINE('Line',#2584,#2586) ;
#2618=LINE('Line',#2615,#2617) ;
#2647=LINE('Line',#2644,#2646) ;
#2669=LINE('Line',#2666,#2668) ;
#2686=LINE('Line',#2683,#2685) ;
#2715=LINE('Line',#2712,#2714) ;
#2744=LINE('Line',#2741,#2743) ;
#2815=LINE('Line',#2812,#2814) ;
#2829=LINE('Line',#2826,#2828) ;
#2863=LINE('Line',#2860,#2862) ;
#2872=LINE('Line',#2869,#2871) ;
#2879=LINE('Line',#2876,#2878) ;
#2886=LINE('Line',#2883,#2885) ;
#2927=LINE('Line',#2924,#2926) ;
#2934=LINE('Line',#2931,#2933) ;
#2965=LINE('Line',#2962,#2964) ;
#2981=LINE('Line',#2978,#2980) ;
#3070=LINE('Line',#3067,#3069) ;
#3079=LINE('Line',#3076,#3078) ;
#3086=LINE('Line',#3083,#3085) ;
#3093=LINE('Line',#3090,#3092) ;
#3123=LINE('Line',#3120,#3122) ;
#3137=LINE('Line',#3134,#3136) ;
#3154=LINE('Line',#3151,#3153) ;
#3161=LINE('Line',#3158,#3160) ;
#3166=LINE('Line',#3163,#3165) ;
#3171=LINE('Line',#3168,#3170) ;
#3178=LINE('Line',#3175,#3177) ;
#3213=LINE('Line',#3210,#3212) ;
#3230=LINE('Line',#3227,#3229) ;
#3259=LINE('Line',#3256,#3258) ;
#3288=LINE('Line',#3285,#3287) ;
#3305=LINE('Line',#3302,#3304) ;
#3334=LINE('Line',#3331,#3333) ;
#3363=LINE('Line',#3360,#3362) ;
#3436=LINE('Line',#3433,#3435) ;
#3452=LINE('Line',#3449,#3451) ;
#3621=LINE('Line',#3618,#3620) ;
#3626=LINE('Line',#3623,#3625) ;
#3650=LINE('Line',#3647,#3649) ;
#3664=LINE('Line',#3661,#3663) ;
#3702=LINE('Line',#3699,#3701) ;
#3716=LINE('Line',#3713,#3715) ;
#3730=LINE('Line',#3727,#3729) ;
#3737=LINE('Line',#3734,#3736) ;
#3744=LINE('Line',#3741,#3743) ;
#3758=LINE('Line',#3755,#3757) ;
#3803=LINE('Line',#3800,#3802) ;
#3817=LINE('Line',#3814,#3816) ;
#3834=LINE('Line',#3831,#3833) ;
#3841=LINE('Line',#3838,#3840) ;
#3865=LINE('Line',#3862,#3864) ;
#3882=LINE('Line',#3879,#3881) ;
#3889=LINE('Line',#3886,#3888) ;
#3913=LINE('Line',#3910,#3912) ;
#3930=LINE('Line',#3927,#3929) ;
#3937=LINE('Line',#3934,#3936) ;
#3954=LINE('Line',#3951,#3953) ;
#3961=LINE('Line',#3958,#3960) ;
#3978=LINE('Line',#3975,#3977) ;
#3985=LINE('Line',#3982,#3984) ;
#4009=LINE('Line',#4006,#4008) ;
#4021=LINE('Line',#4018,#4020) ;
#4038=LINE('Line',#4035,#4037) ;
#4052=LINE('Line',#4049,#4051) ;
#4130=LINE('Line',#4127,#4129) ;
#4139=LINE('Line',#4136,#4138) ;
#4146=LINE('Line',#4143,#4145) ;
#4153=LINE('Line',#4150,#4152) ;
#4184=LINE('Line',#4181,#4183) ;
#4201=LINE('Line',#4198,#4200) ;
#4208=LINE('Line',#4205,#4207) ;
#4215=LINE('Line',#4212,#4214) ;
#4222=LINE('Line',#4219,#4221) ;
#4241=LINE('Line',#4238,#4240) ;
#4248=LINE('Line',#4245,#4247) ;
#4255=LINE('Line',#4252,#4254) ;
#4262=LINE('Line',#4259,#4261) ;
#4276=LINE('Line',#4273,#4275) ;
#4293=LINE('Line',#4290,#4292) ;
#4305=LINE('Line',#4302,#4304) ;
#4314=LINE('Line',#4311,#4313) ;
#4321=LINE('Line',#4318,#4320) ;
#4328=LINE('Line',#4325,#4327) ;
#4340=LINE('Line',#4337,#4339) ;
#4371=LINE('Line',#4368,#4370) ;
#4378=LINE('Line',#4375,#4377) ;
#4385=LINE('Line',#4382,#4384) ;
#4392=LINE('Line',#4389,#4391) ;
#4411=LINE('Line',#4408,#4410) ;
#4418=LINE('Line',#4415,#4417) ;
#4425=LINE('Line',#4422,#4424) ;
#4432=LINE('Line',#4429,#4431) ;
#4446=LINE('Line',#4443,#4445) ;
#4463=LINE('Line',#4460,#4462) ;
#4470=LINE('Line',#4467,#4469) ;
#4477=LINE('Line',#4474,#4476) ;
#4484=LINE('Line',#4481,#4483) ;
#4491=LINE('Line',#4488,#4490) ;
#4498=LINE('Line',#4495,#4497) ;
#4505=LINE('Line',#4502,#4504) ;
#4512=LINE('Line',#4509,#4511) ;
#4519=LINE('Line',#4516,#4518) ;
#4526=LINE('Line',#4523,#4525) ;
#4533=LINE('Line',#4530,#4532) ;
#4538=LINE('Line',#4535,#4537) ;
#4543=LINE('Line',#4540,#4542) ;
#4568=LINE('Line',#4565,#4567) ;
#4577=LINE('Line',#4574,#4576) ;
#4584=LINE('Line',#4581,#4583) ;
#4591=LINE('Line',#4588,#4590) ;
#4615=LINE('Line',#4612,#4614) ;
#4622=LINE('Line',#4619,#4621) ;
#4629=LINE('Line',#4626,#4628) ;
#4646=LINE('Line',#4643,#4645) ;
#4653=LINE('Line',#4650,#4652) ;
#4660=LINE('Line',#4657,#4659) ;
#4677=LINE('Line',#4674,#4676) ;
#4682=LINE('Line',#4679,#4681) ;
#4694=LINE('Line',#4691,#4693) ;
#4701=LINE('Line',#4698,#4700) ;
#4708=LINE('Line',#4705,#4707) ;
#4729=LINE('Line',#4726,#4728) ;
#4736=LINE('Line',#4733,#4735) ;
#4753=LINE('Line',#4750,#4752) ;
#4760=LINE('Line',#4757,#4759) ;
#4777=LINE('Line',#4774,#4776) ;
#4794=LINE('Line',#4791,#4793) ;
#4801=LINE('Line',#4798,#4800) ;
#4808=LINE('Line',#4805,#4807) ;
#4825=LINE('Line',#4822,#4824) ;
#4832=LINE('Line',#4829,#4831) ;
#4849=LINE('Line',#4846,#4848) ;
#4856=LINE('Line',#4853,#4855) ;
#4873=LINE('Line',#4870,#4872) ;
#4957=LINE('Line',#4954,#4956) ;
#4973=LINE('Line',#4970,#4972) ;
#5061=LINE('Line',#5058,#5060) ;
#5077=LINE('Line',#5074,#5076) ;
#5127=LINE('Line',#5124,#5126) ;
#5141=LINE('Line',#5138,#5140) ;
#2=MECHANICAL_CONTEXT(' ',#1,'mechanical') ;
#1172=NEXT_ASSEMBLY_USAGE_OCCURRENCE('Asiento.1','Asiento.1','',#17,#58,' ') ;
#1276=NEXT_ASSEMBLY_USAGE_OCCURRENCE('Eje.1','Eje.1','',#17,#1191,' ') ;
#1451=NEXT_ASSEMBLY_USAGE_OCCURRENCE('Engranaje Peque.1','Engranaje Peque.1','',#17,#1295,' ') ;
#1620=NEXT_ASSEMBLY_USAGE_OCCURRENCE('Engranaje Grande.1','Engranaje Grande.1','',#17,#1470,' ') ;
#1990=NEXT_ASSEMBLY_USAGE_OCCURRENCE('Brazo Estructural de la Pedalera.1','Brazo Estructural de la Pedalera.1','',#17,#1639,' ') ;
#2774=NEXT_ASSEMBLY_USAGE_OCCURRENCE('Part6.1','Part6.1','',#2009,#2017,' ') ;
#3391=NEXT_ASSEMBLY_USAGE_OCCURRENCE('Vastago actuador.1','Vastago actuador.1','',#2009,#2793,' ') ;
#3404=NEXT_ASSEMBLY_USAGE_OCCURRENCE('Actuador.1','Actuador.1','',#17,#2009,' ') ;
#3508=NEXT_ASSEMBLY_USAGE_OCCURRENCE('Eje2.1','Eje2.1','',#17,#3423,' ') ;
#3523=NEXT_ASSEMBLY_USAGE_OCCURRENCE('Eje2.2','Eje2.2','',#17,#3423,' ') ;
#4098=NEXT_ASSEMBLY_USAGE_OCCURRENCE('Pedalera.1','Pedalera.1','',#17,#3542,' ') ;
#4925=NEXT_ASSEMBLY_USAGE_OCCURRENCE('Volante.1','Volante.1','',#17,#4117,' ') ;
#5029=NEXT_ASSEMBLY_USAGE_OCCURRENCE('Guia Asiento.1','Guia Asiento.1','',#17,#4944,' ') ;
#5198=NEXT_ASSEMBLY_USAGE_OCCURRENCE('Soporte Eje.1','Soporte Eje.1','',#17,#5048,' ') ;
#27=PERSONAL_ADDRESS(' ',' ',' ',' ',' ',' ',' ',' ',' ',' ',' ',' ',(#25),' ') ;
#67=PLANE('',#66) ;
#109=PLANE('',#108) ;
#205=PLANE('',#204) ;
#425=PLANE('',#424) ;
#523=PLANE('',#522) ;
#571=PLANE('',#570) ;
#643=PLANE('',#642) ;
#691=PLANE('',#690) ;
#739=PLANE('',#738) ;
#1029=PLANE('',#1028) ;
#1092=PLANE('',#1091) ;
#1116=PLANE('',#1115) ;
#1140=PLANE('',#1139) ;
#1257=PLANE('',#1256) ;
#1267=PLANE('',#1266) ;
#1361=PLANE('',#1360) ;
#1371=PLANE('',#1370) ;
#1399=PLANE('',#1398) ;
#1593=PLANE('',#1592) ;
#1607=PLANE('',#1606) ;
#1688=PLANE('',#1687) ;
#1750=PLANE('',#1749) ;
#1943=PLANE('',#1942) ;
#1967=PLANE('',#1966) ;
#2083=PLANE('',#2082) ;
#2313=PLANE('',#2312) ;
#2380=PLANE('',#2379) ;
#2423=PLANE('',#2422) ;
#2529=PLANE('',#2528) ;
#2607=PLANE('',#2606) ;
#2636=PLANE('',#2635) ;
#2682=PLANE('',#2681) ;
#2711=PLANE('',#2710) ;
#2740=PLANE('',#2739) ;
#2859=PLANE('',#2858) ;
#2899=PLANE('',#2898) ;
#3066=PLANE('',#3065) ;
#3150=PLANE('',#3149) ;
#3226=PLANE('',#3225) ;
#3255=PLANE('',#3254) ;
#3301=PLANE('',#3300) ;
#3330=PLANE('',#3329) ;
#3359=PLANE('',#3358) ;
#3489=PLANE('',#3488) ;
#3499=PLANE('',#3498) ;
#3551=PLANE('',#3550) ;
#3593=PLANE('',#3592) ;
#3689=PLANE('',#3688) ;
#3830=PLANE('',#3829) ;
#3878=PLANE('',#3877) ;
#3926=PLANE('',#3925) ;
#3950=PLANE('',#3949) ;
#3974=PLANE('',#3973) ;
#4077=PLANE('',#4076) ;
#4126=PLANE('',#4125) ;
#4197=PLANE('',#4196) ;
#4237=PLANE('',#4236) ;
#4289=PLANE('',#4288) ;
#4367=PLANE('',#4366) ;
#4407=PLANE('',#4406) ;
#4459=PLANE('',#4458) ;
#4611=PLANE('',#4610) ;
#4642=PLANE('',#4641) ;
#4673=PLANE('',#4672) ;
#4725=PLANE('',#4724) ;
#4749=PLANE('',#4748) ;
#4773=PLANE('',#4772) ;
#4790=PLANE('',#4789) ;
#4821=PLANE('',#4820) ;
#4845=PLANE('',#4844) ;
#4869=PLANE('',#4868) ;
#4886=PLANE('',#4885) ;
#4904=PLANE('',#4903) ;
#5010=PLANE('',#5009) ;
#5020=PLANE('',#5019) ;
#5171=PLANE('',#5170) ;
#5185=PLANE('',#5184) ;
#48=PLANE_ANGLE_MEASURE_WITH_UNIT(PLANE_ANGLE_MEASURE(0.0174532925199),#47) ;
#7=PRODUCT_CATEGORY('part',$) ;
#14=PRODUCT_CATEGORY('part',$) ;
#9=PRODUCT_CATEGORY_RELATIONSHIP(' ',' ',#7,#8) ;
#16=PRODUCT_CATEGORY_RELATIONSHIP(' ',' ',#14,#15) ;
#6=PRODUCT_DEFINITION_FORMATION_WITH_SPECIFIED_SOURCE('',' ',#5,.NOT_KNOWN.) ;
#57=PRODUCT_DEFINITION_FORMATION_WITH_SPECIFIED_SOURCE('',' ',#56,.NOT_KNOWN.) ;
#1190=PRODUCT_DEFINITION_FORMATION_WITH_SPECIFIED_SOURCE('',' ',#1189,.NOT_KNOWN.) ;
#1294=PRODUCT_DEFINITION_FORMATION_WITH_SPECIFIED_SOURCE('',' ',#1293,.NOT_KNOWN.) ;
#1469=PRODUCT_DEFINITION_FORMATION_WITH_SPECIFIED_SOURCE('',' ',#1468,.NOT_KNOWN.) ;
#1638=PRODUCT_DEFINITION_FORMATION_WITH_SPECIFIED_SOURCE('',' ',#1637,.NOT_KNOWN.) ;
#2008=PRODUCT_DEFINITION_FORMATION_WITH_SPECIFIED_SOURCE('',' ',#2007,.NOT_KNOWN.) ;
#2016=PRODUCT_DEFINITION_FORMATION_WITH_SPECIFIED_SOURCE('',' ',#2015,.NOT_KNOWN.) ;
#2792=PRODUCT_DEFINITION_FORMATION_WITH_SPECIFIED_SOURCE('',' ',#2791,.NOT_KNOWN.) ;
#3422=PRODUCT_DEFINITION_FORMATION_WITH_SPECIFIED_SOURCE('',' ',#3421,.NOT_KNOWN.) ;
#3541=PRODUCT_DEFINITION_FORMATION_WITH_SPECIFIED_SOURCE('',' ',#3540,.NOT_KNOWN.) ;
#4116=PRODUCT_DEFINITION_FORMATION_WITH_SPECIFIED_SOURCE('',' ',#4115,.NOT_KNOWN.) ;
#4943=PRODUCT_DEFINITION_FORMATION_WITH_SPECIFIED_SOURCE('',' ',#4942,.NOT_KNOWN.) ;
#5047=PRODUCT_DEFINITION_FORMATION_WITH_SPECIFIED_SOURCE('',' ',#5046,.NOT_KNOWN.) ;
#58=PRODUCT_DEFINITION_WITH_ASSOCIATED_DOCUMENTS('',' ',#57,#3,(#60)) ;
#1191=PRODUCT_DEFINITION_WITH_ASSOCIATED_DOCUMENTS('',' ',#1190,#3,(#1193)) ;
#1295=PRODUCT_DEFINITION_WITH_ASSOCIATED_DOCUMENTS('',' ',#1294,#3,(#1297)) ;
#1470=PRODUCT_DEFINITION_WITH_ASSOCIATED_DOCUMENTS('',' ',#1469,#3,(#1472)) ;
#1639=PRODUCT_DEFINITION_WITH_ASSOCIATED_DOCUMENTS('',' ',#1638,#3,(#1641)) ;
#2017=PRODUCT_DEFINITION_WITH_ASSOCIATED_DOCUMENTS('',' ',#2016,#3,(#2019)) ;
#2793=PRODUCT_DEFINITION_WITH_ASSOCIATED_DOCUMENTS('',' ',#2792,#3,(#2795)) ;
#3423=PRODUCT_DEFINITION_WITH_ASSOCIATED_DOCUMENTS('',' ',#3422,#3,(#3425)) ;
#3542=PRODUCT_DEFINITION_WITH_ASSOCIATED_DOCUMENTS('',' ',#3541,#3,(#3544)) ;
#4117=PRODUCT_DEFINITION_WITH_ASSOCIATED_DOCUMENTS('',' ',#4116,#3,(#4119)) ;
#4944=PRODUCT_DEFINITION_WITH_ASSOCIATED_DOCUMENTS('',' ',#4943,#3,(#4946)) ;
#5048=PRODUCT_DEFINITION_WITH_ASSOCIATED_DOCUMENTS('',' ',#5047,#3,(#5050)) ;
#8=PRODUCT_RELATED_PRODUCT_CATEGORY('detail',$,(#56,#1189,#1293,#1468,#1637,#2015,#2791,#3421,#3540,#4115,#4942,#5046)) ;
#15=PRODUCT_RELATED_PRODUCT_CATEGORY('part',$,(#5,#2007)) ;
#43=SHAPE_DEFINITION_REPRESENTATION(#45,#44) ;
#55=SHAPE_DEFINITION_REPRESENTATION(#61,#54) ;
#1188=SHAPE_DEFINITION_REPRESENTATION(#1194,#1187) ;
#1292=SHAPE_DEFINITION_REPRESENTATION(#1298,#1291) ;
#1467=SHAPE_DEFINITION_REPRESENTATION(#1473,#1466) ;
#1636=SHAPE_DEFINITION_REPRESENTATION(#1642,#1635) ;
#2006=SHAPE_DEFINITION_REPRESENTATION(#2010,#2005) ;
#2014=SHAPE_DEFINITION_REPRESENTATION(#2020,#2013) ;
#2790=SHAPE_DEFINITION_REPRESENTATION(#2796,#2789) ;
#3420=SHAPE_DEFINITION_REPRESENTATION(#3426,#3419) ;
#3539=SHAPE_DEFINITION_REPRESENTATION(#3545,#3538) ;
#4114=SHAPE_DEFINITION_REPRESENTATION(#4120,#4113) ;
#4941=SHAPE_DEFINITION_REPRESENTATION(#4947,#4940) ;
#5045=SHAPE_DEFINITION_REPRESENTATION(#5051,#5044) ;
#73=VERTEX_POINT('',#72) ;
#75=VERTEX_POINT('',#74) ;
#91=VERTEX_POINT('',#90) ;
#93=VERTEX_POINT('',#92) ;
#115=VERTEX_POINT('',#114) ;
#117=VERTEX_POINT('',#116) ;
#168=VERTEX_POINT('',#167) ;
#175=VERTEX_POINT('',#174) ;
#211=VERTEX_POINT('',#210) ;
#213=VERTEX_POINT('',#212) ;
#220=VERTEX_POINT('',#219) ;
#227=VERTEX_POINT('',#226) ;
#234=VERTEX_POINT('',#233) ;
#241=VERTEX_POINT('',#240) ;
#248=VERTEX_POINT('',#247) ;
#255=VERTEX_POINT('',#254) ;
#262=VERTEX_POINT('',#261) ;
#269=VERTEX_POINT('',#268) ;
#276=VERTEX_POINT('',#275) ;
#283=VERTEX_POINT('',#282) ;
#290=VERTEX_POINT('',#289) ;
#297=VERTEX_POINT('',#296) ;
#304=VERTEX_POINT('',#303) ;
#337=VERTEX_POINT('',#336) ;
#339=VERTEX_POINT('',#338) ;
#355=VERTEX_POINT('',#354) ;
#357=VERTEX_POINT('',#356) ;
#373=VERTEX_POINT('',#372) ;
#375=VERTEX_POINT('',#374) ;
#391=VERTEX_POINT('',#390) ;
#393=VERTEX_POINT('',#392) ;
#400=VERTEX_POINT('',#399) ;
#407=VERTEX_POINT('',#406) ;
#431=VERTEX_POINT('',#430) ;
#433=VERTEX_POINT('',#432) ;
#457=VERTEX_POINT('',#456) ;
#481=VERTEX_POINT('',#480) ;
#505=VERTEX_POINT('',#504) ;
#529=VERTEX_POINT('',#528) ;
#553=VERTEX_POINT('',#552) ;
#577=VERTEX_POINT('',#576) ;
#601=VERTEX_POINT('',#600) ;
#625=VERTEX_POINT('',#624) ;
#649=VERTEX_POINT('',#648) ;
#673=VERTEX_POINT('',#672) ;
#697=VERTEX_POINT('',#696) ;
#721=VERTEX_POINT('',#720) ;
#745=VERTEX_POINT('',#744) ;
#786=VERTEX_POINT('',#785) ;
#788=VERTEX_POINT('',#787) ;
#795=VERTEX_POINT('',#794) ;
#807=VERTEX_POINT('',#806) ;
#814=VERTEX_POINT('',#813) ;
#853=VERTEX_POINT('',#852) ;
#860=VERTEX_POINT('',#859) ;
#896=VERTEX_POINT('',#895) ;
#903=VERTEX_POINT('',#902) ;
#939=VERTEX_POINT('',#938) ;
#946=VERTEX_POINT('',#945) ;
#970=VERTEX_POINT('',#969) ;
#994=VERTEX_POINT('',#993) ;
#1052=VERTEX_POINT('',#1051) ;
#1059=VERTEX_POINT('',#1058) ;
#1098=VERTEX_POINT('',#1097) ;
#1122=VERTEX_POINT('',#1121) ;
#1206=VERTEX_POINT('',#1205) ;
#1208=VERTEX_POINT('',#1207) ;
#1215=VERTEX_POINT('',#1214) ;
#1222=VERTEX_POINT('',#1221) ;
#1310=VERTEX_POINT('',#1309) ;
#1312=VERTEX_POINT('',#1311) ;
#1319=VERTEX_POINT('',#1318) ;
#1326=VERTEX_POINT('',#1325) ;
#1377=VERTEX_POINT('',#1376) ;
#1379=VERTEX_POINT('',#1378) ;
#1405=VERTEX_POINT('',#1404) ;
#1407=VERTEX_POINT('',#1406) ;
#1485=VERTEX_POINT('',#1484) ;
#1487=VERTEX_POINT('',#1486) ;
#1494=VERTEX_POINT('',#1493) ;
#1501=VERTEX_POINT('',#1500) ;
#1542=VERTEX_POINT('',#1541) ;
#1544=VERTEX_POINT('',#1543) ;
#1551=VERTEX_POINT('',#1550) ;
#1558=VERTEX_POINT('',#1557) ;
#1654=VERTEX_POINT('',#1653) ;
#1656=VERTEX_POINT('',#1655) ;
#1663=VERTEX_POINT('',#1662) ;
#1670=VERTEX_POINT('',#1669) ;
#1694=VERTEX_POINT('',#1693) ;
#1701=VERTEX_POINT('',#1700) ;
#1725=VERTEX_POINT('',#1724) ;
#1732=VERTEX_POINT('',#1731) ;
#1778=VERTEX_POINT('',#1777) ;
#1780=VERTEX_POINT('',#1779) ;
#1787=VERTEX_POINT('',#1786) ;
#1794=VERTEX_POINT('',#1793) ;
#1835=VERTEX_POINT('',#1834) ;
#1837=VERTEX_POINT('',#1836) ;
#1844=VERTEX_POINT('',#1843) ;
#1851=VERTEX_POINT('',#1850) ;
#1892=VERTEX_POINT('',#1891) ;
#1894=VERTEX_POINT('',#1893) ;
#1901=VERTEX_POINT('',#1900) ;
#1908=VERTEX_POINT('',#1907) ;
#2032=VERTEX_POINT('',#2031) ;
#2034=VERTEX_POINT('',#2033) ;
#2041=VERTEX_POINT('',#2040) ;
#2048=VERTEX_POINT('',#2047) ;
#2089=VERTEX_POINT('',#2088) ;
#2091=VERTEX_POINT('',#2090) ;
#2098=VERTEX_POINT('',#2097) ;
#2105=VERTEX_POINT('',#2104) ;
#2112=VERTEX_POINT('',#2111) ;
#2119=VERTEX_POINT('',#2118) ;
#2126=VERTEX_POINT('',#2125) ;
#2153=VERTEX_POINT('',#2152) ;
#2155=VERTEX_POINT('',#2154) ;
#2162=VERTEX_POINT('',#2161) ;
#2174=VERTEX_POINT('',#2173) ;
#2223=VERTEX_POINT('',#2222) ;
#2230=VERTEX_POINT('',#2229) ;
#2262=VERTEX_POINT('',#2261) ;
#2264=VERTEX_POINT('',#2263) ;
#2271=VERTEX_POINT('',#2270) ;
#2278=VERTEX_POINT('',#2277) ;
#2319=VERTEX_POINT('',#2318) ;
#2321=VERTEX_POINT('',#2320) ;
#2343=VERTEX_POINT('',#2342) ;
#2350=VERTEX_POINT('',#2349) ;
#2395=VERTEX_POINT('',#2394) ;
#2402=VERTEX_POINT('',#2401) ;
#2429=VERTEX_POINT('',#2428) ;
#2431=VERTEX_POINT('',#2430) ;
#2438=VERTEX_POINT('',#2437) ;
#2445=VERTEX_POINT('',#2444) ;
#2464=VERTEX_POINT('',#2463) ;
#2471=VERTEX_POINT('',#2470) ;
#2495=VERTEX_POINT('',#2494) ;
#2497=VERTEX_POINT('',#2496) ;
#2504=VERTEX_POINT('',#2503) ;
#2511=VERTEX_POINT('',#2510) ;
#2535=VERTEX_POINT('',#2534) ;
#2537=VERTEX_POINT('',#2536) ;
#2582=VERTEX_POINT('',#2581) ;
#2589=VERTEX_POINT('',#2588) ;
#2613=VERTEX_POINT('',#2612) ;
#2642=VERTEX_POINT('',#2641) ;
#2688=VERTEX_POINT('',#2687) ;
#2717=VERTEX_POINT('',#2716) ;
#2808=VERTEX_POINT('',#2807) ;
#2810=VERTEX_POINT('',#2809) ;
#2817=VERTEX_POINT('',#2816) ;
#2824=VERTEX_POINT('',#2823) ;
#2865=VERTEX_POINT('',#2864) ;
#2867=VERTEX_POINT('',#2866) ;
#2874=VERTEX_POINT('',#2873) ;
#2881=VERTEX_POINT('',#2880) ;
#2905=VERTEX_POINT('',#2904) ;
#2907=VERTEX_POINT('',#2906) ;
#2929=VERTEX_POINT('',#2928) ;
#2936=VERTEX_POINT('',#2935) ;
#2967=VERTEX_POINT('',#2966) ;
#2969=VERTEX_POINT('',#2968) ;
#2976=VERTEX_POINT('',#2975) ;
#2983=VERTEX_POINT('',#2982) ;
#3024=VERTEX_POINT('',#3023) ;
#3026=VERTEX_POINT('',#3025) ;
#3072=VERTEX_POINT('',#3071) ;
#3074=VERTEX_POINT('',#3073) ;
#3081=VERTEX_POINT('',#3080) ;
#3088=VERTEX_POINT('',#3087) ;
#3116=VERTEX_POINT('',#3115) ;
#3118=VERTEX_POINT('',#3117) ;
#3125=VERTEX_POINT('',#3124) ;
#3132=VERTEX_POINT('',#3131) ;
#3156=VERTEX_POINT('',#3155) ;
#3173=VERTEX_POINT('',#3172) ;
#3201=VERTEX_POINT('',#3200) ;
#3208=VERTEX_POINT('',#3207) ;
#3232=VERTEX_POINT('',#3231) ;
#3261=VERTEX_POINT('',#3260) ;
#3307=VERTEX_POINT('',#3306) ;
#3336=VERTEX_POINT('',#3335) ;
#3438=VERTEX_POINT('',#3437) ;
#3440=VERTEX_POINT('',#3439) ;
#3447=VERTEX_POINT('',#3446) ;
#3454=VERTEX_POINT('',#3453) ;
#3557=VERTEX_POINT('',#3556) ;
#3559=VERTEX_POINT('',#3558) ;
#3575=VERTEX_POINT('',#3574) ;
#3577=VERTEX_POINT('',#3576) ;
#3599=VERTEX_POINT('',#3598) ;
#3601=VERTEX_POINT('',#3600) ;
#3652=VERTEX_POINT('',#3651) ;
#3659=VERTEX_POINT('',#3658) ;
#3695=VERTEX_POINT('',#3694) ;
#3697=VERTEX_POINT('',#3696) ;
#3704=VERTEX_POINT('',#3703) ;
#3711=VERTEX_POINT('',#3710) ;
#3718=VERTEX_POINT('',#3717) ;
#3725=VERTEX_POINT('',#3724) ;
#3732=VERTEX_POINT('',#3731) ;
#3739=VERTEX_POINT('',#3738) ;
#3746=VERTEX_POINT('',#3745) ;
#3753=VERTEX_POINT('',#3752) ;
#3781=VERTEX_POINT('',#3780) ;
#3783=VERTEX_POINT('',#3782) ;
#3805=VERTEX_POINT('',#3804) ;
#3812=VERTEX_POINT('',#3811) ;
#3836=VERTEX_POINT('',#3835) ;
#3860=VERTEX_POINT('',#3859) ;
#3884=VERTEX_POINT('',#3883) ;
#3908=VERTEX_POINT('',#3907) ;
#3932=VERTEX_POINT('',#3931) ;
#3956=VERTEX_POINT('',#3955) ;
#3980=VERTEX_POINT('',#3979) ;
#4004=VERTEX_POINT('',#4003) ;
#4040=VERTEX_POINT('',#4039) ;
#4047=VERTEX_POINT('',#4046) ;
#4132=VERTEX_POINT('',#4131) ;
#4134=VERTEX_POINT('',#4133) ;
#4141=VERTEX_POINT('',#4140) ;
#4148=VERTEX_POINT('',#4147) ;
#4172=VERTEX_POINT('',#4171) ;
#4179=VERTEX_POINT('',#4178) ;
#4203=VERTEX_POINT('',#4202) ;
#4210=VERTEX_POINT('',#4209) ;
#4217=VERTEX_POINT('',#4216) ;
#4243=VERTEX_POINT('',#4242) ;
#4250=VERTEX_POINT('',#4249) ;
#4257=VERTEX_POINT('',#4256) ;
#4307=VERTEX_POINT('',#4306) ;
#4309=VERTEX_POINT('',#4308) ;
#4316=VERTEX_POINT('',#4315) ;
#4323=VERTEX_POINT('',#4322) ;
#4342=VERTEX_POINT('',#4341) ;
#4344=VERTEX_POINT('',#4343) ;
#4373=VERTEX_POINT('',#4372) ;
#4380=VERTEX_POINT('',#4379) ;
#4387=VERTEX_POINT('',#4386) ;
#4413=VERTEX_POINT('',#4412) ;
#4420=VERTEX_POINT('',#4419) ;
#4427=VERTEX_POINT('',#4426) ;
#4465=VERTEX_POINT('',#4464) ;
#4472=VERTEX_POINT('',#4471) ;
#4479=VERTEX_POINT('',#4478) ;
#4486=VERTEX_POINT('',#4485) ;
#4493=VERTEX_POINT('',#4492) ;
#4500=VERTEX_POINT('',#4499) ;
#4507=VERTEX_POINT('',#4506) ;
#4514=VERTEX_POINT('',#4513) ;
#4521=VERTEX_POINT('',#4520) ;
#4528=VERTEX_POINT('',#4527) ;
#4570=VERTEX_POINT('',#4569) ;
#4572=VERTEX_POINT('',#4571) ;
#4579=VERTEX_POINT('',#4578) ;
#4586=VERTEX_POINT('',#4585) ;
#4617=VERTEX_POINT('',#4616) ;
#4624=VERTEX_POINT('',#4623) ;
#4648=VERTEX_POINT('',#4647) ;
#4655=VERTEX_POINT('',#4654) ;
#4696=VERTEX_POINT('',#4695) ;
#4703=VERTEX_POINT('',#4702) ;
#4731=VERTEX_POINT('',#4730) ;
#4755=VERTEX_POINT('',#4754) ;
#4796=VERTEX_POINT('',#4795) ;
#4803=VERTEX_POINT('',#4802) ;
#4827=VERTEX_POINT('',#4826) ;
#4851=VERTEX_POINT('',#4850) ;
#4959=VERTEX_POINT('',#4958) ;
#4961=VERTEX_POINT('',#4960) ;
#4968=VERTEX_POINT('',#4967) ;
#4975=VERTEX_POINT('',#4974) ;
#5063=VERTEX_POINT('',#5062) ;
#5065=VERTEX_POINT('',#5064) ;
#5072=VERTEX_POINT('',#5071) ;
#5079=VERTEX_POINT('',#5078) ;
#5120=VERTEX_POINT('',#5119) ;
#5122=VERTEX_POINT('',#5121) ;
#5129=VERTEX_POINT('',#5128) ;
#5136=VERTEX_POINT('',#5135) ;
#46=(LENGTH_UNIT()NAMED_UNIT(*)SI_UNIT(.MILLI.,.METRE.)) ;
#47=(NAMED_UNIT(*)PLANE_ANGLE_UNIT()SI_UNIT($,.RADIAN.)) ;
#49=(NAMED_UNIT(*)SI_UNIT($,.STERADIAN.)SOLID_ANGLE_UNIT()) ;
#51=(GEOMETRIC_REPRESENTATION_CONTEXT(3)GLOBAL_UNCERTAINTY_ASSIGNED_CONTEXT((#50))GLOBAL_UNIT_ASSIGNED_CONTEXT((#46,#47,#49))REPRESENTATION_CONTEXT(' ',' ')) ;
#53=(GEOMETRIC_REPRESENTATION_CONTEXT(3)GLOBAL_UNCERTAINTY_ASSIGNED_CONTEXT((#52))GLOBAL_UNIT_ASSIGNED_CONTEXT((#46,#47,#49))REPRESENTATION_CONTEXT(' ',' ')) ;
#1186=(GEOMETRIC_REPRESENTATION_CONTEXT(3)GLOBAL_UNCERTAINTY_ASSIGNED_CONTEXT((#1185))GLOBAL_UNIT_ASSIGNED_CONTEXT((#46,#47,#49))REPRESENTATION_CONTEXT(' ',' ')) ;
#1290=(GEOMETRIC_REPRESENTATION_CONTEXT(3)GLOBAL_UNCERTAINTY_ASSIGNED_CONTEXT((#1289))GLOBAL_UNIT_ASSIGNED_CONTEXT((#46,#47,#49))REPRESENTATION_CONTEXT(' ',' ')) ;
#1465=(GEOMETRIC_REPRESENTATION_CONTEXT(3)GLOBAL_UNCERTAINTY_ASSIGNED_CONTEXT((#1464))GLOBAL_UNIT_ASSIGNED_CONTEXT((#46,#47,#49))REPRESENTATION_CONTEXT(' ',' ')) ;
#1634=(GEOMETRIC_REPRESENTATION_CONTEXT(3)GLOBAL_UNCERTAINTY_ASSIGNED_CONTEXT((#1633))GLOBAL_UNIT_ASSIGNED_CONTEXT((#46,#47,#49))REPRESENTATION_CONTEXT(' ',' ')) ;
#2004=(GEOMETRIC_REPRESENTATION_CONTEXT(3)GLOBAL_UNCERTAINTY_ASSIGNED_CONTEXT((#2003))GLOBAL_UNIT_ASSIGNED_CONTEXT((#46,#47,#49))REPRESENTATION_CONTEXT(' ',' ')) ;
#2012=(GEOMETRIC_REPRESENTATION_CONTEXT(3)GLOBAL_UNCERTAINTY_ASSIGNED_CONTEXT((#2011))GLOBAL_UNIT_ASSIGNED_CONTEXT((#46,#47,#49))REPRESENTATION_CONTEXT(' ',' ')) ;
#2788=(GEOMETRIC_REPRESENTATION_CONTEXT(3)GLOBAL_UNCERTAINTY_ASSIGNED_CONTEXT((#2787))GLOBAL_UNIT_ASSIGNED_CONTEXT((#46,#47,#49))REPRESENTATION_CONTEXT(' ',' ')) ;
#3418=(GEOMETRIC_REPRESENTATION_CONTEXT(3)GLOBAL_UNCERTAINTY_ASSIGNED_CONTEXT((#3417))GLOBAL_UNIT_ASSIGNED_CONTEXT((#46,#47,#49))REPRESENTATION_CONTEXT(' ',' ')) ;
#3522=(GEOMETRIC_REPRESENTATION_CONTEXT(3)GLOBAL_UNCERTAINTY_ASSIGNED_CONTEXT((#3521))GLOBAL_UNIT_ASSIGNED_CONTEXT((#46,#47,#49))REPRESENTATION_CONTEXT(' ',' ')) ;
#3537=(GEOMETRIC_REPRESENTATION_CONTEXT(3)GLOBAL_UNCERTAINTY_ASSIGNED_CONTEXT((#3536))GLOBAL_UNIT_ASSIGNED_CONTEXT((#46,#47,#49))REPRESENTATION_CONTEXT(' ',' ')) ;
#4112=(GEOMETRIC_REPRESENTATION_CONTEXT(3)GLOBAL_UNCERTAINTY_ASSIGNED_CONTEXT((#4111))GLOBAL_UNIT_ASSIGNED_CONTEXT((#46,#47,#49))REPRESENTATION_CONTEXT(' ',' ')) ;
#4939=(GEOMETRIC_REPRESENTATION_CONTEXT(3)GLOBAL_UNCERTAINTY_ASSIGNED_CONTEXT((#4938))GLOBAL_UNIT_ASSIGNED_CONTEXT((#46,#47,#49))REPRESENTATION_CONTEXT(' ',' ')) ;
#5043=(GEOMETRIC_REPRESENTATION_CONTEXT(3)GLOBAL_UNCERTAINTY_ASSIGNED_CONTEXT((#5042))GLOBAL_UNIT_ASSIGNED_CONTEXT((#46,#47,#49))REPRESENTATION_CONTEXT(' ',' ')) ;
#1175=(REPRESENTATION_RELATIONSHIP(' ',' ',#54,#44)REPRESENTATION_RELATIONSHIP_WITH_TRANSFORMATION(#1176)SHAPE_REPRESENTATION_RELATIONSHIP()) ;
#1279=(REPRESENTATION_RELATIONSHIP(' ',' ',#1187,#44)REPRESENTATION_RELATIONSHIP_WITH_TRANSFORMATION(#1280)SHAPE_REPRESENTATION_RELATIONSHIP()) ;
#1454=(REPRESENTATION_RELATIONSHIP(' ',' ',#1291,#44)REPRESENTATION_RELATIONSHIP_WITH_TRANSFORMATION(#1455)SHAPE_REPRESENTATION_RELATIONSHIP()) ;
#1623=(REPRESENTATION_RELATIONSHIP(' ',' ',#1466,#44)REPRESENTATION_RELATIONSHIP_WITH_TRANSFORMATION(#1624)SHAPE_REPRESENTATION_RELATIONSHIP()) ;
#1993=(REPRESENTATION_RELATIONSHIP(' ',' ',#1635,#44)REPRESENTATION_RELATIONSHIP_WITH_TRANSFORMATION(#1994)SHAPE_REPRESENTATION_RELATIONSHIP()) ;
#2777=(REPRESENTATION_RELATIONSHIP(' ',' ',#2013,#2005)REPRESENTATION_RELATIONSHIP_WITH_TRANSFORMATION(#2778)SHAPE_REPRESENTATION_RELATIONSHIP()) ;
#3394=(REPRESENTATION_RELATIONSHIP(' ',' ',#2789,#2005)REPRESENTATION_RELATIONSHIP_WITH_TRANSFORMATION(#3395)SHAPE_REPRESENTATION_RELATIONSHIP()) ;
#3407=(REPRESENTATION_RELATIONSHIP(' ',' ',#2005,#44)REPRESENTATION_RELATIONSHIP_WITH_TRANSFORMATION(#3408)SHAPE_REPRESENTATION_RELATIONSHIP()) ;
#3511=(REPRESENTATION_RELATIONSHIP(' ',' ',#3419,#44)REPRESENTATION_RELATIONSHIP_WITH_TRANSFORMATION(#3512)SHAPE_REPRESENTATION_RELATIONSHIP()) ;
#3526=(REPRESENTATION_RELATIONSHIP(' ',' ',#3419,#44)REPRESENTATION_RELATIONSHIP_WITH_TRANSFORMATION(#3527)SHAPE_REPRESENTATION_RELATIONSHIP()) ;
#4101=(REPRESENTATION_RELATIONSHIP(' ',' ',#3538,#44)REPRESENTATION_RELATIONSHIP_WITH_TRANSFORMATION(#4102)SHAPE_REPRESENTATION_RELATIONSHIP()) ;
#4928=(REPRESENTATION_RELATIONSHIP(' ',' ',#4113,#44)REPRESENTATION_RELATIONSHIP_WITH_TRANSFORMATION(#4929)SHAPE_REPRESENTATION_RELATIONSHIP()) ;
#5032=(REPRESENTATION_RELATIONSHIP(' ',' ',#4940,#44)REPRESENTATION_RELATIONSHIP_WITH_TRANSFORMATION(#5033)SHAPE_REPRESENTATION_RELATIONSHIP()) ;
#5201=(REPRESENTATION_RELATIONSHIP(' ',' ',#5044,#44)REPRESENTATION_RELATIONSHIP_WITH_TRANSFORMATION(#5202)SHAPE_REPRESENTATION_RELATIONSHIP()) ;
ENDSEC;
END-ISO-10303-21;
