  0
SECTION
  2
HEADER
  9
$ACADVER
  1
AC1015
  9
$ACADMAINTVER
 70
     6
  9
$DWGCODEPAGE
  3
ANSI_1252
  9
$INSBASE
 10
0.0
 20
0.0
 30
0.0
  9
$EXTMIN
 10
0.0
 20
0.0
 30
0.0
  9
$EXTMAX
 10
693.506226
 20
768.623596
 30
2.0
  9
$LIMMIN
 10
0.0
 20
0.0
  9
$LIMMAX
 10
420.0
 20
297.0
  9
$ORTHOMODE
 70
     0
  9
$REGENMODE
 70
     1
  9
$FILLMODE
 70
     1
  9
$QTEXTMODE
 70
     0
  9
$MIRRTEXT
 70
     1
  9
$LTSCALE
 40
1.0
  9
$ATTMODE
 70
     1
  9
$TEXTSIZE
 40
2.5
  9
$TRACEWID
 40
1.0
  9
$TEXTSTYLE
  7
STANDARD
  9
$CLAYER
  8
0
  9
$CELTYPE
  6
ByLayer
  9
$CECOLOR
 62
   256
  9
$CELTSCALE
 40
1.0
  9
$DISPSILH
 70
     0
  9
$DIMSCALE
 40
1.0
  9
$DIMASZ
 40
2.5
  9
$DIMEXO
 40
0.625
  9
$DIMDLI
 40
3.75
  9
$DIMRND
 40
0.0
  9
$DIMDLE
 40
0.0
  9
$DIMEXE
 40
1.25
  9
$DIMTP
 40
0.0
  9
$DIMTM
 40
0.0
  9
$DIMTXT
 40
2.5
  9
$DIMCEN
 40
2.5
  9
$DIMTSZ
 40
0.0
  9
$DIMTOL
 70
     0
  9
$DIMLIM
 70
     0
  9
$DIMTIH
 70
     0
  9
$DIMTOH
 70
     0
  9
$DIMSE1
 70
     0
  9
$DIMSE2
 70
     0
  9
$DIMTAD
 70
     1
  9
$DIMZIN
 70
     8
  9
$DIMBLK
  1

  9
$DIMASO
 70
     1
  9
$DIMSHO
 70
     1
  9
$DIMPOST
  1

  9
$DIMAPOST
  1

  9
$DIMALT
 70
     0
  9
$DIMALTD
 70
     3
  9
$DIMALTF
 40
0.03937
  9
$DIMLFAC
 40
1.0
  9
$DIMTOFL
 70
     1
  9
$DIMTVP
 40
0.0
  9
$DIMTIX
 70
     0
  9
$DIMSOXD
 70
     0
  9
$DIMSAH
 70
     0
  9
$DIMBLK1
  1

  9
$DIMBLK2
  1

  9
$DIMSTYLE
  2
STANDARD
  9
$DIMCLRD
 70
     0
  9
$DIMCLRE
 70
     0
  9
$DIMCLRT
 70
     0
  9
$DIMTFAC
 40
1.0
  9
$DIMGAP
 40
0.625
  9
$DIMJUST
 70
     0
  9
$DIMSD1
 70
     0
  9
$DIMSD2
 70
     0
  9
$DIMTOLJ
 70
     0
  9
$DIMTZIN
 70
     8
  9
$DIMALTZ
 70
     0
  9
$DIMALTTZ
 70
     0
  9
$DIMUPT
 70
     0
  9
$DIMDEC
 70
     2
  9
$DIMTDEC
 70
     2
  9
$DIMALTU
 70
     2
  9
$DIMALTTD
 70
     3
  9
$DIMTXSTY
  7
STANDARD
  9
$DIMAUNIT
 70
     0
  9
$DIMADEC
 70
     0
  9
$DIMALTRND
 40
0.0
  9
$DIMAZIN
 70
     0
  9
$DIMDSEP
 70
    44
  9
$DIMATFIT
 70
     0
  9
$DIMFRAC
 70
     0
  9
$DIMLDRBLK
  1

  9
$DIMLUNIT
 70
     2
  9
$DIMLWD
 70
    -2
  9
$DIMLWE
 70
    -2
  9
$DIMTMOVE
 70
     0
  9
$LUNITS
 70
     2
  9
$LUPREC
 70
     4
  9
$SKETCHINC
 40
1.0
  9
$FILLETRAD
 40
2.5
  9
$AUNITS
 70
     0
  9
$AUPREC
 70
     0
  9
$MENU
  1
.
  9
$ELEVATION
 40
0.0
  9
$PELEVATION
 40
0.0
  9
$THICKNESS
 40
0.0
  9
$LIMCHECK
 70
     0
  9
$CHAMFERA
 40
2.5
  9
$CHAMFERB
 40
2.5
  9
$CHAMFERC
 40
0.0
  9
$CHAMFERD
 40
0.0
  9
$SKPOLY
 70
     0
  9
$TDCREATE
 40
0.000000000
  9
$TDUCREATE
 40
0.000000000
  9
$TDUPDATE
 40
0.000000000
  9
$TDUUPDATE
 40
0.000000000
  9
$TDINDWG
 40
0.0000000000
  9
$TDUSRTIMER
 40
0.0000000000
  9
$USRTIMER
 70
     1
  9
$ANGBASE
 50
0.0
  9
$ANGDIR
 70
     0
  9
$PDMODE
 70
     0
  9
$PDSIZE
 40
0.0
  9
$PLINEWID
 40
0.0
  9
$SPLFRAME
 70
     0
  9
$SPLINETYPE
 70
     6
  9
$SPLINESEGS
 70
     8
  9
$HANDSEED
  5
4D5
  9
$SURFTAB1
 70
     6
  9
$SURFTAB2
 70
     6
  9
$SURFTYPE
 70
     6
  9
$SURFU
 70
     6
  9
$SURFV
 70
     6
  9
$UCSBASE
  2

  9
$UCSNAME
  2

  9
$UCSORG
 10
0.0
 20
0.0
 30
0.0
  9
$UCSXDIR
 10
1.0
 20
0.0
 30
0.0
  9
$UCSYDIR
 10
0.0
 20
1.0
 30
0.0
  9
$UCSORTHOREF
  2

  9
$UCSORTHOVIEW
 70
     1
  9
$UCSORGTOP
 10
0.0
 20
0.0
 30
0.0
  9
$UCSORGBOTTOM
 10
0.0
 20
0.0
 30
0.0
  9
$UCSORGLEFT
 10
0.0
 20
0.0
 30
0.0
  9
$UCSORGRIGHT
 10
0.0
 20
0.0
 30
0.0
  9
$UCSORGFRONT
 10
0.0
 20
0.0
 30
0.0
  9
$UCSORGBACK
 10
0.0
 20
0.0
 30
0.0
  9
$PUCSBASE
  2

  9
$PUCSNAME
  2

  9
$PUCSORG
 10
0.0
 20
0.0
 30
0.0
  9
$PUCSXDIR
 10
1.0
 20
0.0
 30
0.0
  9
$PUCSYDIR
 10
0.0
 20
1.0
 30
0.0
  9
$PUCSORTHOREF
  2

  9
$PUCSORTHOVIEW
 70
     0
  9
$PUCSORGTOP
 10
0.0
 20
0.0
 30
0.0
  9
$PUCSORGBOTTOM
 10
0.0
 20
0.0
 30
0.0
  9
$PUCSORGLEFT
 10
0.0
 20
0.0
 30
0.0
  9
$PUCSORGRIGHT
 10
0.0
 20
0.0
 30
0.0
  9
$PUCSORGFRONT
 10
0.0
 20
0.0
 30
0.0
  9
$PUCSORGBACK
 10
0.0
 20
0.0
 30
0.0
  9
$USERI1
 70
     0
  9
$USERI2
 70
     0
  9
$USERI3
 70
     0
  9
$USERI4
 70
     0
  9
$USERI5
 70
     0
  9
$USERR1
 40
0.0
  9
$USERR2
 40
0.0
  9
$USERR3
 40
0.0
  9
$USERR4
 40
0.0
  9
$USERR5
 40
0.0
  9
$WORLDVIEW
 70
     1
  9
$SHADEDGE
 70
     3
  9
$SHADEDIF
 70
    70
  9
$TILEMODE
 70
     1
  9
$MAXACTVP
 70
    48
  9
$PINSBASE
 10
0.0
 20
0.0
 30
0.0
  9
$PLIMCHECK
 70
     0
  9
$PEXTMIN
 10
0.0
 20
0.0
 30
0.0
  9
$PEXTMAX
 10
693.506226
 20
768.623596
 30
2.0
  9
$PLIMMIN
 10
0.0
 20
0.0
  9
$PLIMMAX
 10
420.0
 20
297.0
  9
$UNITMODE
 70
     0
  9
$VISRETAIN
 70
     0
  9
$PLINEGEN
 70
     0
  9
$PSLTSCALE
 70
     1
  9
$TREEDEPTH
 70
  3020
  9
$CMLSTYLE
  2
Standard
  9
$CMLJUST
 70
     0
  9
$CMLSCALE
 40
20.0
  9
$PROXYGRAPHICS
 70
     1
  9
$MEASUREMENT
 70
     1
  9
$CELWEIGHT
370
    -1
  9
$ENDCAPS
280
     0
  9
$JOINSTYLE
280
     0
  9
$LWDISPLAY
290
     0
  9
$INSUNITS
 70
     0
  9
$HYPERLINKBASE
  1

  9
$STYLESHEET
  1

  9
$XEDIT
290
     1
  9
$CEPSNTYPE
380
     0
  9
$PSTYLEMODE
290
     0
  9
$FINGERPRINTGUID
  2

  9
$VERSIONGUID
  2

  9
$EXTNAMES
290
     0
  9
$PSVPSCALE
 40
0.0
  0
ENDSEC
  0
SECTION
  2
CLASSES
  0
CLASS
  1
LWPOLYLINE
  2
AcDbPolyline
  3
AutoCAD 2000
 90
        0
280
     0
281
     1
  0
CLASS
  1
IMAGE
  2
AcDbRasterImage
  3
ISM
 90
      127
280
     0
281
     1
  0
CLASS
  1
OLE2FRAME
  2
AcDbOle2Frame
  3
AutoCAD 2000
 90
        0
280
     0
281
     1
  0
CLASS
  1
HATCH
  2
AcDbHatch
  3
AutoCAD 2000
 90
        0
280
     0
281
     1
  0
CLASS
  1
DICTIONARYVAR
  2
AcDbDictionaryVar
  3
AutoCAD 2000
 90
        0
280
     0
281
     0
  0
CLASS
  1
RASTERVARIABLES
  2
AcDbRasterVariables
  3
ISM
 90
        0
280
     0
281
     0
  0
CLASS
  1
IMAGEDEF
  2
AcDbRasterImageDef
  3
ISM
 90
        0
280
     0
281
     0
  0
CLASS
  1
IMAGEDEF_REACTOR
  2
AcDbRasterImageDefReactor
  3
ISM
 90
        1
280
     0
281
     0
  0
CLASS
  1
IDBUFFER
  2
AcDbIdBuffer
  3
AutoCAD 2000
 90
        0
280
     0
281
     0
  0
CLASS
  1
SPATIAL_FILTER
  2
AcDbSpatialFilter
  3
AutoCAD 2000
 90
        0
280
     0
281
     0
  0
CLASS
  1
XRECORD
  2
AcDbXrecord
  3
AutoCAD 2000
 90
        0
280
     0
281
     0
  0
CLASS
  1
SORTENTSTABLE
  2
AcDbSortentsTable
  3
AutoCAD 2000
 90
        0
280
     0
281
     0
  0
CLASS
  1
LAYER_INDEX
  2
AcDbLayerIndex
  3
AutoCAD 2000
 90
        0
280
     0
281
     0
  0
CLASS
  1
SPATIAL_INDEX
  2
AcDbSpatialIndex
  3
AutoCAD 2000
 90
        0
280
     0
281
     0
  0
CLASS
  1
OBJECT_PTR
  2
CAseDLPNTableRecord
  3
"ASE-LPNTableRecord"
 90
        1
280
     0
281
     0
  0
CLASS
  1
LAYOUT
  2
AcDbLayout
  3
AutoCAD 2000
 90
        0
280
     0
281
     0
  0
CLASS
  1
PLOTSETTINGS
  2
AcDbPlotSettings
  3
AutoCAD 2000
 90
        0
280
     0
281
     0
  0
CLASS
  1
ACDBDICTIONARYWDFLT
  2
AcDbDictionaryWithDefault
  3
AutoCAD 2000
 90
        0
280
     0
281
     0
  0
CLASS
  1
ACDBPLACEHOLDER
  2
AcDbPlaceHolder
  3
AutoCAD 2000
 90
        0
280
     0
281
     0
  0
CLASS
  1
VBA_PROJECT
  2
AcDbVbaProject
  3
acadvba
 90
        0
280
     0
281
     0
  0
CLASS
  1
WIPEOUT
  2
AcDbWipeout
  3
WipeOut|AutoCAD Express Tool|expresstools@autodesk.com
 90
      127
280
     0
281
     1
  0
CLASS
  1
WIPEOUTVARIABLES
  2
AcDbWipeoutVariables
  3
WipeOut|AutoCAD Express Tool|expresstools@autodesk.com
 90
        0
280
     0
281
     0
  0
CLASS
  1
RTEXT
  2
RText
  3
RText|AutoCAD Express Tool|expresstools@autodesk.com
 90
        0
280
     0
281
     1
  0
CLASS
  1
ARCALIGNEDTEXT
  2
AcDbArcAlignedText
  3
ATEXT|AutoCAD Express Tool|expresstools@autodesk.com
 90
        0
280
     0
281
     1
  0
ENDSEC
  0
SECTION
  2
TABLES
  0
TABLE
  2
VPORT
  5
7
100
AcDbSymbolTable
 70
     1
  0
VPORT
  5
15
100
AcDbSymbolTableRecord
100
AcDbViewportTableRecord
  2
*ACTIVE
 70
     0
 10
0.0
 20
0.0
 11
1.0
 21
1.0
 12
6.591288
 22
4.579184
 13
0.0
 23
0.0
 14
1.0
 24
1.0
 15
0.0
 25
0.0
 16
0.0
 26
0.0
 36
1.0
 17
0.0
 27
0.0
 37
0.0
 40
9.158369
 41
0.688564
 42
50.0
 43
0.0
 44
0.0
 50
0.0
 51
0.0
 71
     0
 72
   100
 73
     1
 74
     1
 75
     0
 76
     0
 77
     0
 78
     0
281
     0
 65
     0
110
0.0
120
0.0
130
0.0
111
1.0
121
0.0
131
0.0
112
0.0
122
1.0
132
0.0
345
0
346
0
 79
     0
146
0.0
  0
ENDTAB
  0
TABLE
  2
LTYPE
  5
4
100
AcDbSymbolTable
 70
     3
  0
LTYPE
  5
11
100
AcDbSymbolTableRecord
100
AcDbLinetypeTableRecord
  2
ByBlock
 70
    64
  3

 72
    65
 73
     0
 40
0.0
  0
LTYPE
  5
12
100
AcDbSymbolTableRecord
100
AcDbLinetypeTableRecord
  2
ByLayer
 70
    64
  3

 72
    65
 73
     0
 40
0.0
  0
LTYPE
  5
13
100
AcDbSymbolTableRecord
100
AcDbLinetypeTableRecord
  2
Continuous
 70
    64
  3
Solid line
 72
    65
 73
     0
 40
0.0
  0
ENDTAB
  0
TABLE
  2
LAYER
  5
2
100
AcDbSymbolTable
 70
     1
  0
LAYER
  5
14
100
AcDbSymbolTableRecord
100
AcDbLayerTableRecord
  2
0
 70
     0
 62
     7
  6
Continuous
290
     1
370
    13
390
1D
  0
ENDTAB
  0
TABLE
  2
STYLE
  5
3
100
AcDbSymbolTable
 70
     2
  0
STYLE
  5
17
100
AcDbSymbolTableRecord
100
AcDbTextStyleTableRecord
  2
STANDARD
 70
     0
 40
0.0
 41
1.0
 50
0.0
 71
     0
 42
0.0
  3
isocp.shx
  4

  0
STYLE
  5
24
100
AcDbSymbolTableRecord
100
AcDbTextStyleTableRecord
  2
GDT
 70
     0
 40
0.0
 41
1.0
 50
0.0
 71
     0
 42
0.0
  3
gdt.shx
  4

  0
ENDTAB
  0
TABLE
  2
VIEW
  5
5
100
AcDbSymbolTable
 70
     0
  0
ENDTAB
  0
TABLE
  2
UCS
  5
6
100
AcDbSymbolTable
 70
     0
  0
ENDTAB
  0
TABLE
  2
APPID
  5
8
100
AcDbSymbolTable
 70
     1
  0
APPID
  5
16
100
AcDbSymbolTableRecord
100
AcDbRegAppTableRecord
  2
ACAD
 70
     0
  0
ENDTAB
  0
TABLE
  2
DIMSTYLE
  5
9
100
AcDbSymbolTable
 70
     1
100
AcDbDimStyleTable
 71
     0
  0
DIMSTYLE
105
18
100
AcDbSymbolTableRecord
100
AcDbDimStyleTableRecord
  2
STANDARD
 70
     0
  3

  4

 40
1.0
 41
2.5
 42
0.625
 43
3.75
 44
1.25
 45
0.0
 46
0.0
 47
0.0
 48
0.0
 71
     0
 72
     0
 73
     0
 74
     0
 75
     0
 76
     0
 77
     1
 78
     8
 79
     0
140
2.5
141
2.5
142
0.0
143
0.03937
144
1.0
145
0.0
146
1.0
147
0.625
148
0.0
170
     0
171
     3
172
     1
173
     0
174
     0
175
     0
176
     0
177
     0
178
     0
179
     0
271
     2
272
     2
273
     2
274
     3
275
     0
276
     0
277
     2
278
    44
279
     0
280
     0
281
     0
282
     0
283
     0
284
     8
285
     0
286
     0
288
     0
289
     0
340
0
341
0
342
0
343
0
344
0
371
    -2
372
    -2
  0
ENDTAB
  0
TABLE
  2
BLOCK_RECORD
  5
1
100
AcDbSymbolTable
 70
    12
  0
BLOCK_RECORD
  5
A
100
AcDbSymbolTableRecord
100
AcDbBlockTableRecord
  2
*MODEL_SPACE
340
20
  0
BLOCK_RECORD
  5
B
100
AcDbSymbolTableRecord
100
AcDbBlockTableRecord
  2
*PAPER_SPACE
340
21
  0
BLOCK_RECORD
  5
26
100
AcDbSymbolTableRecord
100
AcDbBlockTableRecord
  2
BLOCK25
340
0
102
{BLKREFS
331
4C9
102
}
  0
BLOCK_RECORD
  5
27
100
AcDbSymbolTableRecord
100
AcDbBlockTableRecord
  2
BLOCK26
340
0
102
{BLKREFS
331
4CA
102
}
  0
BLOCK_RECORD
  5
28
100
AcDbSymbolTableRecord
100
AcDbBlockTableRecord
  2
BLOCK27
340
0
102
{BLKREFS
331
4CB
102
}
  0
BLOCK_RECORD
  5
29
100
AcDbSymbolTableRecord
100
AcDbBlockTableRecord
  2
BLOCK28
340
0
102
{BLKREFS
331
4CC
102
}
  0
BLOCK_RECORD
  5
2A
100
AcDbSymbolTableRecord
100
AcDbBlockTableRecord
  2
BLOCK29
340
0
102
{BLKREFS
331
4CD
102
}
  0
BLOCK_RECORD
  5
2B
100
AcDbSymbolTableRecord
100
AcDbBlockTableRecord
  2
BLOCK30
340
0
102
{BLKREFS
331
4CE
102
}
  0
BLOCK_RECORD
  5
2C
100
AcDbSymbolTableRecord
100
AcDbBlockTableRecord
  2
BLOCK31
340
0
102
{BLKREFS
331
4CF
102
}
  0
BLOCK_RECORD
  5
2D
100
AcDbSymbolTableRecord
100
AcDbBlockTableRecord
  2
BLOCK32
340
0
102
{BLKREFS
331
4D0
102
}
  0
BLOCK_RECORD
  5
2E
100
AcDbSymbolTableRecord
100
AcDbBlockTableRecord
  2
BLOCK33
340
0
102
{BLKREFS
331
4D1
102
}
  0
BLOCK_RECORD
  5
2F
100
AcDbSymbolTableRecord
100
AcDbBlockTableRecord
  2
BLOCK34
340
0
102
{BLKREFS
331
4D2
102
}
  0
BLOCK_RECORD
  5
30
100
AcDbSymbolTableRecord
100
AcDbBlockTableRecord
  2
BLOCK35
340
0
102
{BLKREFS
331
4D3
102
}
  0
BLOCK_RECORD
  5
31
100
AcDbSymbolTableRecord
100
AcDbBlockTableRecord
  2
BLOCK36
340
0
102
{BLKREFS
331
4D4
102
}
  0
ENDTAB
  0
ENDSEC
  0
SECTION
  2
BLOCKS
  0
BLOCK
  5
D
100
AcDbEntity
  8
0
390
0
100
AcDbBlockBegin
  2
*MODEL_SPACE
 70
     0
 10
0.0
 20
0.0
 30
0.0
  3
*MODEL_SPACE
  1

  0
ENDBLK
  5
E
100
AcDbEntity
  8
0
390
0
100
AcDbBlockEnd
  0
BLOCK
  5
F
100
AcDbEntity
 67
     1
  8
0
390
0
100
AcDbBlockBegin
  2
*PAPER_SPACE
 70
     0
 10
0.0
 20
0.0
 30
0.0
  3
*PAPER_SPACE
  1

  0
ENDBLK
  5
10
100
AcDbEntity
 67
     1
  8
0
390
0
100
AcDbBlockEnd
  0
BLOCK
  5
32
100
AcDbEntity
  8
0
370
     0
390
0
100
AcDbBlockBegin
  2
BLOCK25
 70
     0
 10
0.0
 20
0.0
 30
0.0
  3
BLOCK25
  1

  0
TEXT
  5
33
100
AcDbEntity
  8
0
370
    13
390
0
 62
     7
100
AcDbText
 10
-327.630219
 20
-369.816498
 30
0.0
 40
3.5
  1
Front view
 72
     5
 11
-297.269989
 21
-369.816498
 31
0.0
100
AcDbText
  0
TEXT
  5
34
100
AcDbEntity
  8
0
370
    13
390
0
 62
     7
100
AcDbText
 10
-327.630219
 20
-375.863342
 30
0.0
 40
3.5
  1
Scale:
 72
     5
 11
-309.414093
 21
-375.863342
 31
0.0
100
AcDbText
  0
TEXT
  5
35
100
AcDbEntity
  8
0
370
    13
390
0
 62
     7
100
AcDbText
 10
-309.414093
 20
-375.863342
 30
0.0
 40
3.5
  1
  1:1
 72
     5
 11
-294.233948
 21
-375.863342
 31
0.0
100
AcDbText
  0
ENDBLK
  5
36
100
AcDbEntity
  8
0
390
0
100
AcDbBlockEnd
  0
BLOCK
  5
37
100
AcDbEntity
  8
0
370
     0
390
0
100
AcDbBlockBegin
  2
BLOCK26
 70
     0
 10
0.0
 20
0.0
 30
0.0
  3
BLOCK26
  1

  0
ARC
  5
38
100
AcDbEntity
  8
0
370
    35
390
0
 62
     7
100
AcDbCircle
 10
-500.0
 20
0.0
 30
0.0
 40
54.7
210
0.0
220
0.0
230
1.0
100
AcDbArc
 50
324.702027
 51
390.3154
  0
ARC
  5
39
100
AcDbEntity
  8
0
370
    35
390
0
 62
     7
100
AcDbCircle
 10
-500.0
 20
0.0
 30
0.0
 40
54.7
210
0.0
220
0.0
230
1.0
100
AcDbArc
 50
91.727971
 51
263.289456
  0
LINE
  5
3A
100
AcDbEntity
  8
0
370
    35
390
0
 62
     7
100
AcDbLine
 10
-89.781574
 20
-305.148936
 30
0.0
 11
14.004151
 21
-20.0
 31
0.0
210
0.0
220
0.0
230
1.0
  0
LINE
  5
3B
100
AcDbEntity
  8
0
370
    35
390
0
 62
     7
100
AcDbLine
 10
270.862698
 20
685.713059
 30
0.0
 11
14.004151
 21
-20.0
 31
0.0
210
0.0
220
0.0
230
1.0
  0
ARC
  5
3C
100
AcDbEntity
  8
0
370
    35
390
0
 62
     7
100
AcDbCircle
 10
252.068846
 20
692.553462
 30
0.0
 40
20.0
210
0.0
220
0.0
230
1.0
100
AcDbArc
 50
340.0
 51
520.0
  0
LINE
  5
3D
100
AcDbEntity
  8
0
370
    35
390
0
 62
     7
100
AcDbLine
 10
-9.214449
 20
33.159597
 30
0.0
 11
233.274993
 21
699.393864
 31
0.0
210
0.0
220
0.0
230
1.0
  0
ARC
  5
3E
100
AcDbEntity
  8
0
370
    35
390
0
 62
     7
100
AcDbCircle
 10
-28.008302
 20
40.0
 30
0.0
 40
20.0
210
0.0
220
0.0
230
1.0
100
AcDbArc
 50
270.0
 51
340.0
  0
LINE
  5
3F
100
AcDbEntity
  8
0
370
    35
390
0
 62
     7
100
AcDbLine
 10
-280.231945
 20
20.0
 30
0.0
 11
-28.008302
 21
20.0
 31
0.0
210
0.0
220
0.0
230
1.0
  0
LINE
  5
40
100
AcDbEntity
  8
0
370
    35
390
0
 62
     7
100
AcDbLine
 10
-449.087481
 20
20.0
 30
0.0
 11
-330.267893
 21
20.0
 31
0.0
210
0.0
220
0.0
230
1.0
  0
LINE
  5
41
100
AcDbEntity
  8
0
370
    35
390
0
 62
     7
 48
0.020074
100
AcDbLine
 10
-551.715558
 20
20.0
 30
0.0
 11
-550.912594
 21
20.0
 31
0.0
210
0.0
220
0.0
230
1.0
  0
ARC
  5
42
100
AcDbEntity
  8
0
370
    35
390
0
 62
     7
100
AcDbCircle
 10
-551.715558
 20
0.0
 30
0.0
 40
20.0
210
0.0
220
0.0
230
1.0
100
AcDbArc
 50
90.0
 51
270.0
  0
LINE
  5
43
100
AcDbEntity
  8
0
370
    35
390
0
 62
     7
 48
0.020073
100
AcDbLine
 10
-551.715558
 20
-20.0
 30
0.0
 11
-550.912625
 21
-20.0
 31
0.0
210
0.0
220
0.0
230
1.0
  0
LINE
  5
44
100
AcDbEntity
  8
0
370
    35
390
0
 62
     7
 48
0.49839
100
AcDbLine
 10
-449.087449
 20
-20.0
 30
0.0
 11
-429.151843
 21
-20.0
 31
0.0
210
0.0
220
0.0
230
1.0
  0
ARC
  5
45
100
AcDbEntity
  8
0
370
    35
390
0
 62
     7
100
AcDbCircle
 10
-429.151843
 20
-40.0
 30
0.0
 40
20.0
210
0.0
220
0.0
230
1.0
100
AcDbArc
 50
0.0
 51
90.0
  0
LINE
  5
46
100
AcDbEntity
  8
0
370
    35
390
0
 62
     7
 48
0.495738
100
AcDbLine
 10
-409.151843
 20
-59.829526
 30
0.0
 11
-409.151843
 21
-40.0
 31
0.0
210
0.0
220
0.0
230
1.0
  0
LINE
  5
47
100
AcDbEntity
  8
0
370
    35
390
0
 62
     7
 48
0.433972
100
AcDbLine
 10
-409.151843
 20
-107.188417
 30
0.0
 11
-409.151843
 21
-89.829526
 31
0.0
210
0.0
220
0.0
230
1.0
  0
LINE
  5
48
100
AcDbEntity
  8
0
370
    35
390
0
 62
     7
100
AcDbLine
 10
-143.2433
 20
-321.493826
 30
0.0
 11
-378.827729
 21
-150.33172
 31
0.0
210
0.0
220
0.0
230
1.0
  0
ARC
  5
49
100
AcDbEntity
  8
0
370
    35
390
0
 62
     7
100
AcDbCircle
 10
-122.670816
 20
-293.178231
 30
0.0
 40
35.0
210
0.0
220
0.0
230
1.0
100
AcDbArc
 50
234.0
 51
340.0
  0
CIRCLE
  5
4A
100
AcDbEntity
  8
0
370
    35
390
0
 62
     7
100
AcDbCircle
 10
0.0
 20
0.0
 30
0.0
 40
10.0
210
0.0
220
0.0
230
1.0
  0
CIRCLE
  5
4B
100
AcDbEntity
  8
0
370
    35
390
0
 62
     7
100
AcDbCircle
 10
252.068846
 20
692.553462
 30
0.0
 40
10.0
210
0.0
220
0.0
230
1.0
  0
ARC
  5
4C
100
AcDbEntity
  8
0
370
    35
390
0
 62
     7
100
AcDbCircle
 10
0.0
 20
0.0
 30
0.0
 40
298.6
210
0.0
220
0.0
230
1.0
100
AcDbArc
 50
203.504253
 51
247.6977
  0
ARC
  5
4D
100
AcDbEntity
  8
0
370
    35
390
0
 62
     7
100
AcDbCircle
 10
-118.060364
 20
-287.828005
 30
0.0
 40
12.5
210
0.0
220
0.0
230
1.0
100
AcDbArc
 50
247.6977
 51
427.6977
  0
ARC
  5
4E
100
AcDbEntity
  8
0
370
    35
390
0
 62
     7
100
AcDbCircle
 10
0.0
 20
0.0
 30
0.0
 40
323.6
210
0.0
220
0.0
230
1.0
100
AcDbArc
 50
202.966296
 51
247.6977
  0
CIRCLE
  5
4F
100
AcDbEntity
  8
0
370
    35
390
0
 62
     7
100
AcDbCircle
 10
0.0
 20
0.0
 30
0.0
 40
9.95
210
0.0
220
0.0
230
1.0
  0
ARC
  5
50
100
AcDbEntity
  8
0
370
    35
390
0
 62
     7
100
AcDbCircle
 10
-301.859
 20
-75.261902
 30
0.0
 40
30.0
210
0.0
220
0.0
230
1.0
100
AcDbArc
 50
329.389347
 51
394.954616
  0
ARC
  5
51
100
AcDbEntity
  8
0
370
    35
390
0
 62
     7
100
AcDbCircle
 10
-301.859
 20
-75.261902
 30
0.0
 40
30.0
210
0.0
220
0.0
230
1.0
100
AcDbArc
 50
147.855475
 51
196.571108
  0
LINE
  5
52
100
AcDbEntity
  8
0
370
    35
390
0
 62
     7
100
AcDbLine
 10
-532.965035
 20
-89.822811
 30
0.0
 11
-677.096688
 21
-318.535479
 31
0.0
210
0.0
220
0.0
230
1.0
  0
LINE
  5
53
100
AcDbEntity
  8
0
370
    35
390
0
 62
     7
 48
0.179893
100
AcDbLine
 10
-510.223684
 20
-53.736114
 30
0.0
 11
-514.060083
 21
-59.823835
 31
0.0
210
0.0
220
0.0
230
1.0
  0
LINE
  5
54
100
AcDbEntity
  8
0
370
    35
390
0
 62
     7
100
AcDbLine
 10
-710.937494
 20
-297.209442
 30
0.0
 11
-544.0645
 21
-32.410093
 31
0.0
210
0.0
220
0.0
230
1.0
  0
ARC
  5
55
100
AcDbEntity
  8
0
370
    35
390
0
 62
     7
100
AcDbCircle
 10
-419.15114
 20
-61.828968
 30
0.0
 40
2.0
210
0.0
220
0.0
230
1.0
100
AcDbArc
 50
269.996897
 51
359.996897
  0
LINE
  5
56
100
AcDbEntity
  8
0
370
    13
390
0
 62
     7
 48
0.033665
100
AcDbLine
 10
-419.152366
 20
-84.482377
 30
0.0
 11
-419.152439
 21
-85.828968
 31
0.0
210
0.0
220
0.0
230
1.0
  0
LINE
  5
57
100
AcDbEntity
  8
0
370
    13
390
0
 62
     7
100
AcDbLine
 10
-419.151248
 20
-63.828968
 30
0.0
 11
-419.152366
 21
-84.482377
 31
0.0
210
0.0
220
0.0
230
1.0
  0
CIRCLE
  5
58
100
AcDbEntity
  8
0
370
    35
390
0
 62
     7
100
AcDbCircle
 10
-397.151844
 20
-74.83016
 30
0.0
 40
6.0
210
0.0
220
0.0
230
1.0
  0
LINE
  5
59
100
AcDbEntity
  8
0
370
    35
390
0
 62
     7
100
AcDbLine
 10
-417.152656
 20
-89.829077
 30
0.0
 11
-417.151031
 21
-59.829077
 31
0.0
210
0.0
220
0.0
230
1.0
  0
LINE
  5
5A
100
AcDbEntity
  8
0
370
    35
390
0
 62
     7
100
AcDbLine
 10
-392.152656
 20
-89.83043
 30
0.0
 11
-417.152656
 21
-89.829077
 31
0.0
210
0.0
220
0.0
230
1.0
  0
ARC
  5
5B
100
AcDbEntity
  8
0
370
    35
390
0
 62
     7
100
AcDbCircle
 10
-392.151844
 20
-74.83043
 30
0.0
 40
15.0
210
0.0
220
0.0
230
1.0
100
AcDbArc
 50
269.996897
 51
449.996897
  0
LINE
  5
5C
100
AcDbEntity
  8
0
370
    35
390
0
 62
     7
100
AcDbLine
 10
-392.151031
 20
-59.83043
 30
0.0
 11
-417.151031
 21
-59.829077
 31
0.0
210
0.0
220
0.0
230
1.0
  0
ARC
  5
5D
100
AcDbEntity
  8
0
370
    35
390
0
 62
     7
100
AcDbCircle
 10
-419.152547
 20
-87.828968
 30
0.0
 40
2.0
210
0.0
220
0.0
230
1.0
100
AcDbArc
 50
359.996897
 51
89.996898
  0
LINE
  5
5E
100
AcDbEntity
  8
0
370
    35
390
0
 62
     7
100
AcDbLine
 10
-419.152439
 20
-85.828968
 30
0.0
 11
-457.715209
 21
-85.82688
 31
0.0
210
0.0
220
0.0
230
1.0
  0
LINE
  5
5F
100
AcDbEntity
  8
0
370
    35
390
0
 62
     7
100
AcDbLine
 10
-419.151248
 20
-63.828968
 30
0.0
 11
-456.758023
 21
-63.826932
 31
0.0
210
0.0
220
0.0
230
1.0
  0
CIRCLE
  5
60
100
AcDbEntity
  8
0
370
    35
390
0
 62
     7
100
AcDbCircle
 10
-547.151843
 20
-74.822037
 30
0.0
 40
6.0
210
0.0
220
0.0
230
1.0
  0
LINE
  5
61
100
AcDbEntity
  8
0
370
    35
390
0
 62
     7
 48
0.29909
100
AcDbLine
 10
-507.151031
 20
-59.824203
 30
0.0
 11
-507.151679
 21
-71.787814
 31
0.0
210
0.0
220
0.0
230
1.0
  0
ARC
  5
62
100
AcDbEntity
  8
0
370
    35
390
0
 62
     7
100
AcDbCircle
 10
-552.151843
 20
-74.821767
 30
0.0
 40
15.0
210
0.0
220
0.0
230
1.0
100
AcDbArc
 50
89.996897
 51
269.996897
  0
LINE
  5
63
100
AcDbEntity
  8
0
370
    35
390
0
 62
     7
100
AcDbLine
 10
-507.936415
 20
-89.824161
 30
0.0
 11
-552.152656
 21
-89.821767
 31
0.0
210
0.0
220
0.0
230
1.0
  0
LINE
  5
64
100
AcDbEntity
  8
0
370
    35
390
0
 62
     7
100
AcDbLine
 10
-507.151031
 20
-59.824203
 30
0.0
 11
-552.151031
 21
-59.821767
 31
0.0
210
0.0
220
0.0
230
1.0
  0
ARC
  5
65
100
AcDbEntity
  8
0
370
    35
390
0
 62
     7
100
AcDbCircle
 10
-502.151278
 20
-64.82447
 30
0.0
 40
5.000024
210
0.0
220
0.0
230
1.0
100
AcDbArc
 50
179.996943
 51
197.691443
  0
CIRCLE
  5
66
100
AcDbEntity
  8
0
370
    35
390
0
 62
     7
100
AcDbCircle
 10
-397.151843
 20
-74.83016
 30
0.0
 40
6.0
210
0.0
220
0.0
230
1.0
  0
CIRCLE
  5
67
100
AcDbEntity
  8
0
370
    35
390
0
 62
     7
100
AcDbCircle
 10
-547.151843
 20
-74.822037
 30
0.0
 40
6.0
210
0.0
220
0.0
230
1.0
  0
CIRCLE
  5
68
100
AcDbEntity
  8
0
370
    35
390
0
 62
     7
100
AcDbCircle
 10
-706.329301
 20
-327.409865
 30
0.0
 40
30.55
210
0.0
220
0.0
230
1.0
  0
ARC
  5
69
100
AcDbEntity
  8
0
370
    35
390
0
 62
     7
100
AcDbCircle
 10
-907.329301
 20
-327.409865
 30
0.0
 40
20.0
210
0.0
220
0.0
230
1.0
100
AcDbArc
 50
90.0
 51
270.0
  0
LINE
  5
6A
100
AcDbEntity
  8
0
370
    35
390
0
 62
     7
100
AcDbLine
 10
-729.422716
 20
-347.409865
 30
0.0
 11
-907.329301
 21
-347.409865
 31
0.0
210
0.0
220
0.0
230
1.0
  0
LINE
  5
6B
100
AcDbEntity
  8
0
370
    35
390
0
 62
     7
100
AcDbLine
 10
-762.808261
 20
-307.409865
 30
0.0
 11
-729.422646
 21
-307.409865
 31
0.0
210
0.0
220
0.0
230
1.0
  0
ARC
  5
6C
100
AcDbEntity
  8
0
370
    35
390
0
 62
     7
100
AcDbCircle
 10
-762.808261
 20
-297.409865
 30
0.0
 40
10.0
210
0.0
220
0.0
230
1.0
100
AcDbArc
 50
209.0
 51
270.0
  0
LINE
  5
6D
100
AcDbEntity
  8
0
370
    35
390
0
 62
     7
100
AcDbLine
 10
-819.557405
 20
-215.658353
 30
0.0
 11
-771.554458
 21
-302.257961
 31
0.0
210
0.0
220
0.0
230
1.0
  0
LINE
  5
6E
100
AcDbEntity
  8
0
370
    35
390
0
 62
     7
 48
0.25
100
AcDbLine
 10
-828.303602
 20
-220.50645
 30
0.0
 11
-819.557405
 21
-215.658353
 31
0.0
210
0.0
220
0.0
230
1.0
  0
LINE
  5
6F
100
AcDbEntity
  8
0
370
    35
390
0
 62
     7
100
AcDbLine
 10
-828.303602
 20
-220.50645
 30
0.0
 11
-788.362686
 21
-292.561769
 31
0.0
210
0.0
220
0.0
230
1.0
  0
ARC
  5
70
100
AcDbEntity
  8
0
370
    35
390
0
 62
     7
100
AcDbCircle
 10
-797.108883
 20
-297.409865
 30
0.0
 40
10.0
210
0.0
220
0.0
230
1.0
100
AcDbArc
 50
270.0
 51
389.0
  0
LINE
  5
71
100
AcDbEntity
  8
0
370
    35
390
0
 62
     7
100
AcDbLine
 10
-907.329301
 20
-307.409865
 30
0.0
 11
-797.108883
 21
-307.409865
 31
0.0
210
0.0
220
0.0
230
1.0
  0
CIRCLE
  5
72
100
AcDbEntity
  8
0
370
    35
390
0
 62
     7
100
AcDbCircle
 10
-907.329301
 20
-327.409865
 30
0.0
 40
10.0
210
0.0
220
0.0
230
1.0
  0
LINE
  5
73
100
AcDbEntity
  8
0
370
    35
390
0
 62
     7
 48
0.5
100
AcDbLine
 10
-314.68036
 20
-126.131403
 30
0.0
 11
-333.849691
 21
-131.835502
 31
0.0
210
0.0
220
0.0
230
1.0
  0
LINE
  5
74
100
AcDbEntity
  8
0
370
    35
390
0
 62
     7
 48
0.1225
100
AcDbLine
 10
-314.68036
 20
-126.131403
 30
0.0
 11
-313.282856
 21
-130.827889
 31
0.0
210
0.0
220
0.0
230
1.0
  0
LINE
  5
75
100
AcDbEntity
  8
0
370
    35
390
0
 62
     7
 48
0.5
100
AcDbLine
 10
-313.282856
 20
-130.827889
 30
0.0
 11
-332.452187
 21
-136.531988
 31
0.0
210
0.0
220
0.0
230
1.0
  0
LINE
  5
76
100
AcDbEntity
  8
0
370
    35
390
0
 62
     7
 48
0.1225
100
AcDbLine
 10
-333.849691
 20
-131.835502
 30
0.0
 11
-332.452187
 21
-136.531988
 31
0.0
210
0.0
220
0.0
230
1.0
  0
LINE
  5
77
100
AcDbEntity
  8
0
370
    35
390
0
 62
     7
 48
0.5
100
AcDbLine
 10
-317.58945
 20
-116.355044
 30
0.0
 11
-336.758781
 21
-122.059143
 31
0.0
210
0.0
220
0.0
230
1.0
  0
LINE
  5
78
100
AcDbEntity
  8
0
370
    35
390
0
 62
     7
 48
0.002484
100
AcDbLine
 10
-317.561115
 20
-116.450267
 30
0.0
 11
-317.58945
 21
-116.355044
 31
0.0
210
0.0
220
0.0
230
1.0
  0
LINE
  5
79
100
AcDbEntity
  8
0
370
    35
390
0
 62
     7
 48
0.002484
100
AcDbLine
 10
-314.68036
 20
-126.131403
 30
0.0
 11
-314.708695
 21
-126.03618
 31
0.0
210
0.0
220
0.0
230
1.0
  0
LINE
  5
7A
100
AcDbEntity
  8
0
370
    35
390
0
 62
     7
 48
0.002484
100
AcDbLine
 10
-336.730446
 20
-122.154366
 30
0.0
 11
-336.758781
 21
-122.059143
 31
0.0
210
0.0
220
0.0
230
1.0
  0
LINE
  5
7B
100
AcDbEntity
  8
0
370
    35
390
0
 62
     7
 48
0.002484
100
AcDbLine
 10
-333.849691
 20
-131.835502
 30
0.0
 11
-333.878026
 21
-131.740279
 31
0.0
210
0.0
220
0.0
230
1.0
  0
LINE
  5
7C
100
AcDbEntity
  8
0
370
    35
390
0
 62
     7
 48
0.1225
100
AcDbLine
 10
-318.986955
 20
-111.658558
 30
0.0
 11
-317.58945
 21
-116.355044
 31
0.0
210
0.0
220
0.0
230
1.0
  0
LINE
  5
7D
100
AcDbEntity
  8
0
370
    35
390
0
 62
     7
 48
0.1225
100
AcDbLine
 10
-338.156286
 20
-117.362657
 30
0.0
 11
-336.758781
 21
-122.059143
 31
0.0
210
0.0
220
0.0
230
1.0
  0
LINE
  5
7E
100
AcDbEntity
  8
0
370
    35
390
0
 62
     7
100
AcDbLine
 10
-318.986955
 20
-111.658558
 30
0.0
 11
-338.156286
 21
-117.362657
 31
0.0
210
0.0
220
0.0
230
1.0
  0
LINE
  5
7F
100
AcDbEntity
  8
0
370
    35
390
0
 62
     7
100
AcDbLine
 10
-475.355776
 20
-173.942591
 30
0.0
 11
-456.186445
 21
-168.238491
 31
0.0
210
0.0
220
0.0
230
1.0
  0
LINE
  5
80
100
AcDbEntity
  8
0
370
    35
390
0
 62
     7
 48
0.1225
100
AcDbLine
 10
-475.355776
 20
-173.942591
 30
0.0
 11
-473.958272
 21
-178.639077
 31
0.0
210
0.0
220
0.0
230
1.0
  0
LINE
  5
81
100
AcDbEntity
  8
0
370
    35
390
0
 62
     7
 48
0.5
100
AcDbLine
 10
-473.958272
 20
-178.639077
 30
0.0
 11
-454.788941
 21
-172.934978
 31
0.0
210
0.0
220
0.0
230
1.0
  0
LINE
  5
82
100
AcDbEntity
  8
0
370
    35
390
0
 62
     7
 48
0.1225
100
AcDbLine
 10
-456.186445
 20
-168.238491
 30
0.0
 11
-454.788941
 21
-172.934978
 31
0.0
210
0.0
220
0.0
230
1.0
  0
LINE
  5
83
100
AcDbEntity
  8
0
370
    35
390
0
 62
     7
 48
0.5
100
AcDbLine
 10
-478.264867
 20
-164.166232
 30
0.0
 11
-459.095535
 21
-158.462133
 31
0.0
210
0.0
220
0.0
230
1.0
  0
LINE
  5
84
100
AcDbEntity
  8
0
370
    35
390
0
 62
     7
 48
0.002484
100
AcDbLine
 10
-478.236532
 20
-164.261455
 30
0.0
 11
-478.264867
 21
-164.166232
 31
0.0
210
0.0
220
0.0
230
1.0
  0
LINE
  5
85
100
AcDbEntity
  8
0
370
    35
390
0
 62
     7
 48
0.002484
100
AcDbLine
 10
-475.355776
 20
-173.942591
 30
0.0
 11
-475.384111
 21
-173.847368
 31
0.0
210
0.0
220
0.0
230
1.0
  0
LINE
  5
86
100
AcDbEntity
  8
0
370
    35
390
0
 62
     7
 48
0.002484
100
AcDbLine
 10
-459.0672
 20
-158.557356
 30
0.0
 11
-459.095535
 21
-158.462133
 31
0.0
210
0.0
220
0.0
230
1.0
  0
LINE
  5
87
100
AcDbEntity
  8
0
370
    35
390
0
 62
     7
 48
0.002484
100
AcDbLine
 10
-456.186445
 20
-168.238491
 30
0.0
 11
-456.21478
 21
-168.143269
 31
0.0
210
0.0
220
0.0
230
1.0
  0
LINE
  5
88
100
AcDbEntity
  8
0
370
    35
390
0
 62
     7
 48
0.1225
100
AcDbLine
 10
-479.662371
 20
-159.469746
 30
0.0
 11
-478.264867
 21
-164.166232
 31
0.0
210
0.0
220
0.0
230
1.0
  0
LINE
  5
89
100
AcDbEntity
  8
0
370
    35
390
0
 62
     7
 48
0.1225
100
AcDbLine
 10
-460.49304
 20
-153.765647
 30
0.0
 11
-459.095535
 21
-158.462133
 31
0.0
210
0.0
220
0.0
230
1.0
  0
LINE
  5
8A
100
AcDbEntity
  8
0
370
    35
390
0
 62
     7
100
AcDbLine
 10
-479.662371
 20
-159.469746
 30
0.0
 11
-460.49304
 21
-153.765647
 31
0.0
210
0.0
220
0.0
230
1.0
  0
LINE
  5
8B
100
AcDbEntity
  8
0
370
    35
390
0
 62
     7
100
AcDbLine
 10
-313.282856
 20
-130.827889
 30
0.0
 11
-274.944193
 21
-119.419691
 31
0.0
210
0.0
220
0.0
230
1.0
  0
LINE
  5
8C
100
AcDbEntity
  8
0
370
    35
390
0
 62
     7
100
AcDbLine
 10
-274.944193
 20
-119.419691
 30
0.0
 11
-250.98253
 21
-112.289567
 31
0.0
210
0.0
220
0.0
230
1.0
  0
LINE
  5
8D
100
AcDbEntity
  8
0
370
    35
390
0
 62
     7
 48
0.125
100
AcDbLine
 10
-250.98253
 20
-112.289567
 30
0.0
 11
-252.408552
 21
-107.497241
 31
0.0
210
0.0
220
0.0
230
1.0
  0
LINE
  5
8E
100
AcDbEntity
  8
0
370
    35
390
0
 62
     7
 48
0.125
100
AcDbLine
 10
-255.260602
 20
-97.912576
 30
0.0
 11
-256.686629
 21
-93.120236
 31
0.0
210
0.0
220
0.0
230
1.0
  0
LINE
  5
8F
100
AcDbEntity
  8
0
370
    35
390
0
 62
     7
 48
0.49663
100
AcDbLine
 10
-256.686629
 20
-93.120236
 30
0.0
 11
-275.726759
 21
-98.785889
 31
0.0
210
0.0
220
0.0
230
1.0
  0
LINE
  5
90
100
AcDbEntity
  8
0
370
    35
390
0
 62
     7
100
AcDbLine
 10
-275.726759
 20
-98.785889
 30
0.0
 11
-290.909208
 21
301.52767
 31
0.0
210
0.0
220
0.0
230
1.0
  0
LINE
  5
91
100
AcDbEntity
  8
0
370
    35
390
0
 62
     7
100
AcDbLine
 10
-490.909208
 20
301.52767
 30
0.0
 11
-290.909208
 21
301.52767
 31
0.0
210
0.0
220
0.0
230
1.0
  0
LINE
  5
92
100
AcDbEntity
  8
0
370
    35
390
0
 62
     7
100
AcDbLine
 10
-490.909208
 20
301.52767
 30
0.0
 11
-511.377147
 21
-168.906915
 31
0.0
210
0.0
220
0.0
230
1.0
  0
LINE
  5
93
100
AcDbEntity
  8
0
370
    35
390
0
 62
     7
100
AcDbLine
 10
-511.377147
 20
-168.906915
 30
0.0
 11
-541.962697
 21
-178.008068
 31
0.0
210
0.0
220
0.0
230
1.0
  0
LINE
  5
94
100
AcDbEntity
  8
0
370
    35
390
0
 62
     7
 48
0.5
100
AcDbLine
 10
-541.962697
 20
-178.008068
 30
0.0
 11
-536.258598
 21
-197.177399
 31
0.0
210
0.0
220
0.0
230
1.0
  0
LINE
  5
95
100
AcDbEntity
  8
0
370
    35
390
0
 62
     7
100
AcDbLine
 10
-512.296934
 20
-190.047275
 30
0.0
 11
-536.258598
 21
-197.177399
 31
0.0
210
0.0
220
0.0
230
1.0
  0
LINE
  5
96
100
AcDbEntity
  8
0
370
    35
390
0
 62
     7
100
AcDbLine
 10
-512.296934
 20
-190.047275
 30
0.0
 11
-473.958272
 21
-178.639077
 31
0.0
210
0.0
220
0.0
230
1.0
  0
LINE
  5
97
100
AcDbEntity
  8
0
370
    35
390
0
 62
     7
100
AcDbLine
 10
-454.788941
 20
-172.934978
 30
0.0
 11
-332.452187
 21
-136.531988
 31
0.0
210
0.0
220
0.0
230
1.0
  0
LINE
  5
98
100
AcDbEntity
  8
0
370
    35
390
0
 62
     7
100
AcDbLine
 10
-339.048836
 20
251.52767
 30
0.0
 11
-443.037334
 21
251.52767
 31
0.0
210
0.0
220
0.0
230
1.0
  0
LINE
  5
99
100
AcDbEntity
  8
0
370
    35
390
0
 62
     7
100
AcDbLine
 10
-326.378175
 20
-82.55792
 30
0.0
 11
-339.048836
 21
251.52767
 31
0.0
210
0.0
220
0.0
230
1.0
  0
LINE
  5
9A
100
AcDbEntity
  8
0
370
    35
390
0
 62
     7
100
AcDbLine
 10
-459.293724
 20
-122.108777
 30
0.0
 11
-326.378175
 21
-82.55792
 31
0.0
210
0.0
220
0.0
230
1.0
  0
LINE
  5
9B
100
AcDbEntity
  8
0
370
    35
390
0
 62
     7
100
AcDbLine
 10
-443.037334
 20
251.52767
 30
0.0
 11
-459.293724
 21
-122.108777
 31
0.0
210
0.0
220
0.0
230
1.0
  0
LINE
  5
9C
100
AcDbEntity
  8
0
370
    35
390
0
 62
     7
 48
0.132203
100
AcDbLine
 10
-75.680393
 20
-44.475998
 30
0.0
 11
-74.172201
 21
-49.544467
 31
0.0
210
0.0
220
0.0
230
1.0
  0
LINE
  5
9D
100
AcDbEntity
  8
0
370
    35
390
0
 62
     7
 48
0.132203
100
AcDbLine
 10
-516.575008
 20
-175.670276
 30
0.0
 11
-515.066815
 21
-180.738745
 31
0.0
210
0.0
220
0.0
230
1.0
  0
LINE
  5
9E
100
AcDbEntity
  8
0
370
    35
390
0
 62
     7
 48
0.117797
100
AcDbLine
 10
-74.172201
 20
-49.544467
 30
0.0
 11
-72.828344
 21
-54.060664
 31
0.0
210
0.0
220
0.0
230
1.0
  0
LINE
  5
9F
100
AcDbEntity
  8
0
370
    35
390
0
 62
     7
 48
0.117797
100
AcDbLine
 10
-515.066815
 20
-180.738745
 30
0.0
 11
-513.722959
 21
-185.254942
 31
0.0
210
0.0
220
0.0
230
1.0
  0
LINE
  5
A0
100
AcDbEntity
  8
0
370
    35
390
0
 62
     7
100
AcDbLine
 10
-75.680393
 20
-44.475998
 30
0.0
 11
-516.575008
 21
-175.670276
 31
0.0
210
0.0
220
0.0
230
1.0
  0
LINE
  5
A1
100
AcDbEntity
  8
0
370
    35
390
0
 62
     7
100
AcDbLine
 10
-72.828344
 20
-54.060664
 30
0.0
 11
-513.722959
 21
-185.254942
 31
0.0
210
0.0
220
0.0
230
1.0
  0
ENDBLK
  5
A2
100
AcDbEntity
  8
0
390
0
100
AcDbBlockEnd
  0
BLOCK
  5
A3
100
AcDbEntity
  8
0
370
     0
390
0
100
AcDbBlockBegin
  2
BLOCK27
 70
     0
 10
0.0
 20
0.0
 30
0.0
  3
BLOCK27
  1

  0
TEXT
  5
A4
100
AcDbEntity
  8
0
370
    13
390
0
 62
     7
100
AcDbText
 10
327.630219
 20
-369.816498
 30
0.0
 40
3.5
  1
Front view
 72
     5
 11
357.990448
 21
-369.816498
 31
0.0
100
AcDbText
  0
TEXT
  5
A5
100
AcDbEntity
  8
0
370
    13
390
0
 62
     7
100
AcDbText
 10
327.630219
 20
-375.863342
 30
0.0
 40
3.5
  1
Scale:
 72
     5
 11
345.846344
 21
-375.863342
 31
0.0
100
AcDbText
  0
TEXT
  5
A6
100
AcDbEntity
  8
0
370
    13
390
0
 62
     7
100
AcDbText
 10
345.846344
 20
-375.863342
 30
0.0
 40
3.5
  1
  1:1
 72
     5
 11
361.026489
 21
-375.863342
 31
0.0
100
AcDbText
  0
ENDBLK
  5
A7
100
AcDbEntity
  8
0
390
0
100
AcDbBlockEnd
  0
BLOCK
  5
A8
100
AcDbEntity
  8
0
370
     0
390
0
100
AcDbBlockBegin
  2
BLOCK28
 70
     0
 10
0.0
 20
0.0
 30
0.0
  3
BLOCK28
  1

  0
ARC
  5
A9
100
AcDbEntity
  8
0
370
    35
390
0
 62
     7
100
AcDbCircle
 10
500.0
 20
0.0
 30
0.0
 40
54.7
210
0.0
220
0.0
230
1.0
100
AcDbArc
 50
21.446436
 51
158.553564
  0
ARC
  5
AA
100
AcDbEntity
  8
0
370
    35
390
0
 62
     7
100
AcDbCircle
 10
500.0
 20
0.0
 30
0.0
 40
54.7
210
0.0
220
0.0
230
1.0
100
AcDbArc
 50
323.664977
 51
338.55363
  0
ARC
  5
AB
100
AcDbEntity
  8
0
370
    35
390
0
 62
     7
100
AcDbCircle
 10
500.0
 20
0.0
 30
0.0
 40
54.7
210
0.0
220
0.0
230
1.0
100
AcDbArc
 50
201.44637
 51
280.772171
  0
LINE
  5
AC
100
AcDbEntity
  8
0
370
    35
390
0
 62
     7
100
AcDbLine
 10
89.781574
 20
-305.148936
 30
0.0
 11
-14.004151
 21
-20.0
 31
0.0
210
0.0
220
0.0
230
1.0
  0
LINE
  5
AD
100
AcDbEntity
  8
0
370
    35
390
0
 62
     7
100
AcDbLine
 10
-270.862698
 20
685.713059
 30
0.0
 11
-14.004151
 21
-20.0
 31
0.0
210
0.0
220
0.0
230
1.0
  0
ARC
  5
AE
100
AcDbEntity
  8
0
370
    35
390
0
 62
     7
100
AcDbCircle
 10
-252.068846
 20
692.553462
 30
0.0
 40
20.0
210
0.0
220
0.0
230
1.0
100
AcDbArc
 50
20.0
 51
200.0
  0
LINE
  5
AF
100
AcDbEntity
  8
0
370
    35
390
0
 62
     7
100
AcDbLine
 10
9.214449
 20
33.159597
 30
0.0
 11
-233.274993
 21
699.393864
 31
0.0
210
0.0
220
0.0
230
1.0
  0
ARC
  5
B0
100
AcDbEntity
  8
0
370
    35
390
0
 62
     7
100
AcDbCircle
 10
28.008302
 20
40.0
 30
0.0
 40
20.0
210
0.0
220
0.0
230
1.0
100
AcDbArc
 50
200.0
 51
270.0
  0
LINE
  5
B1
100
AcDbEntity
  8
0
370
    35
390
0
 62
     7
100
AcDbLine
 10
551.715558
 20
20.0
 30
0.0
 11
28.008302
 21
20.0
 31
0.0
210
0.0
220
0.0
230
1.0
  0
ARC
  5
B2
100
AcDbEntity
  8
0
370
    35
390
0
 62
     7
100
AcDbCircle
 10
551.715558
 20
0.0
 30
0.0
 40
20.0
210
0.0
220
0.0
230
1.0
100
AcDbArc
 50
270.0
 51
450.0
  0
LINE
  5
B3
100
AcDbEntity
  8
0
370
    35
390
0
 62
     7
100
AcDbLine
 10
551.715558
 20
-20.0
 30
0.0
 11
429.151844
 21
-20.0
 31
0.0
210
0.0
220
0.0
230
1.0
  0
ARC
  5
B4
100
AcDbEntity
  8
0
370
    35
390
0
 62
     7
100
AcDbCircle
 10
429.151843
 20
-40.0
 30
0.0
 40
20.0
210
0.0
220
0.0
230
1.0
100
AcDbArc
 50
90.0
 51
180.0
  0
LINE
  5
B5
100
AcDbEntity
  8
0
370
    35
390
0
 62
     7
 48
0.495738
100
AcDbLine
 10
409.151843
 20
-59.829504
 30
0.0
 11
409.151843
 21
-40.0
 31
0.0
210
0.0
220
0.0
230
1.0
  0
LINE
  5
B6
100
AcDbEntity
  8
0
370
    35
390
0
 62
     7
100
AcDbLine
 10
409.151843
 20
-118.109452
 30
0.0
 11
409.151843
 21
-89.829504
 31
0.0
210
0.0
220
0.0
230
1.0
  0
ARC
  5
B7
100
AcDbEntity
  8
0
370
    35
390
0
 62
     7
100
AcDbCircle
 10
389.151843
 20
-118.109452
 30
0.0
 40
20.0
210
0.0
220
0.0
230
1.0
100
AcDbArc
 50
306.0
 51
360.0
  0
LINE
  5
B8
100
AcDbEntity
  8
0
370
    35
390
0
 62
     7
100
AcDbLine
 10
143.2433
 20
-321.493826
 30
0.0
 11
400.907549
 21
-134.289792
 31
0.0
210
0.0
220
0.0
230
1.0
  0
ARC
  5
B9
100
AcDbEntity
  8
0
370
    35
390
0
 62
     7
100
AcDbCircle
 10
122.670816
 20
-293.178231
 30
0.0
 40
35.0
210
0.0
220
0.0
230
1.0
100
AcDbArc
 50
200.0
 51
306.0
  0
ARC
  5
BA
100
AcDbEntity
  8
0
370
    35
390
0
 62
     7
100
AcDbCircle
 10
0.0
 20
0.0
 30
0.0
 40
10.0
210
0.0
220
0.0
230
1.0
100
AcDbArc
 50
0.0
 51
290.0
  0
ARC
  5
BB
100
AcDbEntity
  8
0
370
    35
390
0
 62
     7
100
AcDbCircle
 10
0.0
 20
0.0
 30
0.0
 40
10.0
210
0.0
220
0.0
230
1.0
100
AcDbArc
 50
290.0
 51
360.0
  0
CIRCLE
  5
BC
100
AcDbEntity
  8
0
370
    35
390
0
 62
     7
100
AcDbCircle
 10
-252.068846
 20
692.553462
 30
0.0
 40
10.0
210
0.0
220
0.0
230
1.0
  0
ARC
  5
BD
100
AcDbEntity
  8
0
370
    35
390
0
 62
     7
100
AcDbCircle
 10
0.0
 20
0.0
 30
0.0
 40
298.6
210
0.0
220
0.0
230
1.0
100
AcDbArc
 50
292.3023
 51
343.064733
  0
ARC
  5
BE
100
AcDbEntity
  8
0
370
    35
390
0
 62
     7
100
AcDbCircle
 10
0.0
 20
0.0
 30
0.0
 40
298.6
210
0.0
220
0.0
230
1.0
100
AcDbArc
 50
348.935272
 51
357.6977
  0
ARC
  5
BF
100
AcDbEntity
  8
0
370
    35
390
0
 62
     7
100
AcDbCircle
 10
118.060364
 20
-287.828005
 30
0.0
 40
12.5
210
0.0
220
0.0
230
1.0
100
AcDbArc
 50
112.3023
 51
292.3023
  0
ARC
  5
C0
100
AcDbEntity
  8
0
370
    35
390
0
 62
     7
100
AcDbCircle
 10
0.0
 20
0.0
 30
0.0
 40
323.6
210
0.0
220
0.0
230
1.0
100
AcDbArc
 50
348.81958
 51
357.6977
  0
ARC
  5
C1
100
AcDbEntity
  8
0
370
    35
390
0
 62
     7
100
AcDbCircle
 10
0.0
 20
0.0
 30
0.0
 40
323.6
210
0.0
220
0.0
230
1.0
100
AcDbArc
 50
292.3023
 51
343.180425
  0
ARC
  5
C2
100
AcDbEntity
  8
0
370
    35
390
0
 62
     7
100
AcDbCircle
 10
310.848875
 20
-12.497477
 30
0.0
 40
12.5
210
0.0
220
0.0
230
1.0
100
AcDbArc
 50
357.6977
 51
537.6977
  0
LINE
  5
C3
100
AcDbEntity
  8
0
370
    35
390
0
 62
     7
100
AcDbLine
 10
3.420201
 20
-9.396926
 30
0.0
 11
99.562064
 21
-273.544522
 31
0.0
210
0.0
220
0.0
230
1.0
  0
LINE
  5
C4
100
AcDbEntity
  8
0
370
    35
390
0
 62
     7
100
AcDbLine
 10
291.1
 20
0.0
 30
0.0
 11
10.0
 21
0.0
 31
0.0
210
0.0
220
0.0
230
1.0
  0
ARC
  5
C5
100
AcDbEntity
  8
0
370
    35
390
0
 62
     7
100
AcDbCircle
 10
0.0
 20
0.0
 30
0.0
 40
291.1
210
0.0
220
0.0
230
1.0
100
AcDbArc
 50
290.0
 51
360.0
  0
CIRCLE
  5
C6
100
AcDbEntity
  8
0
370
    35
390
0
 62
     7
100
AcDbCircle
 10
0.0
 20
0.0
 30
0.0
 40
9.95
210
0.0
220
0.0
230
1.0
  0
CIRCLE
  5
C7
100
AcDbEntity
  8
0
370
    35
390
0
 62
     7
100
AcDbCircle
 10
301.859
 20
-75.261902
 30
0.0
 40
20.0
210
0.0
220
0.0
230
1.0
  0
ARC
  5
C8
100
AcDbEntity
  8
0
370
    35
390
0
 62
     7
100
AcDbCircle
 10
301.859
 20
-75.261902
 30
0.0
 40
30.0
210
0.0
220
0.0
230
1.0
100
AcDbArc
 50
53.86319
 51
103.162372
  0
ARC
  5
C9
100
AcDbEntity
  8
0
370
    35
390
0
 62
     7
100
AcDbCircle
 10
301.859
 20
-75.261902
 30
0.0
 40
30.0
210
0.0
220
0.0
230
1.0
100
AcDbArc
 50
228.837613
 51
278.136795
  0
ARC
  5
CA
100
AcDbEntity
  8
0
370
    35
390
0
 62
     7
100
AcDbCircle
 10
706.329301
 20
-327.409865
 30
0.0
 40
20.0
210
0.0
220
0.0
230
1.0
100
AcDbArc
 50
268.46858
 51
270.060063
  0
LINE
  5
CB
100
AcDbEntity
  8
0
370
    35
390
0
 62
     7
100
AcDbLine
 10
532.965022
 20
-89.822789
 30
0.0
 11
689.403266
 21
-338.063946
 31
0.0
210
0.0
220
0.0
230
1.0
  0
LINE
  5
CC
100
AcDbEntity
  8
0
370
    35
390
0
 62
     7
100
AcDbLine
 10
488.96363
 20
-19.999989
 30
0.0
 11
514.060069
 21
-59.823813
 31
0.0
210
0.0
220
0.0
230
1.0
  0
LINE
  5
CD
100
AcDbEntity
  8
0
370
    35
390
0
 62
     7
100
AcDbLine
 10
717.365656
 20
-307.409854
 30
0.0
 11
536.243819
 21
-19.999989
 31
0.0
210
0.0
220
0.0
230
1.0
  0
ARC
  5
CE
100
AcDbEntity
  8
0
370
    35
390
0
 62
     7
100
AcDbCircle
 10
397.151844
 20
-74.83016
 30
0.0
 40
6.0
210
0.0
220
0.0
230
1.0
100
AcDbArc
 50
270.003103
 51
450.003103
  0
LINE
  5
CF
100
AcDbEntity
  8
0
370
    35
390
0
 62
     7
100
AcDbLine
 10
417.152656
 20
-89.829077
 30
0.0
 11
417.151031
 21
-59.829077
 31
0.0
210
0.0
220
0.0
230
1.0
  0
ARC
  5
D0
100
AcDbEntity
  8
0
370
    35
390
0
 62
     7
100
AcDbCircle
 10
419.15114
 20
-61.828968
 30
0.0
 40
2.0
210
0.0
220
0.0
230
1.0
100
AcDbArc
 50
180.003103
 51
270.003103
  0
LINE
  5
D1
100
AcDbEntity
  8
0
370
    13
390
0
 62
     7
100
AcDbLine
 10
419.152439
 20
-85.828968
 30
0.0
 11
419.151321
 21
-65.17556
 31
0.0
210
0.0
220
0.0
230
1.0
  0
LINE
  5
D2
100
AcDbEntity
  8
0
370
    13
390
0
 62
     7
 48
0.033665
100
AcDbLine
 10
419.151321
 20
-65.17556
 30
0.0
 11
419.151248
 21
-63.828968
 31
0.0
210
0.0
220
0.0
230
1.0
  0
LINE
  5
D3
100
AcDbEntity
  8
0
370
    35
390
0
 62
     7
100
AcDbLine
 10
497.152439
 20
-85.824745
 30
0.0
 11
497.151321
 21
-65.171337
 31
0.0
210
0.0
220
0.0
230
1.0
  0
LINE
  5
D4
100
AcDbEntity
  8
0
370
    35
390
0
 62
     7
 48
0.033665
100
AcDbLine
 10
497.151321
 20
-65.171337
 30
0.0
 11
497.151248
 21
-63.824745
 31
0.0
210
0.0
220
0.0
230
1.0
  0
ARC
  5
D5
100
AcDbEntity
  8
0
370
    35
390
0
 62
     7
100
AcDbCircle
 10
392.151844
 20
-74.83043
 30
0.0
 40
15.0
210
0.0
220
0.0
230
1.0
100
AcDbArc
 50
90.003103
 51
270.003103
  0
LINE
  5
D6
100
AcDbEntity
  8
0
370
    35
390
0
 62
     7
100
AcDbLine
 10
392.152656
 20
-89.83043
 30
0.0
 11
417.152656
 21
-89.829077
 31
0.0
210
0.0
220
0.0
230
1.0
  0
LINE
  5
D7
100
AcDbEntity
  8
0
370
    35
390
0
 62
     7
100
AcDbLine
 10
392.151031
 20
-59.83043
 30
0.0
 11
417.151031
 21
-59.829077
 31
0.0
210
0.0
220
0.0
230
1.0
  0
ARC
  5
D8
100
AcDbEntity
  8
0
370
    35
390
0
 62
     7
100
AcDbCircle
 10
419.152547
 20
-87.828968
 30
0.0
 40
2.0
210
0.0
220
0.0
230
1.0
100
AcDbArc
 50
90.003102
 51
180.003103
  0
LINE
  5
D9
100
AcDbEntity
  8
0
370
    35
390
0
 62
     7
100
AcDbLine
 10
419.152439
 20
-85.828968
 30
0.0
 11
497.152439
 21
-85.824745
 31
0.0
210
0.0
220
0.0
230
1.0
  0
LINE
  5
DA
100
AcDbEntity
  8
0
370
    35
390
0
 62
     7
100
AcDbLine
 10
419.151248
 20
-63.828968
 30
0.0
 11
497.151248
 21
-63.824745
 31
0.0
210
0.0
220
0.0
230
1.0
  0
LINE
  5
DB
100
AcDbEntity
  8
0
370
    13
390
0
 62
     7
 48
0.065072
100
AcDbLine
 10
502.152114
 20
-79.824474
 30
0.0
 11
502.151973
 21
-77.221602
 31
0.0
210
0.0
220
0.0
230
1.0
  0
LINE
  5
DC
100
AcDbEntity
  8
0
370
    13
390
0
 62
     7
 48
0.184928
100
AcDbLine
 10
502.151973
 20
-77.221602
 30
0.0
 11
502.151573
 21
-69.824474
 31
0.0
210
0.0
220
0.0
230
1.0
  0
ARC
  5
DD
100
AcDbEntity
  8
0
370
    35
390
0
 62
     7
100
AcDbCircle
 10
547.151843
 20
-74.822037
 30
0.0
 40
6.0
210
0.0
220
0.0
230
1.0
100
AcDbArc
 50
270.003103
 51
450.003103
  0
LINE
  5
DE
100
AcDbEntity
  8
0
370
    35
390
0
 62
     7
100
AcDbLine
 10
507.151031
 20
-59.824203
 30
0.0
 11
507.152656
 21
-89.824203
 31
0.0
210
0.0
220
0.0
230
1.0
  0
LINE
  5
DF
100
AcDbEntity
  8
0
370
    35
390
0
 62
     7
100
AcDbLine
 10
552.152656
 20
-89.821767
 30
0.0
 11
507.152656
 21
-89.824203
 31
0.0
210
0.0
220
0.0
230
1.0
  0
ARC
  5
E0
100
AcDbEntity
  8
0
370
    35
390
0
 62
     7
100
AcDbCircle
 10
552.151843
 20
-74.821767
 30
0.0
 40
15.0
210
0.0
220
0.0
230
1.0
100
AcDbArc
 50
270.003103
 51
450.003103
  0
LINE
  5
E1
100
AcDbEntity
  8
0
370
    35
390
0
 62
     7
100
AcDbLine
 10
552.151031
 20
-59.821767
 30
0.0
 11
507.151031
 21
-59.824203
 31
0.0
210
0.0
220
0.0
230
1.0
  0
LINE
  5
E2
100
AcDbEntity
  8
0
370
    35
390
0
 62
     7
 48
0.125
100
AcDbLine
 10
497.152114
 20
-79.824745
 30
0.0
 11
502.152114
 21
-79.824474
 31
0.0
210
0.0
220
0.0
230
1.0
  0
LINE
  5
E3
100
AcDbEntity
  8
0
370
    35
390
0
 62
     7
 48
0.125
100
AcDbLine
 10
497.151573
 20
-69.824745
 30
0.0
 11
502.151573
 21
-69.824474
 31
0.0
210
0.0
220
0.0
230
1.0
  0
ARC
  5
E4
100
AcDbEntity
  8
0
370
    35
390
0
 62
     7
100
AcDbCircle
 10
502.152383
 20
-84.824476
 30
0.0
 40
5.000002
210
0.0
220
0.0
230
1.0
100
AcDbArc
 50
0.136629
 51
90.003081
  0
ARC
  5
E5
100
AcDbEntity
  8
0
370
    35
390
0
 62
     7
100
AcDbCircle
 10
502.1513
 20
-64.824472
 30
0.0
 40
5.000002
210
0.0
220
0.0
230
1.0
100
AcDbArc
 50
270.003124
 51
359.869573
  0
CIRCLE
  5
E6
100
AcDbEntity
  8
0
370
    35
390
0
 62
     7
100
AcDbCircle
 10
397.151843
 20
-74.83016
 30
0.0
 40
6.0
210
0.0
220
0.0
230
1.0
  0
CIRCLE
  5
E7
100
AcDbEntity
  8
0
370
    35
390
0
 62
     7
100
AcDbCircle
 10
547.151843
 20
-74.822037
 30
0.0
 40
6.0
210
0.0
220
0.0
230
1.0
  0
ARC
  5
E8
100
AcDbEntity
  8
0
370
    35
390
0
 62
     7
100
AcDbCircle
 10
706.329301
 20
-327.409865
 30
0.0
 40
30.55
210
0.0
220
0.0
230
1.0
100
AcDbArc
 50
163.112805
 51
319.105858
  0
ARC
  5
E9
100
AcDbEntity
  8
0
370
    35
390
0
 62
     7
100
AcDbCircle
 10
706.329301
 20
-327.409865
 30
0.0
 40
30.55
210
0.0
220
0.0
230
1.0
100
AcDbArc
 50
40.894287
 51
81.324377
  0
ARC
  5
EA
100
AcDbEntity
  8
0
370
    35
390
0
 62
     7
100
AcDbCircle
 10
907.329301
 20
-327.409865
 30
0.0
 40
20.0
210
0.0
220
0.0
230
1.0
100
AcDbArc
 50
270.0
 51
450.0
  0
LINE
  5
EB
100
AcDbEntity
  8
0
370
    35
390
0
 62
     7
100
AcDbLine
 10
706.329301
 20
-347.409865
 30
0.0
 11
907.329301
 21
-347.409865
 31
0.0
210
0.0
220
0.0
230
1.0
  0
ARC
  5
EC
100
AcDbEntity
  8
0
370
    35
390
0
 62
     7
100
AcDbCircle
 10
706.329301
 20
-327.409865
 30
0.0
 40
20.0
210
0.0
220
0.0
230
1.0
100
AcDbArc
 50
90.0
 51
270.0
  0
LINE
  5
ED
100
AcDbEntity
  8
0
370
    35
390
0
 62
     7
100
AcDbLine
 10
762.808261
 20
-307.409865
 30
0.0
 11
706.329301
 21
-307.409865
 31
0.0
210
0.0
220
0.0
230
1.0
  0
ARC
  5
EE
100
AcDbEntity
  8
0
370
    35
390
0
 62
     7
100
AcDbCircle
 10
762.808261
 20
-297.409865
 30
0.0
 40
10.0
210
0.0
220
0.0
230
1.0
100
AcDbArc
 50
270.0
 51
331.0
  0
LINE
  5
EF
100
AcDbEntity
  8
0
370
    35
390
0
 62
     7
100
AcDbLine
 10
819.557405
 20
-215.658353
 30
0.0
 11
771.554458
 21
-302.257961
 31
0.0
210
0.0
220
0.0
230
1.0
  0
LINE
  5
F0
100
AcDbEntity
  8
0
370
    35
390
0
 62
     7
 48
0.25
100
AcDbLine
 10
828.303602
 20
-220.50645
 30
0.0
 11
819.557405
 21
-215.658353
 31
0.0
210
0.0
220
0.0
230
1.0
  0
LINE
  5
F1
100
AcDbEntity
  8
0
370
    35
390
0
 62
     7
100
AcDbLine
 10
828.303602
 20
-220.50645
 30
0.0
 11
788.362686
 21
-292.561769
 31
0.0
210
0.0
220
0.0
230
1.0
  0
ARC
  5
F2
100
AcDbEntity
  8
0
370
    35
390
0
 62
     7
100
AcDbCircle
 10
797.108883
 20
-297.409865
 30
0.0
 40
10.0
210
0.0
220
0.0
230
1.0
100
AcDbArc
 50
151.0
 51
270.0
  0
LINE
  5
F3
100
AcDbEntity
  8
0
370
    35
390
0
 62
     7
100
AcDbLine
 10
907.329301
 20
-307.409865
 30
0.0
 11
797.108883
 21
-307.409865
 31
0.0
210
0.0
220
0.0
230
1.0
  0
CIRCLE
  5
F4
100
AcDbEntity
  8
0
370
    35
390
0
 62
     7
100
AcDbCircle
 10
907.329301
 20
-327.409865
 30
0.0
 40
10.0
210
0.0
220
0.0
230
1.0
  0
LINE
  5
F5
100
AcDbEntity
  8
0
370
    35
390
0
 62
     7
100
AcDbLine
 10
273.825257
 20
-119.086735
 30
0.0
 11
297.949655
 21
-126.265283
 31
0.0
210
0.0
220
0.0
230
1.0
  0
LINE
  5
F6
100
AcDbEntity
  8
0
370
    35
390
0
 62
     7
100
AcDbLine
 10
378.827693
 20
-150.33166
 30
0.0
 11
536.258598
 21
-197.177399
 31
0.0
210
0.0
220
0.0
230
1.0
  0
LINE
  5
F7
100
AcDbEntity
  8
0
370
    35
390
0
 62
     7
 48
0.5
100
AcDbLine
 10
536.258598
 20
-197.177399
 30
0.0
 11
541.962697
 21
-178.008068
 31
0.0
210
0.0
220
0.0
230
1.0
  0
LINE
  5
F8
100
AcDbEntity
  8
0
370
    35
390
0
 62
     7
100
AcDbLine
 10
541.962697
 20
-178.008068
 30
0.0
 11
399.203179
 21
-135.528003
 31
0.0
210
0.0
220
0.0
230
1.0
  0
LINE
  5
F9
100
AcDbEntity
  8
0
370
    35
390
0
 62
     7
100
AcDbLine
 10
305.202334
 20
-107.556753
 30
0.0
 11
281.208688
 21
-100.417113
 31
0.0
210
0.0
220
0.0
230
1.0
  0
LINE
  5
FA
100
AcDbEntity
  8
0
370
    35
390
0
 62
     7
100
AcDbLine
 10
280.231882
 20
20.00007
 30
0.0
 11
290.909208
 21
301.52767
 31
0.0
210
0.0
220
0.0
230
1.0
  0
LINE
  5
FB
100
AcDbEntity
  8
0
370
    35
390
0
 62
     7
100
AcDbLine
 10
490.909208
 20
301.52767
 30
0.0
 11
290.909208
 21
301.52767
 31
0.0
210
0.0
220
0.0
230
1.0
  0
LINE
  5
FC
100
AcDbEntity
  8
0
370
    35
390
0
 62
     7
100
AcDbLine
 10
490.909208
 20
301.52767
 30
0.0
 11
501.649409
 21
54.675166
 31
0.0
210
0.0
220
0.0
230
1.0
  0
LINE
  5
FD
100
AcDbEntity
  8
0
370
    35
390
0
 62
     7
 48
0.300751
100
AcDbLine
 10
506.39186
 20
-54.325218
 30
0.0
 11
506.914775
 21
-66.34388
 31
0.0
210
0.0
220
0.0
230
1.0
  0
LINE
  5
FE
100
AcDbEntity
  8
0
370
    35
390
0
 62
     7
100
AcDbLine
 10
507.936366
 20
-89.824086
 30
0.0
 11
511.377147
 21
-168.906915
 31
0.0
210
0.0
220
0.0
230
1.0
  0
LINE
  5
FF
100
AcDbEntity
  8
0
370
    35
390
0
 62
     7
100
AcDbLine
 10
339.048836
 20
251.52767
 30
0.0
 11
443.037334
 21
251.52767
 31
0.0
210
0.0
220
0.0
230
1.0
  0
LINE
  5
100
100
AcDbEntity
  8
0
370
    35
390
0
 62
     7
100
AcDbLine
 10
330.267829
 20
20.00007
 30
0.0
 11
339.048836
 21
251.52767
 31
0.0
210
0.0
220
0.0
230
1.0
  0
LINE
  5
101
100
AcDbEntity
  8
0
370
    35
390
0
 62
     7
100
AcDbLine
 10
459.293724
 20
-122.108777
 30
0.0
 11
409.151779
 21
-107.188349
 31
0.0
210
0.0
220
0.0
230
1.0
  0
LINE
  5
102
100
AcDbEntity
  8
0
370
    35
390
0
 62
     7
100
AcDbLine
 10
443.037334
 20
251.52767
 30
0.0
 11
452.779655
 21
27.610411
 31
0.0
210
0.0
220
0.0
230
1.0
  0
LINE
  5
103
100
AcDbEntity
  8
0
370
    35
390
0
 62
     7
100
AcDbLine
 10
455.35613
 20
-31.607209
 30
0.0
 11
456.757961
 21
-63.826872
 31
0.0
210
0.0
220
0.0
230
1.0
  0
LINE
  5
104
100
AcDbEntity
  8
0
370
    35
390
0
 62
     7
100
AcDbLine
 10
457.715148
 20
-85.82682
 30
0.0
 11
459.293724
 21
-122.108777
 31
0.0
210
0.0
220
0.0
230
1.0
  0
ARC
  5
105
100
AcDbEntity
  8
0
370
    35
390
0
 62
     7
100
AcDbCircle
 10
301.859
 20
-75.261902
 30
0.0
 40
25.0
210
0.0
220
0.0
230
1.0
100
AcDbArc
 50
47.974547
 51
108.014655
  0
ARC
  5
106
100
AcDbEntity
  8
0
370
    35
390
0
 62
     7
100
AcDbCircle
 10
301.859
 20
-75.261902
 30
0.0
 40
25.0
210
0.0
220
0.0
230
1.0
100
AcDbArc
 50
223.985338
 51
284.025445
  0
ENDBLK
  5
107
100
AcDbEntity
  8
0
390
0
100
AcDbBlockEnd
  0
BLOCK
  5
108
100
AcDbEntity
  8
0
370
     0
390
0
100
AcDbBlockBegin
  2
BLOCK29
 70
     0
 10
0.0
 20
0.0
 30
0.0
  3
BLOCK29
  1

  0
TEXT
  5
109
100
AcDbEntity
  8
0
370
    13
390
0
 62
     7
100
AcDbText
 10
340.357422
 20
-571.920959
 30
0.0
 40
3.5
  1
Isometric view
 72
     5
 11
382.861755
 21
-571.920959
 31
0.0
100
AcDbText
  0
TEXT
  5
10A
100
AcDbEntity
  8
0
370
    13
390
0
 62
     7
100
AcDbText
 10
340.357422
 20
-577.967773
 30
0.0
 40
3.5
  1
Scale:
 72
     5
 11
358.573547
 21
-577.967773
 31
0.0
100
AcDbText
  0
TEXT
  5
10B
100
AcDbEntity
  8
0
370
    13
390
0
 62
     7
100
AcDbText
 10
358.573547
 20
-577.967773
 30
0.0
 40
3.5
  1
  1:1
 72
     5
 11
373.753662
 21
-577.967773
 31
0.0
100
AcDbText
  0
ENDBLK
  5
10C
100
AcDbEntity
  8
0
390
0
100
AcDbBlockEnd
  0
BLOCK
  5
10D
100
AcDbEntity
  8
0
370
     0
390
0
100
AcDbBlockBegin
  2
BLOCK30
 70
     0
 10
0.0
 20
0.0
 30
0.0
  3
BLOCK30
  1

  0
ELLIPSE
  5
10E
100
AcDbEntity
  8
0
370
    35
390
0
 62
     7
100
AcDbEllipse
 10
464.106018
 20
-112.083084
 30
0.0
 11
9.3601760864257812
 21
-53.893199920654297
 31
0.0
210
0.0
220
0.0
230
1.0
 40
0.645216
 41
3.1416214489507031
 42
4.2035889535896835
  0
ELLIPSE
  5
10F
100
AcDbEntity
  8
0
370
    35
390
0
 62
     7
100
AcDbEllipse
 10
464.106018
 20
-112.083084
 30
0.0
 11
9.3601760864257812
 21
-53.893199920654297
 31
0.0
210
0.0
220
0.0
230
1.0
 40
0.645216
 41
1.1813308496835166
 42
3.1416214489507031
  0
ELLIPSE
  5
110
100
AcDbEntity
  8
0
370
    35
390
0
 62
     7
100
AcDbEllipse
 10
464.106018
 20
-112.083084
 30
0.0
 11
9.3601760864257812
 21
-53.893199920654297
 31
0.0
210
0.0
220
0.0
230
1.0
 40
0.645216
 41
0.2186325820991286
 42
1.1813308496835166
  0
ELLIPSE
  5
111
100
AcDbEntity
  8
0
370
    35
390
0
 62
     7
100
AcDbEllipse
 10
464.106018
 20
-112.083084
 30
0.0
 11
9.3601760864257812
 21
-53.893199920654297
 31
0.0
210
0.0
220
0.0
230
1.0
 40
0.645216
 41
5.0905133898731822
 42
5.3391399382744495
  0
ELLIPSE
  5
112
100
AcDbEntity
  8
0
370
    35
390
0
 62
     7
100
AcDbEllipse
 10
464.106018
 20
-112.083084
 30
0.0
 11
1.7111839056015015
 21
-9.8525047302246094
 31
0.0
210
0.0
220
0.0
230
1.0
 40
0.645216
 41
1.8905109097325619
 42
3.1415728069774742
  0
ELLIPSE
  5
113
100
AcDbEntity
  8
0
370
    35
390
0
 62
     7
100
AcDbEllipse
 10
482.924316
 20
-108.81472
 30
0.0
 11
9.3601760864257812
 21
-53.893199920654297
 31
0.0
210
0.0
220
0.0
230
1.0
 40
0.645216
 41
1.1813308496835166
 42
3.1416214489507031
  0
ELLIPSE
  5
114
100
AcDbEntity
  8
0
370
    35
390
0
 62
     7
100
AcDbEllipse
 10
482.924316
 20
-108.81472
 30
0.0
 11
9.3601760864257812
 21
-53.893199920654297
 31
0.0
210
0.0
220
0.0
230
1.0
 40
0.645216
 41
0.0000287953609115
 42
1.1813308496835166
  0
ELLIPSE
  5
115
100
AcDbEntity
  8
0
370
    35
390
0
 62
     7
100
AcDbEllipse
 10
7.902456
 20
748.795288
 30
0.0
 11
3.4223678112030029
 21
-19.705009460449219
 31
0.0
210
0.0
220
0.0
230
1.0
 40
0.645216
 41
1.5303967000823835
 42
3.1416354330632115
  0
LINE
  5
116
100
AcDbEntity
  8
0
370
    35
390
0
 62
     7
100
AcDbLine
 10
123.763442
 20
49.07978
 30
0.0
 11
20.744287
 21
750.205779
 31
0.0
210
0.0
220
0.0
230
1.0
  0
ELLIPSE
  5
117
100
AcDbEntity
  8
0
370
    35
390
0
 62
     7
100
AcDbEllipse
 10
136.60527
 20
50.490284
 30
0.0
 11
3.4223678112030029
 21
-19.705009460449219
 31
0.0
210
0.0
220
0.0
230
1.0
 40
0.645216
 41
4.671989353672175
 42
5.8937198300682052
  0
LINE
  5
118
100
AcDbEntity
  8
0
370
    35
390
0
 62
     7
100
AcDbLine
 10
476.959054
 20
-111.001584
 30
0.0
 11
134.943925
 21
31.422515
 31
0.0
210
0.0
220
0.0
230
1.0
  0
ELLIPSE
  5
119
100
AcDbEntity
  8
0
370
    35
390
0
 62
     7
100
AcDbEllipse
 10
475.297699
 20
-130.069351
 30
0.0
 11
3.4223678112030029
 21
-19.705009460449219
 31
0.0
210
0.0
220
0.0
230
1.0
 40
0.645216
 41
0.0000066403214952
 42
2.7521271764784139
  0
ELLIPSE
  5
11A
100
AcDbEntity
  8
0
370
    35
390
0
 62
     7
100
AcDbEllipse
 10
391.932892
 20
-134.873245
 30
0.0
 11
3.4223678112030029
 21
-19.705009460449219
 31
0.0
210
0.0
220
0.0
230
1.0
 40
0.645216
 41
3.4421213973005744
 42
4.3229235032733095
  0
LINE
  5
11B
100
AcDbEntity
  8
0
370
    35
390
0
 62
     7
100
AcDbLine
 10
377.122148
 20
-149.512822
 30
0.0
 11
378.871572
 21
-129.434174
 31
0.0
210
0.0
220
0.0
230
1.0
  0
LINE
  5
11C
100
AcDbEntity
  8
0
370
    35
390
0
 62
     7
100
AcDbLine
 10
372.383225
 20
-203.902829
 30
0.0
 11
374.459628
 21
-180.071346
 31
0.0
210
0.0
220
0.0
230
1.0
  0
ELLIPSE
  5
11D
100
AcDbEntity
  8
0
370
    35
390
0
 62
     7
100
AcDbEllipse
 10
359.32193
 20
-198.46376
 30
0.0
 11
3.4223678112030029
 21
-19.705009460449219
 31
0.0
210
0.0
220
0.0
230
1.0
 40
0.645216
 41
0.2388530536065793
 42
1.1813308496835171
  0
LINE
  5
11E
100
AcDbEntity
  8
0
370
    35
390
0
 62
     7
100
AcDbLine
 10
181.832931
 20
-325.492361
 30
0.0
 11
365.655102
 21
-217.086914
 31
0.0
210
0.0
220
0.0
230
1.0
  0
ELLIPSE
  5
11F
100
AcDbEntity
  8
0
370
    35
390
0
 62
     7
100
AcDbEllipse
 10
170.749847
 20
-292.901825
 30
0.0
 11
5.9891438484191895
 21
-34.483768463134766
 31
0.0
210
0.0
220
0.0
230
1.0
 40
0.645216
 41
0.0000374130728608
 42
0.2388530536065781
  0
ELLIPSE
  5
120
100
AcDbEntity
  8
0
370
    35
390
0
 62
     7
100
AcDbEllipse
 10
7.902456
 20
748.795288
 30
0.0
 11
1.7111839056015015
 21
-9.8525047302246094
 31
0.0
210
0.0
220
0.0
230
1.0
 40
0.645216
 41
4.3229235032733095
 42
5.649584586498996
  0
ELLIPSE
  5
121
100
AcDbEntity
  8
0
370
    35
390
0
 62
     7
100
AcDbEllipse
 10
7.902456
 20
748.795288
 30
0.0
 11
1.7111839056015015
 21
-9.8525047302246094
 31
0.0
210
0.0
220
0.0
230
1.0
 40
0.645216
 41
3.7751933029682392
 42
4.3229235032733095
  0
ELLIPSE
  5
122
100
AcDbEntity
  8
0
370
    35
390
0
 62
     7
100
AcDbEllipse
 10
114.991325
 20
19.971704
 30
0.0
 11
51.095951080322266
 21
-294.19580078125
 31
0.0
210
0.0
220
0.0
230
1.0
 40
0.645216
 41
0.0000000451638008
 42
0.8175765419005985
  0
ELLIPSE
  5
123
100
AcDbEntity
  8
0
370
    35
390
0
 62
     7
100
AcDbEllipse
 10
114.991325
 20
19.971704
 30
0.0
 11
51.095951080322266
 21
-294.19580078125
 31
0.0
210
0.0
220
0.0
230
1.0
 40
0.645216
 41
0.9685103400702037
 42
1.1411481399334931
  0
ELLIPSE
  5
124
100
AcDbEntity
  8
0
370
    35
390
0
 62
     7
100
AcDbEllipse
 10
168.18335
 20
-286.54715
 30
0.0
 11
2.1389799118041992
 21
-12.315630912780762
 31
0.0
210
0.0
220
0.0
230
1.0
 40
0.645216
 41
3.1413757366273023
 42
6.1282314613967888
  0
ELLIPSE
  5
125
100
AcDbEntity
  8
0
370
    35
390
0
 62
     7
100
AcDbEllipse
 10
316.957855
 20
-76.479736
 30
0.0
 11
2.1389799118041992
 21
-12.315630912780762
 31
0.0
210
0.0
220
0.0
230
1.0
 40
0.645216
 41
3.6350120914295303
 42
4.2827407935232857
  0
LINE
  5
126
100
AcDbEntity
  8
0
370
    35
390
0
 62
     7
100
AcDbLine
 10
140.749332
 20
-296.677565
 30
0.0
 11
137.0721
 21
-271.651128
 31
0.0
210
0.0
220
0.0
230
1.0
  0
LINE
  5
127
100
AcDbEntity
  8
0
370
    35
390
0
 62
     7
100
AcDbLine
 10
-12.466693
 20
746.077423
 30
0.0
 11
93.292685
 21
26.302062
 31
0.0
210
0.0
220
0.0
230
1.0
  0
ELLIPSE
  5
128
100
AcDbEntity
  8
0
370
    35
390
0
 62
     7
100
AcDbEllipse
 10
0.375138
 20
747.487915
 30
0.0
 11
3.4223678112030029
 21
-19.705009460449219
 31
0.0
210
0.0
220
0.0
230
1.0
 40
0.645216
 41
3.1416354330632097
 42
4.671989353672175
  0
ELLIPSE
  5
129
100
AcDbEntity
  8
0
370
    35
390
0
 62
     7
100
AcDbEllipse
 10
0.375138
 20
747.487915
 30
0.0
 11
3.4223678112030029
 21
-19.705009460449219
 31
0.0
210
0.0
220
0.0
230
1.0
 40
0.645216
 41
3.1011930268772785
 42
3.1416354330632097
  0
ELLIPSE
  5
12A
100
AcDbEntity
  8
0
370
    35
390
0
 62
     7
100
AcDbEllipse
 10
0.375138
 20
747.487915
 30
0.0
 11
3.4223678112030029
 21
-19.705009460449219
 31
0.0
210
0.0
220
0.0
230
1.0
 40
0.645216
 41
1.5303967000823835
 42
3.1011930268772807
  0
LINE
  5
12B
100
AcDbEntity
  8
0
370
    13
390
0
 62
     7
 48
0.191
100
AcDbLine
 10
13.216968
 20
748.898433
 30
0.0
 11
20.744287
 21
750.205779
 31
0.0
210
0.0
220
0.0
230
1.0
  0
LINE
  5
12C
100
AcDbEntity
  8
0
370
    35
390
0
 62
     7
100
AcDbLine
 10
116.236123
 20
47.772435
 30
0.0
 11
13.216968
 21
748.898433
 31
0.0
210
0.0
220
0.0
230
1.0
  0
LINE
  5
12D
100
AcDbEntity
  8
0
370
    13
390
0
 62
     7
 48
0.191
100
AcDbLine
 10
116.236123
 20
47.772435
 30
0.0
 11
123.763442
 21
49.07978
 31
0.0
210
0.0
220
0.0
230
1.0
  0
ELLIPSE
  5
12E
100
AcDbEntity
  8
0
370
    35
390
0
 62
     7
100
AcDbEllipse
 10
129.077957
 20
49.182941
 30
0.0
 11
3.4223678112030029
 21
-19.705009460449219
 31
0.0
210
0.0
220
0.0
230
1.0
 40
0.645216
 41
4.671989353672175
 42
5.8937198300682052
  0
LINE
  5
12F
100
AcDbEntity
  8
0
370
    13
390
0
 62
     7
 48
0.191
100
AcDbLine
 10
127.416606
 20
30.115169
 30
0.0
 11
134.943925
 21
31.422515
 31
0.0
210
0.0
220
0.0
230
1.0
  0
LINE
  5
130
100
AcDbEntity
  8
0
370
    13
390
0
 62
     7
 48
0.191
100
AcDbLine
 10
469.431735
 20
-112.308929
 30
0.0
 11
476.959054
 21
-111.001584
 31
0.0
210
0.0
220
0.0
230
1.0
  0
LINE
  5
131
100
AcDbEntity
  8
0
370
    35
390
0
 62
     7
100
AcDbLine
 10
469.431735
 20
-112.308929
 30
0.0
 11
127.416606
 21
30.115169
 31
0.0
210
0.0
220
0.0
230
1.0
  0
ELLIPSE
  5
132
100
AcDbEntity
  8
0
370
    35
390
0
 62
     7
100
AcDbEllipse
 10
467.770386
 20
-131.376694
 30
0.0
 11
3.4223678112030029
 21
-19.705009460449219
 31
0.0
210
0.0
220
0.0
230
1.0
 40
0.645216
 41
0.0000066403214952
 42
2.7521271764784139
  0
ELLIPSE
  5
133
100
AcDbEntity
  8
0
370
    35
390
0
 62
     7
100
AcDbEllipse
 10
467.770386
 20
-131.376694
 30
0.0
 11
3.4223678112030029
 21
-19.705009460449219
 31
0.0
210
0.0
220
0.0
230
1.0
 40
0.645216
 41
5.8937198300682052
 42
6.2831919475010816
  0
LINE
  5
134
100
AcDbEntity
  8
0
370
    35
390
0
 62
     7
100
AcDbLine
 10
466.10904
 20
-150.44447
 30
0.0
 11
386.06691
 21
-117.112821
 31
0.0
210
0.0
220
0.0
230
1.0
  0
ELLIPSE
  5
135
100
AcDbEntity
  8
0
370
    35
390
0
 62
     7
100
AcDbEllipse
 10
384.405548
 20
-136.180588
 30
0.0
 11
3.4223678112030029
 21
-19.705009460449219
 31
0.0
210
0.0
220
0.0
230
1.0
 40
0.645216
 41
3.1415728069774711
 42
4.3229235032733095
  0
ELLIPSE
  5
136
100
AcDbEntity
  8
0
370
    35
390
0
 62
     7
100
AcDbEllipse
 10
384.405548
 20
-136.180588
 30
0.0
 11
3.4223678112030029
 21
-19.705009460449219
 31
0.0
210
0.0
220
0.0
230
1.0
 40
0.645216
 41
2.7521271764784125
 42
3.1415728069774711
  0
LINE
  5
137
100
AcDbEntity
  8
0
370
    13
390
0
 62
     7
 48
0.191
100
AcDbLine
 10
371.344253
 20
-130.741519
 30
0.0
 11
378.871572
 21
-129.434174
 31
0.0
210
0.0
220
0.0
230
1.0
  0
LINE
  5
138
100
AcDbEntity
  8
0
370
    13
390
0
 62
     7
 48
0.191
100
AcDbLine
 10
364.855906
 20
-205.210175
 30
0.0
 11
372.383225
 21
-203.902829
 31
0.0
210
0.0
220
0.0
230
1.0
  0
LINE
  5
139
100
AcDbEntity
  8
0
370
    35
390
0
 62
     7
100
AcDbLine
 10
369.603713
 20
-150.718202
 30
0.0
 11
371.344253
 21
-130.741519
 31
0.0
210
0.0
220
0.0
230
1.0
  0
LINE
  5
13A
100
AcDbEntity
  8
0
370
    35
390
0
 62
     7
100
AcDbLine
 10
364.855906
 20
-205.210175
 30
0.0
 11
366.932309
 21
-181.378692
 31
0.0
210
0.0
220
0.0
230
1.0
  0
ELLIPSE
  5
13B
100
AcDbEntity
  8
0
370
    35
390
0
 62
     7
100
AcDbEllipse
 10
351.794586
 20
-199.771103
 30
0.0
 11
3.4223678112030029
 21
-19.705009460449219
 31
0.0
210
0.0
220
0.0
230
1.0
 40
0.645216
 41
0.2388530536065793
 42
1.1813308496835171
  0
LINE
  5
13C
100
AcDbEntity
  8
0
370
    13
390
0
 62
     7
 48
0.191
100
AcDbLine
 10
358.127784
 20
-218.394259
 30
0.0
 11
365.655102
 21
-217.086914
 31
0.0
210
0.0
220
0.0
230
1.0
  0
LINE
  5
13D
100
AcDbEntity
  8
0
370
    13
390
0
 62
     7
 48
0.191
100
AcDbLine
 10
174.305612
 20
-326.799706
 30
0.0
 11
181.832931
 21
-325.492361
 31
0.0
210
0.0
220
0.0
230
1.0
  0
LINE
  5
13E
100
AcDbEntity
  8
0
370
    35
390
0
 62
     7
100
AcDbLine
 10
174.305612
 20
-326.799706
 30
0.0
 11
358.127784
 21
-218.394259
 31
0.0
210
0.0
220
0.0
230
1.0
  0
ELLIPSE
  5
13F
100
AcDbEntity
  8
0
370
    35
390
0
 62
     7
100
AcDbEllipse
 10
163.222534
 20
-294.209167
 30
0.0
 11
5.9891438484191895
 21
-34.483768463134766
 31
0.0
210
0.0
220
0.0
230
1.0
 40
0.645216
 41
0.0000374130728608
 42
0.2388530536065781
  0
ELLIPSE
  5
140
100
AcDbEntity
  8
0
370
    35
390
0
 62
     7
100
AcDbEllipse
 10
163.222534
 20
-294.209167
 30
0.0
 11
5.9891438484191895
 21
-34.483768463134766
 31
0.0
210
0.0
220
0.0
230
1.0
 40
0.645216
 41
4.6719893536721759
 42
6.2832227202524473
  0
LINE
  5
141
100
AcDbEntity
  8
0
370
    35
390
0
 62
     7
 48
0.013023
100
AcDbLine
 10
86.848307
 20
4.9424
 30
0.0
 11
86.335085
 21
4.853264
 31
0.0
210
0.0
220
0.0
230
1.0
  0
LINE
  5
142
100
AcDbEntity
  8
0
370
    35
390
0
 62
     7
100
AcDbLine
 10
113.994659
 20
15.944822
 30
0.0
 11
91.412702
 21
12.022786
 31
0.0
210
0.0
220
0.0
230
1.0
  0
ELLIPSE
  5
143
100
AcDbEntity
  8
0
370
    35
390
0
 62
     7
100
AcDbEllipse
 10
84.88205
 20
14.742322
 30
0.0
 11
1.7111839056015015
 21
-9.8525047302246094
 31
0.0
210
0.0
220
0.0
230
1.0
 40
0.645216
 41
6.2427856804670894
 42
6.283239744386071
  0
ELLIPSE
  5
144
100
AcDbEntity
  8
0
370
    35
390
0
 62
     7
100
AcDbEllipse
 10
84.88205
 20
14.742322
 30
0.0
 11
1.7111839056015015
 21
-9.8525047302246094
 31
0.0
210
0.0
220
0.0
230
1.0
 40
0.645216
 41
0.0000544372064858
 42
1.1813308496835333
  0
ELLIPSE
  5
145
100
AcDbEntity
  8
0
370
    35
390
0
 62
     7
100
AcDbEllipse
 10
107.464005
 20
18.664358
 30
0.0
 11
1.7111839056015015
 21
-9.8525047302246094
 31
0.0
210
0.0
220
0.0
230
1.0
 40
0.645216
 41
3.1415728069774729
 42
3.2416361058206173
  0
ELLIPSE
  5
146
100
AcDbEntity
  8
0
370
    35
390
0
 62
     7
100
AcDbEllipse
 10
107.464005
 20
18.664358
 30
0.0
 11
1.7111839056015015
 21
-9.8525047302246094
 31
0.0
210
0.0
220
0.0
230
1.0
 40
0.645216
 41
1.1813308496835164
 42
3.1415728069774729
  0
ELLIPSE
  5
147
100
AcDbEntity
  8
0
370
    35
390
0
 62
     7
100
AcDbEllipse
 10
0.375138
 20
747.487915
 30
0.0
 11
1.7111839056015015
 21
-9.8525047302246094
 31
0.0
210
0.0
220
0.0
230
1.0
 40
0.645216
 41
6.2831654605672647
 42
9.424758114157056
  0
ELLIPSE
  5
148
100
AcDbEntity
  8
0
370
    35
390
0
 62
     7
100
AcDbEllipse
 10
0.375138
 20
747.487915
 30
0.0
 11
1.7111839056015015
 21
-9.8525047302246094
 31
0.0
210
0.0
220
0.0
230
1.0
 40
0.645216
 41
4.3229235032733095
 42
6.2831654605672647
  0
ELLIPSE
  5
149
100
AcDbEntity
  8
0
370
    35
390
0
 62
     7
100
AcDbEllipse
 10
0.375138
 20
747.487915
 30
0.0
 11
1.7111839056015015
 21
-9.8525047302246094
 31
0.0
210
0.0
220
0.0
230
1.0
 40
0.645216
 41
3.1415728069774711
 42
4.3229235032733095
  0
ELLIPSE
  5
14A
100
AcDbEntity
  8
0
370
    35
390
0
 62
     7
100
AcDbEllipse
 10
107.464005
 20
18.664358
 30
0.0
 11
51.095951080322266
 21
-294.19580078125
 31
0.0
210
0.0
220
0.0
230
1.0
 40
0.645216
 41
6.2829683902170963
 42
6.2831853523433869
  0
ELLIPSE
  5
14B
100
AcDbEntity
  8
0
370
    35
390
0
 62
     7
100
AcDbEllipse
 10
107.464005
 20
18.664358
 30
0.0
 11
51.095951080322266
 21
-294.19580078125
 31
0.0
210
0.0
220
0.0
230
1.0
 40
0.645216
 41
0.0000000451638008
 42
0.8186372821065594
  0
ELLIPSE
  5
14C
100
AcDbEntity
  8
0
370
    35
390
0
 62
     7
100
AcDbEllipse
 10
107.464005
 20
18.664358
 30
0.0
 11
51.095951080322266
 21
-294.19580078125
 31
0.0
210
0.0
220
0.0
230
1.0
 40
0.645216
 41
0.9865096125690678
 42
1.1411481399334931
  0
LINE
  5
14D
100
AcDbEntity
  8
0
370
    13
390
0
 62
     7
 48
0.191
100
AcDbLine
 10
301.315523
 20
-73.911659
 30
0.0
 11
308.842842
 21
-72.604314
 31
0.0
210
0.0
220
0.0
230
1.0
  0
LINE
  5
14E
100
AcDbEntity
  8
0
370
    35
390
0
 62
     7
 48
0.002222
100
AcDbLine
 10
162.793293
 20
-300.170437
 30
0.0
 11
162.880859
 21
-300.155229
 31
0.0
210
0.0
220
0.0
230
1.0
  0
ELLIPSE
  5
14F
100
AcDbEntity
  8
0
370
    35
390
0
 62
     7
100
AcDbEllipse
 10
160.656036
 20
-287.854492
 30
0.0
 11
2.1389799118041992
 21
-12.315630912780762
 31
0.0
210
0.0
220
0.0
230
1.0
 40
0.645216
 41
3.1413757366273023
 42
6.2829683902170954
  0
ELLIPSE
  5
150
100
AcDbEntity
  8
0
370
    35
390
0
 62
     7
100
AcDbEllipse
 10
107.464005
 20
18.664358
 30
0.0
 11
55.373912811279297
 21
-318.82705688476562
 31
0.0
210
0.0
220
0.0
230
1.0
 40
0.645216
 41
0.9576829890909978
 42
1.1411481399334933
  0
ELLIPSE
  5
151
100
AcDbEntity
  8
0
370
    35
390
0
 62
     7
100
AcDbEllipse
 10
107.464005
 20
18.664358
 30
0.0
 11
55.373912811279297
 21
-318.82705688476562
 31
0.0
210
0.0
220
0.0
230
1.0
 40
0.645216
 41
6.2829683902170963
 42
7.1765808340698021
  0
ELLIPSE
  5
152
100
AcDbEntity
  8
0
370
    35
390
0
 62
     7
100
AcDbEllipse
 10
309.430542
 20
-77.787079
 30
0.0
 11
2.1389799118041992
 21
-12.315630912780762
 31
0.0
210
0.0
220
0.0
230
1.0
 40
0.645216
 41
3.1415643562117421
 42
4.2827407935232857
  0
ELLIPSE
  5
153
100
AcDbEntity
  8
0
370
    35
390
0
 62
     7
100
AcDbEllipse
 10
309.430542
 20
-77.787079
 30
0.0
 11
2.1389799118041992
 21
-12.315630912780762
 31
0.0
210
0.0
220
0.0
230
1.0
 40
0.645216
 41
1.1411481399334926
 42
3.1415643562117421
  0
ELLIPSE
  5
154
100
AcDbEntity
  8
0
370
    35
390
0
 62
     7
100
AcDbEllipse
 10
107.464005
 20
18.664358
 30
0.0
 11
49.812564849853516
 21
-286.80642700195313
 31
0.0
210
0.0
220
0.0
230
1.0
 40
0.645216
 41
0.9713276675646916
 42
1.1813308496835164
  0
ELLIPSE
  5
155
100
AcDbEntity
  8
0
370
    35
390
0
 62
     7
100
AcDbEllipse
 10
107.464005
 20
18.664358
 30
0.0
 11
49.812564849853516
 21
-286.80642700195313
 31
0.0
210
0.0
220
0.0
230
1.0
 40
0.645216
 41
0.0000544372064849
 42
0.8078732424154413
  0
LINE
  5
156
100
AcDbEntity
  8
0
370
    35
390
0
 62
     7
100
AcDbLine
 10
297.571364
 20
-60.501348
 30
0.0
 11
113.994659
 21
15.944822
 31
0.0
210
0.0
220
0.0
230
1.0
  0
LINE
  5
157
100
AcDbEntity
  8
0
370
    35
390
0
 62
     7
100
AcDbLine
 10
86.335085
 20
4.853264
 30
0.0
 11
127.17997
 21
-273.128154
 31
0.0
210
0.0
220
0.0
230
1.0
  0
LINE
  5
158
100
AcDbEntity
  8
0
370
    35
390
0
 62
     7
100
AcDbLine
 10
297.571364
 20
-60.501348
 30
0.0
 11
274.989408
 21
-64.423385
 31
0.0
210
0.0
220
0.0
230
1.0
  0
LINE
  5
159
100
AcDbEntity
  8
0
370
    35
390
0
 62
     7
100
AcDbLine
 10
274.989408
 20
-64.423385
 30
0.0
 11
91.412702
 21
12.022786
 31
0.0
210
0.0
220
0.0
230
1.0
  0
ELLIPSE
  5
15A
100
AcDbEntity
  8
0
370
    35
390
0
 62
     7
100
AcDbEllipse
 10
84.88205
 20
14.742322
 30
0.0
 11
49.812564849853516
 21
-286.80642700195313
 31
0.0
210
0.0
220
0.0
230
1.0
 40
0.645216
 41
0.0000544372064841
 42
1.1813308496835164
  0
ELLIPSE
  5
15B
100
AcDbEntity
  8
0
370
    35
390
0
 62
     7
100
AcDbEllipse
 10
84.88205
 20
14.742322
 30
0.0
 11
49.812564849853516
 21
-286.80642700195313
 31
0.0
210
0.0
220
0.0
230
1.0
 40
0.645216
 41
6.2427856804670725
 42
6.2832397443860692
  0
LINE
  5
15C
100
AcDbEntity
  8
0
370
    35
390
0
 62
     7
 48
0.282485
100
AcDbLine
 10
481.152744
 20
-164.641284
 30
0.0
 11
492.285493
 21
-162.707747
 31
0.0
210
0.0
220
0.0
230
1.0
  0
LINE
  5
15D
100
AcDbEntity
  8
0
370
    35
390
0
 62
     7
 48
0.4775
100
AcDbLine
 10
454.74484
 20
-58.190057
 30
0.0
 11
473.563138
 21
-54.921693
 31
0.0
210
0.0
220
0.0
230
1.0
  0
LINE
  5
15E
100
AcDbEntity
  8
0
370
    35
390
0
 62
     7
 48
0.007117
100
AcDbLine
 10
462.114486
 20
-102.27927
 30
0.0
 11
462.39496
 21
-102.230557
 31
0.0
210
0.0
220
0.0
230
1.0
  0
LINE
  5
15F
100
AcDbEntity
  8
0
370
    35
390
0
 62
     7
 48
0.191
100
AcDbLine
 10
-3.047774
 20
767.192843
 30
0.0
 11
4.479545
 21
768.500189
 31
0.0
210
0.0
220
0.0
230
1.0
  0
LINE
  5
160
100
AcDbEntity
  8
0
370
    35
390
0
 62
     7
 48
0.191
100
AcDbLine
 10
471.19284
 20
-151.081695
 30
0.0
 11
478.720159
 21
-149.774349
 31
0.0
210
0.0
220
0.0
230
1.0
  0
LINE
  5
161
100
AcDbEntity
  8
0
370
    35
390
0
 62
     7
 48
0.191
100
AcDbLine
 10
169.212511
 20
-328.692803
 30
0.0
 11
176.73983
 21
-327.385458
 31
0.0
210
0.0
220
0.0
230
1.0
  0
LINE
  5
162
100
AcDbEntity
  8
0
370
    35
390
0
 62
     7
 48
0.191
100
AcDbLine
 10
158.559966
 20
-275.531431
 30
0.0
 11
166.087284
 21
-274.224086
 31
0.0
210
0.0
220
0.0
230
1.0
  0
LINE
  5
163
100
AcDbEntity
  8
0
370
    35
390
0
 62
     7
100
AcDbLine
 10
134.704686
 20
-272.062341
 30
0.0
 11
157.286643
 21
-268.140304
 31
0.0
210
0.0
220
0.0
230
1.0
  0
ELLIPSE
  5
164
100
AcDbEntity
  8
0
370
    35
390
0
 62
     7
100
AcDbEllipse
 10
88.645706
 20
15.395995
 30
0.0
 11
1.7026280164718628
 21
-9.8032426834106445
 31
0.0
210
0.0
220
0.0
230
1.0
 40
0.645216
 41
3.141572806977472
 42
5.9899545467849427
  0
ELLIPSE
  5
165
100
AcDbEntity
  8
0
370
    35
390
0
 62
     7
100
AcDbEllipse
 10
88.645706
 20
15.395995
 30
0.0
 11
1.7026280164718628
 21
-9.8032426834106445
 31
0.0
210
0.0
220
0.0
230
1.0
 40
0.645216
 41
1.1813308496835164
 42
3.141572806977472
  0
ELLIPSE
  5
166
100
AcDbEntity
  8
0
370
    35
390
0
 62
     7
100
AcDbEllipse
 10
178.973541
 20
31.084141
 30
0.0
 11
1.7026280164718628
 21
-9.8032426834106445
 31
0.0
210
0.0
220
0.0
230
1.0
 40
0.645216
 41
1.1813308496835164
 42
3.141572806977472
  0
ELLIPSE
  5
167
100
AcDbEntity
  8
0
370
    35
390
0
 62
     7
100
AcDbEllipse
 10
88.645706
 20
15.395995
 30
0.0
 11
1.7026280164718628
 21
-9.8032426834106445
 31
0.0
210
0.0
220
0.0
230
1.0
 40
0.645216
 41
1.1792675117074096
 42
1.1813308496835164
  0
ELLIPSE
  5
168
100
AcDbEntity
  8
0
370
    35
390
0
 62
     7
100
AcDbEllipse
 10
178.973541
 20
31.084141
 30
0.0
 11
1.7026280164718628
 21
-9.8032426834106445
 31
0.0
210
0.0
220
0.0
230
1.0
 40
0.645216
 41
6.2831654605672647
 42
7.4645161568631018
  0
LINE
  5
169
100
AcDbEntity
  8
0
370
    35
390
0
 62
     7
 48
0.493608
100
AcDbLine
 10
86.943205
 20
25.199259
 30
0.0
 11
106.396289
 21
28.577872
 31
0.0
210
0.0
220
0.0
230
1.0
  0
LINE
  5
16A
100
AcDbEntity
  8
0
370
    35
390
0
 62
     7
100
AcDbLine
 10
132.156157
 20
33.051849
 30
0.0
 11
177.271031
 21
40.887404
 31
0.0
210
0.0
220
0.0
230
1.0
  0
LINE
  5
16B
100
AcDbEntity
  8
0
370
    35
390
0
 62
     7
 48
0.382796
100
AcDbLine
 10
165.590037
 20
18.660738
 30
0.0
 11
180.676036
 21
21.280876
 31
0.0
210
0.0
220
0.0
230
1.0
  0
ELLIPSE
  5
16C
100
AcDbEntity
  8
0
370
    35
390
0
 62
     7
100
AcDbEllipse
 10
294.582214
 20
-135.834808
 30
0.0
 11
3.4223678112030029
 21
-19.705009460449219
 31
0.0
210
0.0
220
0.0
230
1.0
 40
0.645216
 41
1.1813308496835164
 42
3.1415728069774711
  0
ELLIPSE
  5
16D
100
AcDbEntity
  8
0
370
    35
390
0
 62
     7
100
AcDbEllipse
 10
294.582214
 20
-135.834808
 30
0.0
 11
3.4223678112030029
 21
-19.705009460449219
 31
0.0
210
0.0
220
0.0
230
1.0
 40
0.645216
 41
6.2831654605672647
 42
7.4645161568631027
  0
ELLIPSE
  5
16E
100
AcDbEntity
  8
0
370
    35
390
0
 62
     7
100
AcDbEllipse
 10
279.527588
 20
-138.449493
 30
0.0
 11
3.4223678112030029
 21
-19.705009460449219
 31
0.0
210
0.0
220
0.0
230
1.0
 40
0.645216
 41
3.1415728069774711
 42
6.2831654605672638
  0
ELLIPSE
  5
16F
100
AcDbEntity
  8
0
370
    35
390
0
 62
     7
100
AcDbEllipse
 10
279.527588
 20
-138.449493
 30
0.0
 11
3.4223678112030029
 21
-19.705009460449219
 31
0.0
210
0.0
220
0.0
230
1.0
 40
0.645216
 41
1.1813308496835164
 42
3.1415728069774711
  0
ELLIPSE
  5
170
100
AcDbEntity
  8
0
370
    35
390
0
 62
     7
100
AcDbEllipse
 10
279.527588
 20
-138.449493
 30
0.0
 11
3.4223678112030029
 21
-19.705009460449219
 31
0.0
210
0.0
220
0.0
230
1.0
 40
0.645216
 41
6.2831654605672647
 42
7.4645161568631027
  0
LINE
  5
171
100
AcDbEntity
  8
0
370
    35
390
0
 62
     7
 48
0.171123
100
AcDbLine
 10
310.62563
 20
-122.898682
 30
0.0
 11
303.881677
 21
-124.069972
 31
0.0
210
0.0
220
0.0
230
1.0
  0
LINE
  5
172
100
AcDbEntity
  8
0
370
    35
390
0
 62
     7
 48
0.382
100
AcDbLine
 10
282.949706
 20
-158.154549
 30
0.0
 11
298.004344
 21
-155.539858
 31
0.0
210
0.0
220
0.0
230
1.0
  0
LINE
  5
173
100
AcDbEntity
  8
0
370
    35
390
0
 62
     7
 48
0.382
100
AcDbLine
 10
276.105475
 20
-118.744442
 30
0.0
 11
291.160113
 21
-116.129751
 31
0.0
210
0.0
220
0.0
230
1.0
  0
ELLIPSE
  5
174
100
AcDbEntity
  8
0
370
    35
390
0
 62
     7
100
AcDbEllipse
 10
369.855408
 20
-122.761353
 30
0.0
 11
5.133552074432373
 21
-29.557514190673828
 31
0.0
210
0.0
220
0.0
230
1.0
 40
0.645216
 41
1.1813308496835169
 42
1.6129505533189328
  0
ELLIPSE
  5
175
100
AcDbEntity
  8
0
370
    35
390
0
 62
     7
100
AcDbEllipse
 10
369.855408
 20
-122.761353
 30
0.0
 11
5.133552074432373
 21
-29.557514190673828
 31
0.0
210
0.0
220
0.0
230
1.0
 40
0.645216
 41
0.7453867376481184
 42
1.1813308496835169
  0
LINE
  5
176
100
AcDbEntity
  8
0
370
    35
390
0
 62
     7
100
AcDbLine
 10
461.726522
 20
-218.07381
 30
0.0
 11
534.537923
 21
-467.387793
 31
0.0
210
0.0
220
0.0
230
1.0
  0
LINE
  5
177
100
AcDbEntity
  8
0
370
    35
390
0
 62
     7
100
AcDbLine
 10
438.634189
 20
-139.003203
 30
0.0
 11
452.084533
 21
-185.058612
 31
0.0
210
0.0
220
0.0
230
1.0
  0
ELLIPSE
  5
178
100
AcDbEntity
  8
0
370
    35
390
0
 62
     7
100
AcDbEllipse
 10
445.28772
 20
-115.351448
 30
0.0
 11
3.4223678112030029
 21
-19.705009460449219
 31
0.0
210
0.0
220
0.0
230
1.0
 40
0.645216
 41
3.1416331725472166
 42
3.2308131191853984
  0
ELLIPSE
  5
179
100
AcDbEntity
  8
0
370
    35
390
0
 62
     7
100
AcDbEllipse
 10
445.28772
 20
-115.351448
 30
0.0
 11
3.4223678112030029
 21
-19.705009460449219
 31
0.0
210
0.0
220
0.0
230
1.0
 40
0.645216
 41
2.2734406096855504
 42
3.1416331725472166
  0
ELLIPSE
  5
17A
100
AcDbEntity
  8
0
370
    35
390
0
 62
     7
100
AcDbEllipse
 10
452.815033
 20
-114.044098
 30
0.0
 11
3.4223678112030029
 21
-19.705009460449219
 31
0.0
210
0.0
220
0.0
230
1.0
 40
0.645216
 41
1.9058866953899865
 42
3.1416331725472166
  0
LINE
  5
17B
100
AcDbEntity
  8
0
370
    35
390
0
 62
     7
100
AcDbLine
 10
562.44443
 20
-470.074327
 30
0.0
 11
469.316332
 21
-151.193812
 31
0.0
210
0.0
220
0.0
230
1.0
  0
LINE
  5
17C
100
AcDbEntity
  8
0
370
    35
390
0
 62
     7
100
AcDbLine
 10
571.448604
 20
-473.823891
 30
0.0
 11
476.903068
 21
-150.089916
 31
0.0
210
0.0
220
0.0
230
1.0
  0
ELLIPSE
  5
17D
100
AcDbEntity
  8
0
370
    35
390
0
 62
     7
100
AcDbEllipse
 10
469.865692
 20
-199.509033
 30
0.0
 11
1.0267103910446167
 21
-5.9115028381347656
 31
0.0
210
0.0
220
0.0
230
1.0
 40
0.645216
 41
0.0001013874900526
 42
3.1416940410798642
  0
LINE
  5
17E
100
AcDbEntity
  8
0
370
    35
390
0
 62
     7
 48
0.191
100
AcDbLine
 10
441.864838
 20
-95.646527
 30
0.0
 11
449.392156
 21
-94.339182
 31
0.0
210
0.0
220
0.0
230
1.0
  0
ELLIPSE
  5
17F
100
AcDbEntity
  8
0
370
    35
390
0
 62
     7
100
AcDbEllipse
 10
354.968719
 20
-161.665253
 30
0.0
 11
-1.0267103910446167
 21
5.9115028381347656
 31
0.0
210
0.0
220
0.0
230
1.0
 40
0.645216
 41
3.1415724918784442
 42
6.2831651454682369
  0
LINE
  5
180
100
AcDbEntity
  8
0
370
    35
390
0
 62
     7
 48
0.382
100
AcDbLine
 10
369.275608
 20
-152.802251
 30
0.0
 11
384.330246
 21
-150.18756
 31
0.0
210
0.0
220
0.0
230
1.0
  0
LINE
  5
181
100
AcDbEntity
  8
0
370
    35
390
0
 62
     7
100
AcDbLine
 10
366.784648
 20
-181.404349
 30
0.0
 11
369.275608
 21
-152.802251
 31
0.0
210
0.0
220
0.0
230
1.0
  0
LINE
  5
182
100
AcDbEntity
  8
0
370
    35
390
0
 62
     7
 48
0.382
100
AcDbLine
 10
366.784648
 20
-181.404349
 30
0.0
 11
381.839285
 21
-178.789658
 31
0.0
210
0.0
220
0.0
230
1.0
  0
ELLIPSE
  5
183
100
AcDbEntity
  8
0
370
    13
390
0
 62
     7
100
AcDbEllipse
 10
383.084778
 20
-164.488602
 30
0.0
 11
-4.9967041015625
 21
-12.001372337341309
 31
0.0
210
0.0
220
0.0
230
1.0
 40
0.706802
 41
2.579522837077139
 42
6.8452551385505478
  0
ELLIPSE
  5
184
100
AcDbEntity
  8
0
370
    13
390
0
 62
     7
100
AcDbEllipse
 10
384.3909
 20
-165.03241
 30
0.0
 11
-4.2279806137084961
 21
-10.155007362365723
 31
0.0
210
0.0
220
0.0
230
1.0
 40
0.706802
 41
3.5640612742843918
 42
6.2832907865826586
  0
ELLIPSE
  5
185
100
AcDbEntity
  8
0
370
    13
390
0
 62
     7
100
AcDbEllipse
 10
384.3909
 20
-165.03241
 30
0.0
 11
-4.2279806137084961
 21
-10.155007362365723
 31
0.0
210
0.0
220
0.0
230
1.0
 40
0.706802
 41
3.1416144365619489
 42
3.5640612742843918
  0
ELLIPSE
  5
186
100
AcDbEntity
  8
0
370
    35
390
0
 62
     7
100
AcDbEllipse
 10
435.330353
 20
-186.240768
 30
0.0
 11
-4.2279806137084961
 21
-10.155007362365723
 31
0.0
210
0.0
220
0.0
230
1.0
 40
0.706802
 41
4.9817585262552502
 42
5.2879578387910486
  0
ELLIPSE
  5
187
100
AcDbEntity
  8
0
370
    35
390
0
 62
     7
100
AcDbEllipse
 10
435.330353
 20
-186.240768
 30
0.0
 11
-4.2279806137084961
 21
-10.155007362365723
 31
0.0
210
0.0
220
0.0
230
1.0
 40
0.706802
 41
3.4266577734067756
 42
3.7014635222944197
  0
LINE
  5
188
100
AcDbEntity
  8
0
370
    35
390
0
 62
     7
 48
0.124901
100
AcDbLine
 10
386.761634
 20
-177.934744
 30
0.0
 11
381.839285
 21
-178.789658
 31
0.0
210
0.0
220
0.0
230
1.0
  0
LINE
  5
189
100
AcDbEntity
  8
0
370
    35
390
0
 62
     7
 48
0.285438
100
AcDbLine
 10
398.394281
 20
-158.947319
 30
0.0
 11
399.384883
 21
-147.572869
 31
0.0
210
0.0
220
0.0
230
1.0
  0
LINE
  5
18A
100
AcDbEntity
  8
0
370
    35
390
0
 62
     7
 48
0.382
100
AcDbLine
 10
399.384883
 20
-147.572869
 30
0.0
 11
384.330246
 21
-150.18756
 31
0.0
210
0.0
220
0.0
230
1.0
  0
LINE
  5
18B
100
AcDbEntity
  8
0
370
    35
390
0
 62
     7
 48
0.2865
100
AcDbLine
 10
381.064896
 20
-148.82805
 30
0.0
 11
392.355874
 21
-146.867032
 31
0.0
210
0.0
220
0.0
230
1.0
  0
LINE
  5
18C
100
AcDbEntity
  8
0
370
    35
390
0
 62
     7
 48
0.2865
100
AcDbLine
 10
381.064896
 20
-148.82805
 30
0.0
 11
369.773917
 21
-150.789068
 31
0.0
210
0.0
220
0.0
230
1.0
  0
ELLIPSE
  5
18D
100
AcDbEntity
  8
0
370
    35
390
0
 62
     7
100
AcDbEllipse
 10
351.703369
 20
-160.305756
 30
0.0
 11
-2.5667760372161865
 21
14.778757095336914
 31
0.0
210
0.0
220
0.0
230
1.0
 40
0.645216
 41
2.1253311714567436
 42
2.7521813255558989
  0
ELLIPSE
  5
18E
100
AcDbEntity
  8
0
370
    35
390
0
 62
     7
100
AcDbEllipse
 10
351.703369
 20
-160.305756
 30
0.0
 11
-2.5667760372161865
 21
14.778757095336914
 31
0.0
210
0.0
220
0.0
230
1.0
 40
0.645216
 41
6.2831651454682378
 42
7.5770016202106953
  0
LINE
  5
18F
100
AcDbEntity
  8
0
370
    35
390
0
 62
     7
 48
0.442132
100
AcDbLine
 10
350.457898
 20
-174.606798
 30
0.0
 11
366.784648
 21
-181.404349
 31
0.0
210
0.0
220
0.0
230
1.0
  0
ELLIPSE
  5
190
100
AcDbEntity
  8
0
370
    35
390
0
 62
     7
100
AcDbEllipse
 10
381.812653
 20
-155.07637
 30
0.0
 11
-2.5667760372161865
 21
14.778757095336914
 31
0.0
210
0.0
220
0.0
230
1.0
 40
0.645216
 41
5.8937739791456956
 42
6.2831651454682378
  0
LINE
  5
191
100
AcDbEntity
  8
0
370
    35
390
0
 62
     7
 48
0.442132
100
AcDbLine
 10
383.058134
 20
-140.775318
 30
0.0
 11
399.384883
 21
-147.572869
 31
0.0
210
0.0
220
0.0
230
1.0
  0
ELLIPSE
  5
192
100
AcDbEntity
  8
0
370
    35
390
0
 62
     7
100
AcDbEllipse
 10
378.048981
 20
-155.730042
 30
0.0
 11
2.5667760372161865
 21
-14.778757095336914
 31
0.0
210
0.0
220
0.0
230
1.0
 40
0.645216
 41
2.7521813255559029
 42
2.8973006098140841
  0
LINE
  5
193
100
AcDbEntity
  8
0
370
    35
390
0
 62
     7
 48
0.353706
100
AcDbLine
 10
392.355874
 20
-146.867032
 30
0.0
 11
379.294475
 21
-141.428991
 31
0.0
210
0.0
220
0.0
230
1.0
  0
LINE
  5
194
100
AcDbEntity
  8
0
370
    13
390
0
 62
     7
 48
0.0955
100
AcDbLine
 10
379.294475
 20
-141.428991
 30
0.0
 11
383.058134
 21
-140.775318
 31
0.0
210
0.0
220
0.0
230
1.0
  0
LINE
  5
195
100
AcDbEntity
  8
0
370
    35
390
0
 62
     7
 48
0.442132
100
AcDbLine
 10
352.948859
 20
-146.0047
 30
0.0
 11
369.275608
 21
-152.802251
 31
0.0
210
0.0
220
0.0
230
1.0
  0
ELLIPSE
  5
196
100
AcDbEntity
  8
0
370
    35
390
0
 62
     7
100
AcDbEllipse
 10
351.703369
 20
-160.305756
 30
0.0
 11
-2.5667760372161865
 21
14.778757095336914
 31
0.0
210
0.0
220
0.0
230
1.0
 40
0.645216
 41
5.8937739791456956
 42
6.2831651454682378
  0
LINE
  5
197
100
AcDbEntity
  8
0
370
    35
390
0
 62
     7
 48
0.353706
100
AcDbLine
 10
369.773917
 20
-150.789068
 30
0.0
 11
356.712518
 21
-145.351028
 31
0.0
210
0.0
220
0.0
230
1.0
  0
ELLIPSE
  5
198
100
AcDbEntity
  8
0
370
    35
390
0
 62
     7
100
AcDbEllipse
 10
355.467041
 20
-159.652069
 30
0.0
 11
2.5667760372161865
 21
-14.778757095336914
 31
0.0
210
0.0
220
0.0
230
1.0
 40
0.645216
 41
2.7521813255559029
 42
3.1415724918784451
  0
LINE
  5
199
100
AcDbEntity
  8
0
370
    13
390
0
 62
     7
 48
0.0955
100
AcDbLine
 10
356.712518
 20
-145.351028
 30
0.0
 11
352.948859
 21
-146.0047
 31
0.0
210
0.0
220
0.0
230
1.0
  0
LINE
  5
19A
100
AcDbEntity
  8
0
370
    35
390
0
 62
     7
100
AcDbLine
 10
380.163682
 20
-175.187736
 30
0.0
 11
426.551537
 21
-194.501059
 31
0.0
210
0.0
220
0.0
230
1.0
  0
LINE
  5
19B
100
AcDbEntity
  8
0
370
    35
390
0
 62
     7
100
AcDbLine
 10
388.61873
 20
-154.87734
 30
0.0
 11
438.184187
 21
-175.51364
 31
0.0
210
0.0
220
0.0
230
1.0
  0
LINE
  5
19C
100
AcDbEntity
  8
0
370
    35
390
0
 62
     7
 48
0.034035
100
AcDbLine
 10
377.904745
 20
-140.530538
 30
0.0
 11
379.24607
 21
-140.297577
 31
0.0
210
0.0
220
0.0
230
1.0
  0
LINE
  5
19D
100
AcDbEntity
  8
0
370
    35
390
0
 62
     7
 48
0.0955
100
AcDbLine
 10
352.900454
 20
-144.873286
 30
0.0
 11
349.136795
 21
-145.526959
 31
0.0
210
0.0
220
0.0
230
1.0
  0
LINE
  5
19E
100
AcDbEntity
  8
0
370
    35
390
0
 62
     7
 48
0.360697
100
AcDbLine
 10
449.296003
 20
-175.510392
 30
0.0
 11
435.080915
 21
-177.97927
 31
0.0
210
0.0
220
0.0
230
1.0
  0
ELLIPSE
  5
19F
100
AcDbEntity
  8
0
370
    35
390
0
 62
     7
100
AcDbEllipse
 10
452.92923
 20
-202.450562
 30
0.0
 11
-1.0267103910446167
 21
5.9115028381347656
 31
0.0
210
0.0
220
0.0
230
1.0
 40
0.645216
 41
3.1415724918784353
 42
6.2831651454682467
  0
LINE
  5
1A0
100
AcDbEntity
  8
0
370
    35
390
0
 62
     7
100
AcDbLine
 10
428.051905
 20
-177.273433
 30
0.0
 11
425.560945
 21
-205.87553
 31
0.0
210
0.0
220
0.0
230
1.0
  0
LINE
  5
1A1
100
AcDbEntity
  8
0
370
    35
390
0
 62
     7
100
AcDbLine
 10
428.051905
 20
-177.273433
 30
0.0
 11
448.760496
 21
-173.676763
 31
0.0
210
0.0
220
0.0
230
1.0
  0
ELLIPSE
  5
1A2
100
AcDbEntity
  8
0
370
    35
390
0
 62
     7
100
AcDbEllipse
 10
486.303864
 20
-198.580688
 30
0.0
 11
2.5667760372161865
 21
-14.778757095336914
 31
0.0
210
0.0
220
0.0
230
1.0
 40
0.645216
 41
0.6599818725220064
 42
1.181384998761007
  0
LINE
  5
1A3
100
AcDbEntity
  8
0
370
    35
390
0
 62
     7
100
AcDbLine
 10
454.949094
 20
-218.111121
 30
0.0
 11
425.560945
 21
-205.87553
 31
0.0
210
0.0
220
0.0
230
1.0
  0
ELLIPSE
  5
1A4
100
AcDbEntity
  8
0
370
    35
390
0
 62
     7
100
AcDbEllipse
 10
456.19458
 20
-203.810074
 30
0.0
 11
-2.5667760372161865
 21
14.778757095336914
 31
0.0
210
0.0
220
0.0
230
1.0
 40
0.645216
 41
3.1415724918784482
 42
5.893773979145692
  0
ELLIPSE
  5
1A5
100
AcDbEntity
  8
0
370
    35
390
0
 62
     7
100
AcDbEllipse
 10
456.19458
 20
-203.810074
 30
0.0
 11
-2.5667760372161865
 21
14.778757095336914
 31
0.0
210
0.0
220
0.0
230
1.0
 40
0.645216
 41
2.7521813255558989
 42
3.1415724918784482
  0
ELLIPSE
  5
1A6
100
AcDbEntity
  8
0
370
    35
390
0
 62
     7
100
AcDbEllipse
 10
459.958221
 20
-203.156403
 30
0.0
 11
2.5667760372161865
 21
-14.778757095336914
 31
0.0
210
0.0
220
0.0
230
1.0
 40
0.645216
 41
6.2831651454682342
 42
7.464570305940593
  0
LINE
  5
1A7
100
AcDbEntity
  8
0
370
    35
390
0
 62
     7
 48
0.020386
100
AcDbLine
 10
486.796539
 20
-183.966222
 30
0.0
 11
487.54933
 21
-184.279642
 31
0.0
210
0.0
220
0.0
230
1.0
  0
ELLIPSE
  5
1A8
100
AcDbEntity
  8
0
370
    35
390
0
 62
     7
100
AcDbEllipse
 10
486.303864
 20
-198.580688
 30
0.0
 11
2.5667760372161865
 21
-14.778757095336914
 31
0.0
210
0.0
220
0.0
230
1.0
 40
0.645216
 41
1.1813849987610079
 42
2.7521813255558989
  0
ELLIPSE
  5
1A9
100
AcDbEntity
  8
0
370
    35
390
0
 62
     7
100
AcDbEllipse
 10
482.540192
 20
-199.23436
 30
0.0
 11
-2.5667760372161865
 21
14.778757095336914
 31
0.0
210
0.0
220
0.0
230
1.0
 40
0.645216
 41
4.3436878652205744
 42
5.4268001818786731
  0
LINE
  5
1AA
100
AcDbEntity
  8
0
370
    13
390
0
 62
     7
 48
0.015969
100
AcDbLine
 10
487.54933
 20
-184.279642
 30
0.0
 11
486.919994
 21
-184.388945
 31
0.0
210
0.0
220
0.0
230
1.0
  0
LINE
  5
1AB
100
AcDbEntity
  8
0
370
    35
390
0
 62
     7
100
AcDbLine
 10
435.080915
 20
-177.97927
 30
0.0
 11
461.203714
 21
-188.855351
 31
0.0
210
0.0
220
0.0
230
1.0
  0
ELLIPSE
  5
1AC
100
AcDbEntity
  8
0
370
    35
390
0
 62
     7
100
AcDbEllipse
 10
459.958221
 20
-203.156403
 30
0.0
 11
2.5667760372161865
 21
-14.778757095336914
 31
0.0
210
0.0
220
0.0
230
1.0
 40
0.645216
 41
1.1813849987610079
 42
2.7521813255558989
  0
LINE
  5
1AD
100
AcDbEntity
  8
0
370
    35
390
0
 62
     7
100
AcDbLine
 10
457.440054
 20
-189.509024
 30
0.0
 11
428.051905
 21
-177.273433
 31
0.0
210
0.0
220
0.0
230
1.0
  0
LINE
  5
1AE
100
AcDbEntity
  8
0
370
    13
390
0
 62
     7
 48
0.0955
100
AcDbLine
 10
461.203714
 20
-188.855351
 30
0.0
 11
457.440054
 21
-189.509024
 31
0.0
210
0.0
220
0.0
230
1.0
  0
LINE
  5
1AF
100
AcDbEntity
  8
0
370
    35
390
0
 62
     7
 48
0.0955
100
AcDbLine
 10
462.524817
 20
-217.93519
 30
0.0
 11
458.761158
 21
-218.588863
 31
0.0
210
0.0
220
0.0
230
1.0
  0
ELLIPSE
  5
1B0
100
AcDbEntity
  8
0
370
    35
390
0
 62
     7
100
AcDbEllipse
 10
341.795929
 20
-163.95311
 30
0.0
 11
1.0267103910446167
 21
-5.9115028381347656
 31
0.0
210
0.0
220
0.0
230
1.0
 40
0.645216
 41
3.1415728069774702
 42
6.2831654605672638
  0
ELLIPSE
  5
1B1
100
AcDbEntity
  8
0
370
    35
390
0
 62
     7
100
AcDbEllipse
 10
341.795929
 20
-163.95311
 30
0.0
 11
1.0267103910446167
 21
-5.9115028381347656
 31
0.0
210
0.0
220
0.0
230
1.0
 40
0.645216
 41
1.1813308496835166
 42
3.1415728069774702
  0
ELLIPSE
  5
1B2
100
AcDbEntity
  8
0
370
    35
390
0
 62
     7
100
AcDbEllipse
 10
341.795929
 20
-163.95311
 30
0.0
 11
1.0267103910446167
 21
-5.9115028381347656
 31
0.0
210
0.0
220
0.0
230
1.0
 40
0.645216
 41
6.2831654605672629
 42
7.4645161568631027
  0
LINE
  5
1B3
100
AcDbEntity
  8
0
370
    35
390
0
 62
     7
 48
0.33425
100
AcDbLine
 10
340.769286
 20
-158.041598
 30
0.0
 11
353.942094
 21
-155.753743
 31
0.0
210
0.0
220
0.0
230
1.0
  0
LINE
  5
1B4
100
AcDbEntity
  8
0
370
    35
390
0
 62
     7
 48
0.33425
100
AcDbLine
 10
342.822555
 20
-169.86463
 30
0.0
 11
355.995363
 21
-167.576775
 31
0.0
210
0.0
220
0.0
230
1.0
  0
ELLIPSE
  5
1B5
100
AcDbEntity
  8
0
370
    35
390
0
 62
     7
100
AcDbEllipse
 10
439.756409
 20
-204.738419
 30
0.0
 11
1.0267103910446167
 21
-5.9115028381347656
 31
0.0
210
0.0
220
0.0
230
1.0
 40
0.645216
 41
3.1415728069774809
 42
6.2831654605672753
  0
ELLIPSE
  5
1B6
100
AcDbEntity
  8
0
370
    35
390
0
 62
     7
100
AcDbEllipse
 10
439.756409
 20
-204.738419
 30
0.0
 11
1.0267103910446167
 21
-5.9115028381347656
 31
0.0
210
0.0
220
0.0
230
1.0
 40
0.645216
 41
1.1813308496835166
 42
3.1415728069774804
  0
ELLIPSE
  5
1B7
100
AcDbEntity
  8
0
370
    35
390
0
 62
     7
100
AcDbEllipse
 10
439.756409
 20
-204.738419
 30
0.0
 11
1.0267103910446167
 21
-5.9115028381347656
 31
0.0
210
0.0
220
0.0
230
1.0
 40
0.645216
 41
6.2831654605672735
 42
7.4645161568631027
  0
LINE
  5
1B8
100
AcDbEntity
  8
0
370
    35
390
0
 62
     7
 48
0.33425
100
AcDbLine
 10
438.729782
 20
-198.826901
 30
0.0
 11
451.90259
 21
-196.539047
 31
0.0
210
0.0
220
0.0
230
1.0
  0
LINE
  5
1B9
100
AcDbEntity
  8
0
370
    35
390
0
 62
     7
 48
0.053941
100
AcDbLine
 10
466.713253
 20
-193.966729
 30
0.0
 11
468.839057
 21
-193.597519
 31
0.0
210
0.0
220
0.0
230
1.0
  0
LINE
  5
1BA
100
AcDbEntity
  8
0
370
    35
390
0
 62
     7
 48
0.33425
100
AcDbLine
 10
440.783051
 20
-210.649933
 30
0.0
 11
453.955859
 21
-208.362078
 31
0.0
210
0.0
220
0.0
230
1.0
  0
LINE
  5
1BB
100
AcDbEntity
  8
0
370
    35
390
0
 62
     7
 48
0.026901
100
AcDbLine
 10
469.83217
 20
-205.604679
 30
0.0
 11
470.892326
 21
-205.420551
 31
0.0
210
0.0
220
0.0
230
1.0
  0
ELLIPSE
  5
1BC
100
AcDbEntity
  8
0
370
    35
390
0
 62
     7
100
AcDbEllipse
 10
571.655457
 20
-480.343903
 30
0.0
 11
5.2276668548583984
 21
-30.099401473999023
 31
0.0
210
0.0
220
0.0
230
1.0
 40
0.645216
 41
3.1416214489507044
 42
3.2323769242018763
  0
ELLIPSE
  5
1BD
100
AcDbEntity
  8
0
370
    35
390
0
 62
     7
100
AcDbEllipse
 10
571.655457
 20
-480.343903
 30
0.0
 11
5.2276668548583984
 21
-30.099401473999023
 31
0.0
210
0.0
220
0.0
230
1.0
 40
0.645216
 41
1.7233727467335098
 42
3.1416214489507044
  0
ELLIPSE
  5
1BE
100
AcDbEntity
  8
0
370
    35
390
0
 62
     7
100
AcDbEllipse
 10
571.655457
 20
-480.343903
 30
0.0
 11
1.7111839056015015
 21
-9.8525047302246094
 31
0.0
210
0.0
220
0.0
230
1.0
 40
0.645216
 41
1.8905109097325612
 42
3.0614398930020297
  0
ELLIPSE
  5
1BF
100
AcDbEntity
  8
0
370
    35
390
0
 62
     7
100
AcDbEllipse
 10
590.473755
 20
-477.075531
 30
0.0
 11
5.2276668548583984
 21
-30.099401473999023
 31
0.0
210
0.0
220
0.0
230
1.0
 40
0.645216
 41
2.352698690773352
 42
3.1416214489507044
  0
ELLIPSE
  5
1C0
100
AcDbEntity
  8
0
370
    35
390
0
 62
     7
100
AcDbEllipse
 10
590.473755
 20
-477.075531
 30
0.0
 11
5.2276668548583984
 21
-30.099401473999023
 31
0.0
210
0.0
220
0.0
230
1.0
 40
0.645216
 41
1.1813308496835164
 42
1.7645424784071395
  0
ELLIPSE
  5
1C1
100
AcDbEntity
  8
0
370
    35
390
0
 62
     7
100
AcDbEllipse
 10
590.473755
 20
-477.075531
 30
0.0
 11
5.2276668548583984
 21
-30.099401473999023
 31
0.0
210
0.0
220
0.0
230
1.0
 40
0.645216
 41
1.0261515682030486
 42
1.1813308496835164
  0
ELLIPSE
  5
1C2
100
AcDbEntity
  8
0
370
    35
390
0
 62
     7
100
AcDbEllipse
 10
680.339661
 20
-538.928589
 30
0.0
 11
3.4223678112030029
 21
-19.705009460449219
 31
0.0
210
0.0
220
0.0
230
1.0
 40
0.645216
 41
6.2831654605672673
 42
9.0353124836580001
  0
ELLIPSE
  5
1C3
100
AcDbEntity
  8
0
370
    35
390
0
 62
     7
100
AcDbEllipse
 10
549.073547
 20
-484.26593
 30
0.0
 11
3.4223678112030029
 21
-19.705009460449219
 31
0.0
210
0.0
220
0.0
230
1.0
 40
0.645216
 41
2.7521271764784125
 42
3.1415728069774742
  0
LINE
  5
1C4
100
AcDbEntity
  8
0
370
    35
390
0
 62
     7
100
AcDbLine
 10
585.917927
 20
-479.849314
 30
0.0
 11
550.734875
 21
-465.198166
 31
0.0
210
0.0
220
0.0
230
1.0
  0
LINE
  5
1C5
100
AcDbEntity
  8
0
370
    35
390
0
 62
     7
 48
0.219654
100
AcDbLine
 10
637.610918
 20
-415.516802
 30
0.0
 11
632.301798
 21
-408.516123
 31
0.0
210
0.0
220
0.0
230
1.0
  0
LINE
  5
1C6
100
AcDbEntity
  8
0
370
    35
390
0
 62
     7
100
AcDbLine
 10
637.610918
 20
-415.516802
 30
0.0
 11
605.54144
 21
-473.351439
 31
0.0
210
0.0
220
0.0
230
1.0
  0
ELLIPSE
  5
1C7
100
AcDbEntity
  8
0
370
    35
390
0
 62
     7
100
AcDbEllipse
 10
610.850586
 20
-480.352112
 30
0.0
 11
1.7111839056015015
 21
-9.8525047302246094
 31
0.0
210
0.0
220
0.0
230
1.0
 40
0.645216
 41
3.8167780201949579
 42
5.8937198300681946
  0
LINE
  5
1C8
100
AcDbEntity
  8
0
370
    35
390
0
 62
     7
100
AcDbLine
 10
682.001036
 20
-519.860849
 30
0.0
 11
610.019887
 21
-489.886004
 31
0.0
210
0.0
220
0.0
230
1.0
  0
ELLIPSE
  5
1C9
100
AcDbEntity
  8
0
370
    35
390
0
 62
     7
100
AcDbEllipse
 10
680.339661
 20
-538.928589
 30
0.0
 11
1.7111839056015015
 21
-9.8525047302246094
 31
0.0
210
0.0
220
0.0
230
1.0
 40
0.645216
 41
4.3229235032733095
 42
5.6495845864989898
  0
ELLIPSE
  5
1CA
100
AcDbEntity
  8
0
370
    35
390
0
 62
     7
100
AcDbEllipse
 10
680.339661
 20
-538.928589
 30
0.0
 11
1.7111839056015015
 21
-9.8525047302246094
 31
0.0
210
0.0
220
0.0
230
1.0
 40
0.645216
 41
3.7751933029682383
 42
4.3229235032733095
  0
LINE
  5
1CB
100
AcDbEntity
  8
0
370
    13
390
0
 62
     7
 48
0.191
100
AcDbLine
 10
674.473717
 20
-521.168194
 30
0.0
 11
682.001036
 21
-519.860849
 31
0.0
210
0.0
220
0.0
230
1.0
  0
ELLIPSE
  5
1CC
100
AcDbEntity
  8
0
370
    35
390
0
 62
     7
100
AcDbEllipse
 10
672.812378
 20
-540.235962
 30
0.0
 11
3.4223678112030029
 21
-19.705009460449219
 31
0.0
210
0.0
220
0.0
230
1.0
 40
0.645216
 41
6.2831654605672673
 42
9.0353124836580001
  0
ELLIPSE
  5
1CD
100
AcDbEntity
  8
0
370
    35
390
0
 62
     7
100
AcDbEllipse
 10
672.812378
 20
-540.235962
 30
0.0
 11
3.4223678112030029
 21
-19.705009460449219
 31
0.0
210
0.0
220
0.0
230
1.0
 40
0.645216
 41
5.8937198300682052
 42
6.2831654605672673
  0
LINE
  5
1CE
100
AcDbEntity
  8
0
370
    35
390
0
 62
     7
100
AcDbLine
 10
539.884862
 20
-504.641052
 30
0.0
 11
671.151022
 21
-559.303735
 31
0.0
210
0.0
220
0.0
230
1.0
  0
ELLIPSE
  5
1CF
100
AcDbEntity
  8
0
370
    35
390
0
 62
     7
100
AcDbEllipse
 10
541.546204
 20
-485.573273
 30
0.0
 11
3.4223678112030029
 21
-19.705009460449219
 31
0.0
210
0.0
220
0.0
230
1.0
 40
0.645216
 41
3.1415728069774742
 42
5.8937198300682052
  0
ELLIPSE
  5
1D0
100
AcDbEntity
  8
0
370
    35
390
0
 62
     7
100
AcDbEllipse
 10
541.546204
 20
-485.573273
 30
0.0
 11
3.4223678112030029
 21
-19.705009460449219
 31
0.0
210
0.0
220
0.0
230
1.0
 40
0.645216
 41
2.7521271764784125
 42
3.1415728069774742
  0
LINE
  5
1D1
100
AcDbEntity
  8
0
370
    13
390
0
 62
     7
 48
0.191
100
AcDbLine
 10
543.207556
 20
-466.505511
 30
0.0
 11
550.734875
 21
-465.198166
 31
0.0
210
0.0
220
0.0
230
1.0
  0
LINE
  5
1D2
100
AcDbEntity
  8
0
370
    35
390
0
 62
     7
100
AcDbLine
 10
580.092016
 20
-481.86517
 30
0.0
 11
543.207556
 21
-466.505511
 31
0.0
210
0.0
220
0.0
230
1.0
  0
LINE
  5
1D3
100
AcDbEntity
  8
0
370
    13
390
0
 62
     7
 48
0.122492
100
AcDbLine
 10
580.092016
 20
-481.86517
 30
0.0
 11
584.919439
 21
-481.026743
 31
0.0
210
0.0
220
0.0
230
1.0
  0
ELLIPSE
  5
1D4
100
AcDbEntity
  8
0
370
    35
390
0
 62
     7
100
AcDbEllipse
 10
580.922668
 20
-472.331299
 30
0.0
 11
1.7111839056015015
 21
-9.8525047302246094
 31
0.0
210
0.0
220
0.0
230
1.0
 40
0.645216
 41
5.8937198300682052
 42
6.2832427939882338
  0
ELLIPSE
  5
1D5
100
AcDbEntity
  8
0
370
    35
390
0
 62
     7
100
AcDbEllipse
 10
580.922668
 20
-472.331299
 30
0.0
 11
1.7111839056015015
 21
-9.8525047302246094
 31
0.0
210
0.0
220
0.0
230
1.0
 40
0.645216
 41
0.0000574868086473
 42
0.6751853666051655
  0
LINE
  5
1D6
100
AcDbEntity
  8
0
370
    35
390
0
 62
     7
100
AcDbLine
 10
624.774479
 20
-409.823468
 30
0.0
 11
586.23181
 21
-479.331965
 31
0.0
210
0.0
220
0.0
230
1.0
  0
LINE
  5
1D7
100
AcDbEntity
  8
0
370
    35
390
0
 62
     7
 48
0.191
100
AcDbLine
 10
624.774479
 20
-409.823468
 30
0.0
 11
632.301798
 21
-408.516123
 31
0.0
210
0.0
220
0.0
230
1.0
  0
LINE
  5
1D8
100
AcDbEntity
  8
0
370
    35
390
0
 62
     7
 48
0.219654
100
AcDbLine
 10
630.0836
 20
-416.824148
 30
0.0
 11
624.774479
 21
-409.823468
 31
0.0
210
0.0
220
0.0
230
1.0
  0
LINE
  5
1D9
100
AcDbEntity
  8
0
370
    35
390
0
 62
     7
 48
0.191
100
AcDbLine
 10
630.0836
 20
-416.824148
 30
0.0
 11
637.610918
 21
-415.516802
 31
0.0
210
0.0
220
0.0
230
1.0
  0
LINE
  5
1DA
100
AcDbEntity
  8
0
370
    35
390
0
 62
     7
100
AcDbLine
 10
630.0836
 20
-416.824148
 30
0.0
 11
598.014121
 21
-474.658785
 31
0.0
210
0.0
220
0.0
230
1.0
  0
LINE
  5
1DB
100
AcDbEntity
  8
0
370
    13
390
0
 62
     7
 48
0.191
100
AcDbLine
 10
598.014121
 20
-474.658785
 30
0.0
 11
605.54144
 21
-473.351439
 31
0.0
210
0.0
220
0.0
230
1.0
  0
ELLIPSE
  5
1DC
100
AcDbEntity
  8
0
370
    35
390
0
 62
     7
100
AcDbEllipse
 10
603.323242
 20
-481.659454
 30
0.0
 11
1.7111839056015015
 21
-9.8525047302246094
 31
0.0
210
0.0
220
0.0
230
1.0
 40
0.645216
 41
3.8167780201949579
 42
5.8937198300681946
  0
LINE
  5
1DD
100
AcDbEntity
  8
0
370
    13
390
0
 62
     7
 48
0.191
100
AcDbLine
 10
602.492568
 20
-491.19335
 30
0.0
 11
610.019887
 21
-489.886004
 31
0.0
210
0.0
220
0.0
230
1.0
  0
LINE
  5
1DE
100
AcDbEntity
  8
0
370
    35
390
0
 62
     7
100
AcDbLine
 10
674.473717
 20
-521.168194
 30
0.0
 11
602.492568
 21
-491.19335
 31
0.0
210
0.0
220
0.0
230
1.0
  0
ELLIPSE
  5
1DF
100
AcDbEntity
  8
0
370
    35
390
0
 62
     7
100
AcDbEllipse
 10
672.812378
 20
-540.235962
 30
0.0
 11
1.7111839056015015
 21
-9.8525047302246094
 31
0.0
210
0.0
220
0.0
230
1.0
 40
0.645216
 41
6.2831654605672611
 42
9.4247581141570524
  0
ELLIPSE
  5
1E0
100
AcDbEntity
  8
0
370
    35
390
0
 62
     7
100
AcDbEllipse
 10
672.812378
 20
-540.235962
 30
0.0
 11
1.7111839056015015
 21
-9.8525047302246094
 31
0.0
210
0.0
220
0.0
230
1.0
 40
0.645216
 41
4.3229235032733095
 42
6.2831654605672611
  0
ELLIPSE
  5
1E1
100
AcDbEntity
  8
0
370
    35
390
0
 62
     7
100
AcDbEllipse
 10
672.812378
 20
-540.235962
 30
0.0
 11
1.7111839056015015
 21
-9.8525047302246094
 31
0.0
210
0.0
220
0.0
230
1.0
 40
0.645216
 41
3.1415728069774689
 42
4.3229235032733095
  0
LINE
  5
1E2
100
AcDbEntity
  8
0
370
    35
390
0
 62
     7
 48
0.4775
100
AcDbLine
 10
566.427258
 20
-450.244595
 30
0.0
 11
585.245556
 21
-446.976231
 31
0.0
210
0.0
220
0.0
230
1.0
  0
LINE
  5
1E3
100
AcDbEntity
  8
0
370
    35
390
0
 62
     7
 48
0.191
100
AcDbLine
 10
676.234485
 20
-559.941018
 30
0.0
 11
683.761804
 21
-558.633673
 31
0.0
210
0.0
220
0.0
230
1.0
  0
LINE
  5
1E4
100
AcDbEntity
  8
0
370
    35
390
0
 62
     7
 48
0.191
100
AcDbLine
 10
538.124094
 20
-465.868228
 30
0.0
 11
545.651412
 21
-464.560883
 31
0.0
210
0.0
220
0.0
230
1.0
  0
LINE
  5
1E5
100
AcDbEntity
  8
0
370
    35
390
0
 62
     7
100
AcDbLine
 10
530.638355
 20
186.09849
 30
0.0
 11
400.02526
 21
240.489219
 31
0.0
210
0.0
220
0.0
230
1.0
  0
LINE
  5
1E6
100
AcDbEntity
  8
0
370
    35
390
0
 62
     7
100
AcDbLine
 10
530.638355
 20
186.09849
 30
0.0
 11
514.920935
 21
-91.48307
 31
0.0
210
0.0
220
0.0
230
1.0
  0
LINE
  5
1E7
100
AcDbEntity
  8
0
370
    35
390
0
 62
     7
100
AcDbLine
 10
511.74951
 20
-147.49284
 30
0.0
 11
505.967396
 21
-249.609347
 31
0.0
210
0.0
220
0.0
230
1.0
  0
LINE
  5
1E8
100
AcDbEntity
  8
0
370
    35
390
0
 62
     7
 48
0.353262
100
AcDbLine
 10
513.5605
 20
-275.608941
 30
0.0
 11
524.145853
 21
-284.969566
 31
0.0
210
0.0
220
0.0
230
1.0
  0
LINE
  5
1E9
100
AcDbEntity
  8
0
370
    35
390
0
 62
     7
 48
0.337665
100
AcDbLine
 10
524.145853
 20
-284.969566
 30
0.0
 11
520.053372
 21
-297.841226
 31
0.0
210
0.0
220
0.0
230
1.0
  0
LINE
  5
1EA
100
AcDbEntity
  8
0
370
    35
390
0
 62
     7
 48
0.385612
100
AcDbLine
 10
391.283838
 20
-135.339493
 30
0.0
 11
393.03613
 21
-120.014876
 31
0.0
210
0.0
220
0.0
230
1.0
  0
LINE
  5
1EB
100
AcDbEntity
  8
0
370
    35
390
0
 62
     7
100
AcDbLine
 10
397.834386
 20
-78.051889
 30
0.0
 11
426.922361
 21
176.336034
 31
0.0
210
0.0
220
0.0
230
1.0
  0
LINE
  5
1EC
100
AcDbEntity
  8
0
370
    35
390
0
 62
     7
100
AcDbLine
 10
435.406342
 20
-174.357006
 30
0.0
 11
391.283838
 21
-135.339493
 31
0.0
210
0.0
220
0.0
230
1.0
  0
LINE
  5
1ED
100
AcDbEntity
  8
0
370
    35
390
0
 62
     7
100
AcDbLine
 10
372.822418
 20
-198.861518
 30
0.0
 11
485.1163
 21
-298.162954
 31
0.0
210
0.0
220
0.0
230
1.0
  0
LINE
  5
1EE
100
AcDbEntity
  8
0
370
    35
390
0
 62
     7
100
AcDbLine
 10
476.679899
 20
-269.275818
 30
0.0
 11
375.583266
 21
-179.876105
 31
0.0
210
0.0
220
0.0
230
1.0
  0
LINE
  5
1EF
100
AcDbEntity
  8
0
370
    35
390
0
 62
     7
 48
0.189611
100
AcDbLine
 10
516.673275
 20
-286.267404
 30
0.0
 11
524.145853
 21
-284.969566
 31
0.0
210
0.0
220
0.0
230
1.0
  0
LINE
  5
1F0
100
AcDbEntity
  8
0
370
    35
390
0
 62
     7
100
AcDbLine
 10
468.840955
 20
-242.434467
 30
0.0
 11
429.222509
 21
-207.39989
 31
0.0
210
0.0
220
0.0
230
1.0
  0
LINE
  5
1F1
100
AcDbEntity
  8
0
370
    35
390
0
 62
     7
100
AcDbLine
 10
425.69943
 20
-204.284433
 30
0.0
 11
404.034453
 21
-185.126102
 31
0.0
210
0.0
220
0.0
230
1.0
  0
LINE
  5
1F2
100
AcDbEntity
  8
0
370
    35
390
0
 62
     7
100
AcDbLine
 10
359.52364
 20
-62.098295
 30
0.0
 11
394.003404
 21
239.443343
 31
0.0
210
0.0
220
0.0
230
1.0
  0
LINE
  5
1F3
100
AcDbEntity
  8
0
370
    35
390
0
 62
     7
 48
0.1528
100
AcDbLine
 10
394.003404
 20
239.443343
 30
0.0
 11
400.02526
 21
240.489219
 31
0.0
210
0.0
220
0.0
230
1.0
  0
LINE
  5
1F4
100
AcDbEntity
  8
0
370
    35
390
0
 62
     7
100
AcDbLine
 10
524.6165
 20
185.052614
 30
0.0
 11
394.003404
 21
239.443343
 31
0.0
210
0.0
220
0.0
230
1.0
  0
LINE
  5
1F5
100
AcDbEntity
  8
0
370
    35
390
0
 62
     7
 48
0.1528
100
AcDbLine
 10
524.6165
 20
185.052614
 30
0.0
 11
530.638355
 21
186.09849
 31
0.0
210
0.0
220
0.0
230
1.0
  0
LINE
  5
1F6
100
AcDbEntity
  8
0
370
    35
390
0
 62
     7
100
AcDbLine
 10
524.6165
 20
185.052614
 30
0.0
 11
509.666111
 21
-78.98258
 31
0.0
210
0.0
220
0.0
230
1.0
  0
LINE
  5
1F7
100
AcDbEntity
  8
0
370
    35
390
0
 62
     7
100
AcDbLine
 10
505.311433
 20
-155.889502
 30
0.0
 11
500.973072
 21
-232.508243
 31
0.0
210
0.0
220
0.0
230
1.0
  0
LINE
  5
1F8
100
AcDbEntity
  8
0
370
    35
390
0
 62
     7
100
AcDbLine
 10
421.288365
 20
178.682169
 30
0.0
 11
489.199663
 21
150.402118
 31
0.0
210
0.0
220
0.0
230
1.0
  0
LINE
  5
1F9
100
AcDbEntity
  8
0
370
    35
390
0
 62
     7
 48
0.065263
100
AcDbLine
 10
388.711834
 20
-135.786199
 30
0.0
 11
391.283838
 21
-135.339493
 31
0.0
210
0.0
220
0.0
230
1.0
  0
LINE
  5
1FA
100
AcDbEntity
  8
0
370
    35
390
0
 62
     7
100
AcDbLine
 10
392.20039
 20
-75.705753
 30
0.0
 11
421.288365
 21
178.682169
 31
0.0
210
0.0
220
0.0
230
1.0
  0
LINE
  5
1FB
100
AcDbEntity
  8
0
370
    35
390
0
 62
     7
100
AcDbLine
 10
421.791809
 20
-168.68868
 30
0.0
 11
399.279603
 21
-148.781146
 31
0.0
210
0.0
220
0.0
230
1.0
  0
LINE
  5
1FC
100
AcDbEntity
  8
0
370
    35
390
0
 62
     7
 48
0.289706
100
AcDbLine
 10
396.603753
 20
-146.414893
 30
0.0
 11
387.922855
 21
-138.738378
 31
0.0
210
0.0
220
0.0
230
1.0
  0
LINE
  5
1FD
100
AcDbEntity
  8
0
370
    35
390
0
 62
     7
100
AcDbLine
 10
489.199663
 20
150.402118
 30
0.0
 11
477.592771
 21
-54.584393
 31
0.0
210
0.0
220
0.0
230
1.0
  0
ELLIPSE
  5
1FE
100
AcDbEntity
  8
0
370
    35
390
0
 62
     7
100
AcDbEllipse
 10
517.721802
 20
-278.05658
 30
0.0
 11
-3.3122057914733887
 21
-3.7455697059631348
 31
0.0
210
0.0
220
0.0
230
1.0
 40
0.594697
 41
1.3849815274104875
 42
3.1416354981820942
  0
ELLIPSE
  5
1FF
100
AcDbEntity
  8
0
370
    35
390
0
 62
     7
100
AcDbEllipse
 10
517.721802
 20
-278.05658
 30
0.0
 11
-3.3122057914733887
 21
-3.7455697059631348
 31
0.0
210
0.0
220
0.0
230
1.0
 40
0.594697
 41
3.1416354981820942
 42
4.8980906329350038
  0
LINE
  5
200
100
AcDbEntity
  8
0
370
    35
390
0
 62
     7
 48
0.296768
100
AcDbLine
 10
307.174093
 20
-85.194761
 30
0.0
 11
316.066615
 21
-93.058414
 31
0.0
210
0.0
220
0.0
230
1.0
  0
LINE
  5
201
100
AcDbEntity
  8
0
370
    35
390
0
 62
     7
 48
0.353303
100
AcDbLine
 10
510.447357
 20
-264.949227
 30
0.0
 11
521.033939
 21
-274.310938
 31
0.0
210
0.0
220
0.0
230
1.0
  0
LINE
  5
202
100
AcDbEntity
  8
0
370
    35
390
0
 62
     7
 48
0.299127
100
AcDbLine
 10
305.247656
 20
-96.840317
 30
0.0
 11
314.210864
 21
-104.766478
 31
0.0
210
0.0
220
0.0
230
1.0
  0
ELLIPSE
  5
203
100
AcDbEntity
  8
0
370
    35
390
0
 62
     7
100
AcDbEllipse
 10
326.573334
 20
-130.27858
 30
0.0
 11
4.2779598236083984
 21
-24.631261825561523
 31
0.0
210
0.0
220
0.0
230
1.0
 40
0.645216
 41
3.9215486835946041
 42
4.300872136718235
  0
POINT
  5
204
100
AcDbEntity
  8
0
370
     5
390
0
 62
     7
100
AcDbPoint
 10
302.109558
 20
-134.527466
 30
0.0
210
0.0
220
0.0
230
1.0
  0
ENDBLK
  5
205
100
AcDbEntity
  8
0
390
0
100
AcDbBlockEnd
  0
BLOCK
  5
206
100
AcDbEntity
  8
0
370
     0
390
0
100
AcDbBlockBegin
  2
BLOCK31
 70
     0
 10
0.0
 20
0.0
 30
0.0
  3
BLOCK31
  1

  0
TEXT
  5
207
100
AcDbEntity
  8
0
370
    13
390
0
 62
     7
100
AcDbText
 10
-114.478844
 20
-528.511658
 30
0.0
 40
3.5
  1
Isometric view
 72
     5
 11
-71.974525
 21
-528.511658
 31
0.0
100
AcDbText
  0
TEXT
  5
208
100
AcDbEntity
  8
0
370
    13
390
0
 62
     7
100
AcDbText
 10
-114.478844
 20
-534.558472
 30
0.0
 40
3.5
  1
Scale:
 72
     5
 11
-96.262703
 21
-534.558472
 31
0.0
100
AcDbText
  0
TEXT
  5
209
100
AcDbEntity
  8
0
370
    13
390
0
 62
     7
100
AcDbText
 10
-96.262703
 20
-534.558472
 30
0.0
 40
3.5
  1
  1:1
 72
     5
 11
-81.082588
 21
-534.558472
 31
0.0
100
AcDbText
  0
ENDBLK
  5
20A
100
AcDbEntity
  8
0
390
0
100
AcDbBlockEnd
  0
BLOCK
  5
20B
100
AcDbEntity
  8
0
370
     0
390
0
100
AcDbBlockBegin
  2
BLOCK32
 70
     0
 10
0.0
 20
0.0
 30
0.0
  3
BLOCK32
  1

  0
ELLIPSE
  5
20C
100
AcDbEntity
  8
0
370
    35
390
0
 62
     7
100
AcDbEllipse
 10
-236.51828
 20
-138.397446
 30
0.0
 11
-23.656169891357422
 21
-49.320133209228516
 31
0.0
210
0.0
220
0.0
230
1.0
 40
0.654548
 41
3.1416077889930323
 42
5.1838025662814831
  0
ELLIPSE
  5
20D
100
AcDbEntity
  8
0
370
    35
390
0
 62
     7
100
AcDbEllipse
 10
-236.51828
 20
-138.397446
 30
0.0
 11
-23.656169891357422
 21
-49.320133209228516
 31
0.0
210
0.0
220
0.0
230
1.0
 40
0.654548
 41
5.1838025662814831
 42
6.2832004425828281
  0
ELLIPSE
  5
20E
100
AcDbEntity
  8
0
370
    35
390
0
 62
     7
100
AcDbEllipse
 10
-219.476685
 20
-146.571365
 30
0.0
 11
-23.656169891357422
 21
-49.320133209228516
 31
0.0
210
0.0
220
0.0
230
1.0
 40
0.654548
 41
3.0427208021156273
 42
3.1416077889930323
  0
ELLIPSE
  5
20F
100
AcDbEntity
  8
0
370
    35
390
0
 62
     7
100
AcDbEllipse
 10
-219.476685
 20
-146.571365
 30
0.0
 11
-23.656169891357422
 21
-49.320133209228516
 31
0.0
210
0.0
220
0.0
230
1.0
 40
0.654548
 41
3.1416077889930323
 42
5.1838025662814831
  0
ELLIPSE
  5
210
100
AcDbEntity
  8
0
370
    35
390
0
 62
     7
100
AcDbEllipse
 10
-219.476685
 20
-146.571365
 30
0.0
 11
-23.656169891357422
 21
-49.320133209228516
 31
0.0
210
0.0
220
0.0
230
1.0
 40
0.654548
 41
5.1838025662814831
 42
6.2832004425828281
  0
ELLIPSE
  5
211
100
AcDbEntity
  8
0
370
    35
390
0
 62
     7
100
AcDbEllipse
 10
-219.476685
 20
-146.571365
 30
0.0
 11
-23.656169891357422
 21
-49.320133209228516
 31
0.0
210
0.0
220
0.0
230
1.0
 40
0.654548
 41
0.0000151354032415
 42
0.9547367166760221
  0
LINE
  5
212
100
AcDbEntity
  8
0
370
    35
390
0
 62
     7
100
AcDbLine
 10
3.507234
 20
-348.424543
 30
0.0
 11
69.529727
 21
-176.636043
 31
0.0
210
0.0
220
0.0
230
1.0
  0
LINE
  5
213
100
AcDbEntity
  8
0
370
    35
390
0
 62
     7
100
AcDbLine
 10
75.215307
 20
-161.842337
 30
0.0
 11
111.902941
 21
-66.38224
 31
0.0
210
0.0
220
0.0
230
1.0
  0
LINE
  5
214
100
AcDbEntity
  8
0
370
    35
390
0
 62
     7
 48
0.037837
100
AcDbLine
 10
112.445891
 20
-64.9695
 30
0.0
 11
111.902941
 21
-66.38224
 31
0.0
210
0.0
220
0.0
230
1.0
  0
LINE
  5
215
100
AcDbEntity
  8
0
370
    35
390
0
 62
     7
100
AcDbLine
 10
380.1707
 20
631.642232
 30
0.0
 11
119.60795
 21
-46.334044
 31
0.0
210
0.0
220
0.0
230
1.0
  0
ELLIPSE
  5
216
100
AcDbEntity
  8
0
370
    35
390
0
 62
     7
100
AcDbEllipse
 10
367.399902
 20
635.060608
 30
0.0
 11
-8.6494216918945313
 21
-18.032955169677734
 31
0.0
210
0.0
220
0.0
230
1.0
 40
0.654548
 41
3.1416656712092039
 42
4.8347367158826176
  0
ELLIPSE
  5
217
100
AcDbEntity
  8
0
370
    35
390
0
 62
     7
100
AcDbEllipse
 10
367.399902
 20
635.060608
 30
0.0
 11
-8.6494216918945313
 21
-18.032955169677734
 31
0.0
210
0.0
220
0.0
230
1.0
 40
0.654548
 41
1.6931440622928242
 42
3.1416656712092039
  0
LINE
  5
218
100
AcDbEntity
  8
0
370
    35
390
0
 62
     7
100
AcDbLine
 10
101.368675
 20
-20.496852
 30
0.0
 11
354.629079
 21
638.478942
 31
0.0
210
0.0
220
0.0
230
1.0
  0
ELLIPSE
  5
219
100
AcDbEntity
  8
0
370
    35
390
0
 62
     7
100
AcDbEllipse
 10
88.597862
 20
-17.078497
 30
0.0
 11
-8.6494216918945313
 21
-18.032955169677734
 31
0.0
210
0.0
220
0.0
230
1.0
 40
0.654548
 41
0.4714135858967929
 42
1.693144062292824
  0
LINE
  5
21A
100
AcDbEntity
  8
0
370
    35
390
0
 62
     7
100
AcDbLine
 10
-28.125449
 20
-60.624915
 30
0.0
 11
86.252348
 21
-35.715682
 31
0.0
210
0.0
220
0.0
230
1.0
  0
LINE
  5
21B
100
AcDbEntity
  8
0
370
    35
390
0
 62
     7
100
AcDbLine
 10
-150.110476
 20
-87.190854
 30
0.0
 11
-70.092181
 21
-69.764444
 31
0.0
210
0.0
220
0.0
230
1.0
  0
LINE
  5
21C
100
AcDbEntity
  8
0
370
    35
390
0
 62
     7
 48
0.093128
100
AcDbLine
 10
-195.97201
 20
-97.178594
 30
0.0
 11
-192.33221
 21
-96.385917
 31
0.0
210
0.0
220
0.0
230
1.0
  0
LINE
  5
21D
100
AcDbEntity
  8
0
370
    35
390
0
 62
     7
100
AcDbLine
 10
-291.97194
 20
-118.08549
 30
0.0
 11
-262.235562
 21
-111.609491
 31
0.0
210
0.0
220
0.0
230
1.0
  0
ELLIPSE
  5
21E
100
AcDbEntity
  8
0
370
    35
390
0
 62
     7
100
AcDbEllipse
 10
-294.317444
 20
-136.722672
 30
0.0
 11
-8.6494216918945313
 21
-18.032955169677734
 31
0.0
210
0.0
220
0.0
230
1.0
 40
0.654548
 41
3.6130062394865861
 42
6.2831845891409701
  0
ELLIPSE
  5
21F
100
AcDbEntity
  8
0
370
    35
390
0
 62
     7
100
AcDbEllipse
 10
-294.317444
 20
-136.722672
 30
0.0
 11
-8.6494216918945313
 21
-18.032955169677734
 31
0.0
210
0.0
220
0.0
230
1.0
 40
0.654548
 41
6.2831845891409683
 42
6.7545988930763796
  0
LINE
  5
220
100
AcDbEntity
  8
0
370
    35
390
0
 62
     7
 48
0.411508
100
AcDbLine
 10
-296.662974
 20
-155.359858
 30
0.0
 11
-280.57963
 21
-151.857222
 31
0.0
210
0.0
220
0.0
230
1.0
  0
LINE
  5
221
100
AcDbEntity
  8
0
370
    35
390
0
 62
     7
 48
0.048878
100
AcDbLine
 10
-175.61276
 20
-258.980935
 30
0.0
 11
-177.127606
 21
-257.744913
 31
0.0
210
0.0
220
0.0
230
1.0
  0
LINE
  5
222
100
AcDbEntity
  8
0
370
    35
390
0
 62
     7
100
AcDbLine
 10
-37.019982
 20
-372.064254
 30
0.0
 11
-133.621743
 21
-293.243064
 31
0.0
210
0.0
220
0.0
230
1.0
  0
ELLIPSE
  5
223
100
AcDbEntity
  8
0
370
    35
390
0
 62
     7
100
AcDbEllipse
 10
-18.841684
 20
-342.442413
 30
0.0
 11
-15.136488914489746
 21
-31.557672500610352
 31
0.0
210
0.0
220
0.0
230
1.0
 40
0.654548
 41
0.0000169230430832
 42
1.6931440622928231
  0
ELLIPSE
  5
224
100
AcDbEntity
  8
0
370
    35
390
0
 62
     7
100
AcDbEllipse
 10
-18.841684
 20
-342.442413
 30
0.0
 11
-15.136488914489746
 21
-31.557672500610352
 31
0.0
210
0.0
220
0.0
230
1.0
 40
0.654548
 41
6.1262803623584201
 42
6.2832022302226695
  0
ELLIPSE
  5
225
100
AcDbEntity
  8
0
370
    35
390
0
 62
     7
100
AcDbEllipse
 10
104.134583
 20
-49.947659
 30
0.0
 11
-4.3247108459472656
 21
-9.0164775848388672
 31
0.0
210
0.0
220
0.0
230
1.0
 40
0.654548
 41
3.1415325411994273
 42
6.2831251947892186
  0
ELLIPSE
  5
226
100
AcDbEntity
  8
0
370
    35
390
0
 62
     7
100
AcDbEllipse
 10
104.134583
 20
-49.947659
 30
0.0
 11
-4.3247108459472656
 21
-9.0164775848388672
 31
0.0
210
0.0
220
0.0
230
1.0
 40
0.654548
 41
6.2831251947892186
 42
6.3832288421954084
  0
ELLIPSE
  5
227
100
AcDbEntity
  8
0
370
    35
390
0
 62
     7
100
AcDbEllipse
 10
104.134583
 20
-49.947659
 30
0.0
 11
-4.3247108459472656
 21
-9.0164775848388672
 31
0.0
210
0.0
220
0.0
230
1.0
 40
0.654548
 41
3.0416019168245394
 42
3.1415325411994273
  0
ELLIPSE
  5
228
100
AcDbEntity
  8
0
370
    35
390
0
 62
     7
100
AcDbEllipse
 10
367.399902
 20
635.060608
 30
0.0
 11
-4.3247108459472656
 21
-9.0164775848388672
 31
0.0
210
0.0
220
0.0
230
1.0
 40
0.654548
 41
3.1415325411994242
 42
6.2831251947892186
  0
ELLIPSE
  5
229
100
AcDbEntity
  8
0
370
    35
390
0
 62
     7
100
AcDbEllipse
 10
367.399902
 20
635.060608
 30
0.0
 11
-4.3247108459472656
 21
-9.0164775848388672
 31
0.0
210
0.0
220
0.0
230
1.0
 40
0.654548
 41
6.2831251947892186
 42
8.3253952198712735
  0
ELLIPSE
  5
22A
100
AcDbEntity
  8
0
370
    35
390
0
 62
     7
100
AcDbEllipse
 10
367.399902
 20
635.060608
 30
0.0
 11
-4.3247108459472656
 21
-9.0164775848388672
 31
0.0
210
0.0
220
0.0
230
1.0
 40
0.654548
 41
2.0422099126916895
 42
3.1415325411994242
  0
ELLIPSE
  5
22B
100
AcDbEntity
  8
0
370
    35
390
0
 62
     7
100
AcDbEllipse
 10
104.134583
 20
-49.947659
 30
0.0
 11
-129.1358642578125
 21
-269.23202514648437
 31
0.0
210
0.0
220
0.0
230
1.0
 40
0.654548
 41
0.0000179533678222
 42
0.0821650257479028
  0
ELLIPSE
  5
22C
100
AcDbEntity
  8
0
370
    35
390
0
 62
     7
100
AcDbEllipse
 10
104.134583
 20
-49.947659
 30
0.0
 11
-129.1358642578125
 21
-269.23202514648437
 31
0.0
210
0.0
220
0.0
230
1.0
 40
0.654548
 41
5.8808557171381981
 42
6.283203260547408
  0
ELLIPSE
  5
22D
100
AcDbEntity
  8
0
370
    35
390
0
 62
     7
100
AcDbEllipse
 10
104.134583
 20
-49.947659
 30
0.0
 11
-129.1358642578125
 21
-269.23202514648437
 31
0.0
210
0.0
220
0.0
230
1.0
 40
0.654548
 41
5.5871407747881188
 42
5.6539335759416236
  0
ELLIPSE
  5
22E
100
AcDbEntity
  8
0
370
    35
390
0
 62
     7
100
AcDbEllipse
 10
104.134583
 20
-49.947659
 30
0.0
 11
-129.1358642578125
 21
-269.23202514648437
 31
0.0
210
0.0
220
0.0
230
1.0
 40
0.654548
 41
5.223985276031506
 42
5.4201980841463371
  0
ELLIPSE
  5
22F
100
AcDbEntity
  8
0
370
    35
390
0
 62
     7
100
AcDbEllipse
 10
-14.884539
 20
-336.731628
 30
0.0
 11
-5.405888557434082
 21
-11.270597457885742
 31
0.0
210
0.0
220
0.0
230
1.0
 40
0.654548
 41
0.0821650257479037
 42
3.1415425485844657
  0
ELLIPSE
  5
230
100
AcDbEntity
  8
0
370
    35
390
0
 62
     7
100
AcDbEllipse
 10
-14.884539
 20
-336.731628
 30
0.0
 11
-5.405888557434082
 21
-11.270597457885742
 31
0.0
210
0.0
220
0.0
230
1.0
 40
0.654548
 41
3.1415425485844657
 42
3.2237576793376963
  0
ELLIPSE
  5
231
100
AcDbEntity
  8
0
370
    35
390
0
 62
     7
100
AcDbEllipse
 10
104.134583
 20
-49.947659
 30
0.0
 11
-139.94764709472656
 21
-291.77322387695312
 31
0.0
210
0.0
220
0.0
230
1.0
 40
0.654548
 41
5.223985276031506
 42
5.6398204056868648
  0
ELLIPSE
  5
232
100
AcDbEntity
  8
0
370
    35
390
0
 62
     7
100
AcDbEllipse
 10
104.134583
 20
-49.947659
 30
0.0
 11
-139.94764709472656
 21
-291.77322387695312
 31
0.0
210
0.0
220
0.0
230
1.0
 40
0.654548
 41
5.84770803959871
 42
6.2832032605474071
  0
ELLIPSE
  5
233
100
AcDbEntity
  8
0
370
    35
390
0
 62
     7
100
AcDbEllipse
 10
104.134583
 20
-49.947659
 30
0.0
 11
-139.94764709472656
 21
-291.77322387695312
 31
0.0
210
0.0
220
0.0
230
1.0
 40
0.654548
 41
0.0000179533678204
 42
0.0821650257479028
  0
ELLIPSE
  5
234
100
AcDbEntity
  8
0
370
    35
390
0
 62
     7
100
AcDbEllipse
 10
-121.82785
 20
-110.484528
 30
0.0
 11
-5.405888557434082
 21
-11.270597457885742
 31
0.0
210
0.0
220
0.0
230
1.0
 40
0.654548
 41
2.0823926224417142
 42
3.1415525753927467
  0
ELLIPSE
  5
235
100
AcDbEntity
  8
0
370
    35
390
0
 62
     7
100
AcDbEllipse
 10
-121.82785
 20
-110.484528
 30
0.0
 11
-5.405888557434082
 21
-11.270597457885742
 31
0.0
210
0.0
220
0.0
230
1.0
 40
0.654548
 41
3.1415525753927467
 42
5.2239852760315069
  0
ELLIPSE
  5
236
100
AcDbEntity
  8
0
370
    35
390
0
 62
     7
100
AcDbEllipse
 10
360.583252
 20
638.330139
 30
0.0
 11
-8.6494216918945313
 21
-18.032955169677734
 31
0.0
210
0.0
220
0.0
230
1.0
 40
0.654548
 41
3.1416656712092008
 42
3.2639403890877206
  0
ELLIPSE
  5
237
100
AcDbEntity
  8
0
370
    35
390
0
 62
     7
100
AcDbEllipse
 10
360.583252
 20
638.330139
 30
0.0
 11
-8.6494216918945313
 21
-18.032955169677734
 31
0.0
210
0.0
220
0.0
230
1.0
 40
0.654548
 41
3.2639403890877192
 42
4.8347367158826158
  0
LINE
  5
238
100
AcDbEntity
  8
0
370
    13
390
0
 62
     7
 48
0.189005
100
AcDbLine
 10
347.812441
 20
641.74851
 30
0.0
 11
354.629079
 21
638.478942
 31
0.0
210
0.0
220
0.0
230
1.0
  0
LINE
  5
239
100
AcDbEntity
  8
0
370
    35
390
0
 62
     7
100
AcDbLine
 10
94.552037
 20
-17.227284
 30
0.0
 11
347.812441
 21
641.74851
 31
0.0
210
0.0
220
0.0
230
1.0
  0
LINE
  5
23A
100
AcDbEntity
  8
0
370
    13
390
0
 62
     7
 48
0.189005
100
AcDbLine
 10
94.552037
 20
-17.227284
 30
0.0
 11
101.368675
 21
-20.496852
 31
0.0
210
0.0
220
0.0
230
1.0
  0
ELLIPSE
  5
23B
100
AcDbEntity
  8
0
370
    35
390
0
 62
     7
100
AcDbEllipse
 10
81.781227
 20
-13.808929
 30
0.0
 11
-8.6494216918945313
 21
-18.032955169677734
 31
0.0
210
0.0
220
0.0
230
1.0
 40
0.654548
 41
0.4714135858967929
 42
1.693144062292824
  0
LINE
  5
23C
100
AcDbEntity
  8
0
370
    13
390
0
 62
     7
 48
0.189005
100
AcDbLine
 10
79.43571
 20
-32.446114
 30
0.0
 11
86.252348
 21
-35.715682
 31
0.0
210
0.0
220
0.0
230
1.0
  0
LINE
  5
23D
100
AcDbEntity
  8
0
370
    13
390
0
 62
     7
 48
0.189005
100
AcDbLine
 10
-298.788578
 20
-114.815921
 30
0.0
 11
-291.97194
 21
-118.08549
 31
0.0
210
0.0
220
0.0
230
1.0
  0
LINE
  5
23E
100
AcDbEntity
  8
0
370
    35
390
0
 62
     7
100
AcDbLine
 10
-27.653972
 20
-55.768139
 30
0.0
 11
79.43571
 21
-32.446114
 31
0.0
210
0.0
220
0.0
230
1.0
  0
LINE
  5
23F
100
AcDbEntity
  8
0
370
    35
390
0
 62
     7
100
AcDbLine
 10
-149.330496
 20
-82.266892
 30
0.0
 11
-69.62041
 21
-64.907604
 31
0.0
210
0.0
220
0.0
230
1.0
  0
LINE
  5
240
100
AcDbEntity
  8
0
370
    35
390
0
 62
     7
 48
0.287495
100
AcDbLine
 10
-202.788648
 20
-93.909026
 30
0.0
 11
-191.55223
 21
-91.461955
 31
0.0
210
0.0
220
0.0
230
1.0
  0
LINE
  5
241
100
AcDbEntity
  8
0
370
    35
390
0
 62
     7
100
AcDbLine
 10
-298.788578
 20
-114.815921
 30
0.0
 11
-257.87711
 21
-105.906209
 31
0.0
210
0.0
220
0.0
230
1.0
  0
ELLIPSE
  5
242
100
AcDbEntity
  8
0
370
    35
390
0
 62
     7
100
AcDbEllipse
 10
-301.134094
 20
-133.45311
 30
0.0
 11
-8.6494216918945313
 21
-18.032955169677734
 31
0.0
210
0.0
220
0.0
230
1.0
 40
0.654548
 41
3.6130062394865861
 42
6.2831845891409701
  0
LINE
  5
243
100
AcDbEntity
  8
0
370
    35
390
0
 62
     7
100
AcDbLine
 10
-211.787609
 20
-219.204099
 30
0.0
 11
-209.186865
 21
-198.538906
 31
0.0
210
0.0
220
0.0
230
1.0
  0
LINE
  5
244
100
AcDbEntity
  8
0
370
    13
390
0
 62
     7
 48
0.189005
100
AcDbLine
 10
-43.83662
 20
-368.794686
 30
0.0
 11
-37.019982
 21
-372.064254
 31
0.0
210
0.0
220
0.0
230
1.0
  0
LINE
  5
245
100
AcDbEntity
  8
0
370
    35
390
0
 62
     7
 48
0.006042
100
AcDbLine
 10
-177.261934
 20
-259.927705
 30
0.0
 11
-177.44919
 21
-259.774915
 31
0.0
210
0.0
220
0.0
230
1.0
  0
LINE
  5
246
100
AcDbEntity
  8
0
370
    35
390
0
 62
     7
100
AcDbLine
 10
-43.83662
 20
-368.794686
 30
0.0
 11
-135.271039
 21
-294.189734
 31
0.0
210
0.0
220
0.0
230
1.0
  0
ELLIPSE
  5
247
100
AcDbEntity
  8
0
370
    35
390
0
 62
     7
100
AcDbEllipse
 10
-25.658323
 20
-339.172852
 30
0.0
 11
-15.136488914489746
 21
-31.557672500610352
 31
0.0
210
0.0
220
0.0
230
1.0
 40
0.654548
 41
6.1262803623584201
 42
6.2832022302226695
  0
ELLIPSE
  5
248
100
AcDbEntity
  8
0
370
    35
390
0
 62
     7
100
AcDbEllipse
 10
360.583252
 20
638.330139
 30
0.0
 11
-4.3247108459472656
 21
-9.0164775848388672
 31
0.0
210
0.0
220
0.0
230
1.0
 40
0.654548
 41
0.615678003966022
 42
2.0422099126916895
  0
ELLIPSE
  5
249
100
AcDbEntity
  8
0
370
    35
390
0
 62
     7
100
AcDbEllipse
 10
360.583252
 20
638.330139
 30
0.0
 11
-4.3247108459472656
 21
-9.0164775848388672
 31
0.0
210
0.0
220
0.0
230
1.0
 40
0.654548
 41
2.0422099126916895
 42
2.5259143113920342
  0
ELLIPSE
  5
24A
100
AcDbEntity
  8
0
370
    35
390
0
 62
     7
100
AcDbEllipse
 10
97.317947
 20
-46.678093
 30
0.0
 11
-129.1358642578125
 21
-269.23202514648437
 31
0.0
210
0.0
220
0.0
230
1.0
 40
0.654548
 41
5.9100932180262333
 42
6.283203260547408
  0
ELLIPSE
  5
24B
100
AcDbEntity
  8
0
370
    35
390
0
 62
     7
100
AcDbEllipse
 10
97.317947
 20
-46.678093
 30
0.0
 11
-129.1358642578125
 21
-269.23202514648437
 31
0.0
210
0.0
220
0.0
230
1.0
 40
0.654548
 41
5.5871407449553177
 42
5.6811130643857144
  0
ELLIPSE
  5
24C
100
AcDbEntity
  8
0
370
    35
390
0
 62
     7
100
AcDbEllipse
 10
97.317947
 20
-46.678093
 30
0.0
 11
-129.1358642578125
 21
-269.23202514648437
 31
0.0
210
0.0
220
0.0
230
1.0
 40
0.654548
 41
5.223985276031506
 42
5.4201980841463371
  0
LINE
  5
24D
100
AcDbEntity
  8
0
370
    13
390
0
 62
     7
 48
0.189005
100
AcDbLine
 10
-119.565319
 20
-104.782591
 30
0.0
 11
-112.748681
 21
-108.052159
 31
0.0
210
0.0
220
0.0
230
1.0
  0
LINE
  5
24E
100
AcDbEntity
  8
0
370
    13
390
0
 62
     7
 48
0.189005
100
AcDbLine
 10
-26.483365
 20
-344.985036
 30
0.0
 11
-19.666728
 21
-348.254604
 31
0.0
210
0.0
220
0.0
230
1.0
  0
ELLIPSE
  5
24F
100
AcDbEntity
  8
0
370
    35
390
0
 62
     7
100
AcDbEllipse
 10
-21.701176
 20
-333.462067
 30
0.0
 11
-5.405888557434082
 21
-11.270597457885742
 31
0.0
210
0.0
220
0.0
230
1.0
 40
0.654548
 41
0.0821650257479037
 42
2.8490338755467612
  0
ELLIPSE
  5
250
100
AcDbEntity
  8
0
370
    35
390
0
 62
     7
100
AcDbEllipse
 10
97.317947
 20
-46.678093
 30
0.0
 11
-139.94764709472656
 21
-291.77322387695312
 31
0.0
210
0.0
220
0.0
230
1.0
 40
0.654548
 41
0.0178424366959936
 42
0.0821650257479028
  0
ELLIPSE
  5
251
100
AcDbEntity
  8
0
370
    35
390
0
 62
     7
100
AcDbEllipse
 10
-128.644485
 20
-107.214966
 30
0.0
 11
-5.405888557434082
 21
-11.270597457885742
 31
0.0
210
0.0
220
0.0
230
1.0
 40
0.654548
 41
2.0823926224417142
 42
2.6613324171159469
  0
ELLIPSE
  5
252
100
AcDbEntity
  8
0
370
    35
390
0
 62
     7
100
AcDbEllipse
 10
76.868034
 20
-36.869389
 30
0.0
 11
-125.892333984375
 21
-262.46966552734375
 31
0.0
210
0.0
220
0.0
230
1.0
 40
0.654548
 41
5.5622877288691752
 42
5.7714048043251394
  0
ELLIPSE
  5
253
100
AcDbEntity
  8
0
370
    35
390
0
 62
     7
100
AcDbEllipse
 10
76.868034
 20
-36.869389
 30
0.0
 11
-125.892333984375
 21
-262.46966552734375
 31
0.0
210
0.0
220
0.0
230
1.0
 40
0.654548
 41
6.0154922139294325
 42
6.1227815021418692
  0
LINE
  5
254
100
AcDbEntity
  8
0
370
    35
390
0
 62
     7
 48
0.472513
100
AcDbLine
 10
-260.173961
 20
-187.717812
 30
0.0
 11
-243.132366
 21
-195.891732
 31
0.0
210
0.0
220
0.0
230
1.0
  0
LINE
  5
255
100
AcDbEntity
  8
0
370
    35
390
0
 62
     7
 48
0.472513
100
AcDbLine
 10
-212.8626
 20
-89.077074
 30
0.0
 11
-195.821006
 21
-97.250995
 31
0.0
210
0.0
220
0.0
230
1.0
  0
LINE
  5
256
100
AcDbEntity
  8
0
370
    35
390
0
 62
     7
 48
0.189005
100
AcDbLine
 10
369.231811
 20
656.363524
 30
0.0
 11
376.048449
 21
653.093956
 31
0.0
210
0.0
220
0.0
230
1.0
  0
LINE
  5
257
100
AcDbEntity
  8
0
370
    35
390
0
 62
     7
 48
0.189005
100
AcDbLine
 10
-309.783525
 20
-151.486057
 30
0.0
 11
-302.966888
 21
-154.755625
 31
0.0
210
0.0
220
0.0
230
1.0
  0
LINE
  5
258
100
AcDbEntity
  8
0
370
    35
390
0
 62
     7
 48
0.189005
100
AcDbLine
 10
-40.794462
 20
-370.730695
 30
0.0
 11
-33.977824
 21
-374.000263
 31
0.0
210
0.0
220
0.0
230
1.0
  0
LINE
  5
259
100
AcDbEntity
  8
0
370
    35
390
0
 62
     7
 48
0.189005
100
AcDbLine
 10
-31.814762
 20
-315.911641
 30
0.0
 11
-24.998124
 21
-319.181209
 31
0.0
210
0.0
220
0.0
230
1.0
  0
ELLIPSE
  5
25A
100
AcDbEntity
  8
0
370
    35
390
0
 62
     7
100
AcDbEllipse
 10
80.276352
 20
-38.504169
 30
0.0
 11
-4.3030872344970703
 21
-8.9713954925537109
 31
0.0
210
0.0
220
0.0
230
1.0
 40
0.654548
 41
3.1415325411994273
 42
4.4194292575803136
  0
ELLIPSE
  5
25B
100
AcDbEntity
  8
0
370
    35
390
0
 62
     7
100
AcDbEllipse
 10
162.076004
 20
-77.738991
 30
0.0
 11
-4.3030872344970703
 21
-8.9713954925537109
 31
0.0
210
0.0
220
0.0
230
1.0
 40
0.654548
 41
6.2831251947892204
 42
9.4247178483790108
  0
ELLIPSE
  5
25C
100
AcDbEntity
  8
0
370
    35
390
0
 62
     7
100
AcDbEllipse
 10
162.076004
 20
-77.738991
 30
0.0
 11
-4.3030872344970703
 21
-8.9713954925537109
 31
0.0
210
0.0
220
0.0
230
1.0
 40
0.654548
 41
3.1415325411994273
 42
5.1838025662814831
  0
ELLIPSE
  5
25D
100
AcDbEntity
  8
0
370
    35
390
0
 62
     7
100
AcDbEllipse
 10
162.076004
 20
-77.738991
 30
0.0
 11
-4.3030872344970703
 21
-8.9713954925537109
 31
0.0
210
0.0
220
0.0
230
1.0
 40
0.654548
 41
5.1838025662814831
 42
6.2831251947892204
  0
LINE
  5
25E
100
AcDbEntity
  8
0
370
    35
390
0
 62
     7
 48
0.016077
100
AcDbLine
 10
84.57979
 20
-29.532945
 30
0.0
 11
85.159628
 21
-29.811061
 31
0.0
210
0.0
220
0.0
230
1.0
  0
LINE
  5
25F
100
AcDbEntity
  8
0
370
    35
390
0
 62
     7
100
AcDbLine
 10
107.848225
 20
-40.69354
 30
0.0
 11
166.379444
 21
-68.767762
 31
0.0
210
0.0
220
0.0
230
1.0
  0
LINE
  5
260
100
AcDbEntity
  8
0
370
    35
390
0
 62
     7
100
AcDbLine
 10
99.241861
 20
-58.63624
 30
0.0
 11
157.772564
 21
-86.710215
 31
0.0
210
0.0
220
0.0
230
1.0
  0
ELLIPSE
  5
261
100
AcDbEntity
  8
0
370
    35
390
0
 62
     7
100
AcDbEllipse
 10
-132.921021
 20
-162.653839
 30
0.0
 11
4.3247108459472656
 21
9.0164775848388672
 31
0.0
210
0.0
220
0.0
230
1.0
 40
0.654548
 41
6.2831251947892195
 42
6.8711409507192522
  0
ELLIPSE
  5
262
100
AcDbEntity
  8
0
370
    35
390
0
 62
     7
100
AcDbEllipse
 10
-132.921021
 20
-162.653839
 30
0.0
 11
-8.6494216918945313
 21
-18.032955169677734
 31
0.0
210
0.0
220
0.0
230
1.0
 40
0.654548
 41
2.8233484365951336
 42
3.1416104531965106
  0
ELLIPSE
  5
263
100
AcDbEntity
  8
0
370
    35
390
0
 62
     7
100
AcDbEllipse
 10
-132.921021
 20
-162.653839
 30
0.0
 11
-8.6494216918945313
 21
-18.032955169677734
 31
0.0
210
0.0
220
0.0
230
1.0
 40
0.654548
 41
3.1416104531965106
 42
3.7528115386974585
  0
ELLIPSE
  5
264
100
AcDbEntity
  8
0
370
    35
390
0
 62
     7
100
AcDbEllipse
 10
-132.921021
 20
-162.653839
 30
0.0
 11
-8.6494216918945313
 21
-18.032955169677734
 31
0.0
210
0.0
220
0.0
230
1.0
 40
0.654548
 41
0.7501892811071742
 42
1.0471975619598783
  0
LINE
  5
265
100
AcDbEntity
  8
0
370
    35
390
0
 62
     7
 48
0.056918
100
AcDbLine
 10
-90.7558
 20
-171.787383
 30
0.0
 11
-92.808609
 21
-170.802763
 31
0.0
210
0.0
220
0.0
230
1.0
  0
LINE
  5
266
100
AcDbEntity
  8
0
370
    35
390
0
 62
     7
 48
0.428321
100
AcDbLine
 10
-113.148164
 20
-161.046991
 30
0.0
 11
-128.595958
 21
-153.63753
 31
0.0
210
0.0
220
0.0
230
1.0
  0
LINE
  5
267
100
AcDbEntity
  8
0
370
    35
390
0
 62
     7
 48
0.056938
100
AcDbLine
 10
-99.405222
 20
-189.820339
 30
0.0
 11
-101.45874
 21
-188.835378
 31
0.0
210
0.0
220
0.0
230
1.0
  0
LINE
  5
268
100
AcDbEntity
  8
0
370
    35
390
0
 62
     7
 48
0.273403
100
AcDbLine
 10
-121.797568
 20
-179.079956
 30
0.0
 11
-131.658084
 21
-174.350406
 31
0.0
210
0.0
220
0.0
230
1.0
  0
LINE
  5
269
100
AcDbEntity
  8
0
370
    35
390
0
 62
     7
 48
0.229411
100
AcDbLine
 10
-132.545727
 20
-140.652237
 30
0.0
 11
-124.271812
 21
-144.620781
 31
0.0
210
0.0
220
0.0
230
1.0
  0
ELLIPSE
  5
26A
100
AcDbEntity
  8
0
370
    35
390
0
 62
     7
100
AcDbEllipse
 10
-78.387924
 20
-188.810379
 30
0.0
 11
-12.974132537841797
 21
-27.049434661865234
 31
0.0
210
0.0
220
0.0
230
1.0
 40
0.654548
 41
3.8051785809636653
 42
5.1838025662814822
  0
ELLIPSE
  5
26B
100
AcDbEntity
  8
0
370
    35
390
0
 62
     7
100
AcDbEllipse
 10
-64.754646
 20
-195.349518
 30
0.0
 11
-12.974132537841797
 21
-27.049434661865234
 31
0.0
210
0.0
220
0.0
230
1.0
 40
0.654548
 41
4.622733341914115
 42
5.1838025662814822
  0
ELLIPSE
  5
26C
100
AcDbEntity
  8
0
370
    35
390
0
 62
     7
100
AcDbEllipse
 10
-78.387924
 20
-188.810379
 30
0.0
 11
-12.974132537841797
 21
-27.049434661865234
 31
0.0
210
0.0
220
0.0
230
1.0
 40
0.654548
 41
5.1838025662814822
 42
6.032608067737339
  0
ELLIPSE
  5
26D
100
AcDbEntity
  8
0
370
    35
390
0
 62
     7
100
AcDbEllipse
 10
-64.754646
 20
-195.349518
 30
0.0
 11
-12.974132537841797
 21
-27.049434661865234
 31
0.0
210
0.0
220
0.0
230
1.0
 40
0.654548
 41
5.1838025662814822
 42
5.4731146331753866
  0
LINE
  5
26E
100
AcDbEntity
  8
0
370
    13
390
0
 62
     7
 48
0.189005
100
AcDbLine
 10
-451.938806
 20
-460.500187
 30
0.0
 11
-445.122168
 21
-463.769755
 31
0.0
210
0.0
220
0.0
230
1.0
  0
ELLIPSE
  5
26F
100
AcDbEntity
  8
0
370
    35
390
0
 62
     7
100
AcDbEllipse
 10
-440.969299
 20
-467.77533
 30
0.0
 11
-8.6494216918945313
 21
-18.032955169677734
 31
0.0
210
0.0
220
0.0
230
1.0
 40
0.654548
 41
4.6214822717444806
 42
6.2832085451798916
  0
ELLIPSE
  5
270
100
AcDbEntity
  8
0
370
    35
390
0
 62
     7
100
AcDbEllipse
 10
-434.152679
 20
-471.044891
 30
0.0
 11
-8.6494216918945313
 21
-18.032955169677734
 31
0.0
210
0.0
220
0.0
230
1.0
 40
0.654548
 41
4.6214822717444806
 42
5.9400887540610805
  0
LINE
  5
271
100
AcDbEntity
  8
0
370
    35
390
0
 62
     7
100
AcDbLine
 10
-283.336387
 20
-226.435528
 30
0.0
 11
-407.444742
 21
-449.972835
 31
0.0
210
0.0
220
0.0
230
1.0
  0
LINE
  5
272
100
AcDbEntity
  8
0
370
    35
390
0
 62
     7
 48
0.16461
100
AcDbLine
 10
-261.467814
 20
-187.047027
 30
0.0
 11
-264.66392
 21
-192.803682
 31
0.0
210
0.0
220
0.0
230
1.0
  0
LINE
  5
273
100
AcDbEntity
  8
0
370
    35
390
0
 62
     7
100
AcDbLine
 10
-451.938806
 20
-460.500187
 30
0.0
 11
-275.268309
 21
-142.29077
 31
0.0
210
0.0
220
0.0
230
1.0
  0
LINE
  5
274
100
AcDbEntity
  8
0
370
    35
390
0
 62
     7
100
AcDbLine
 10
-445.122168
 20
-463.769755
 30
0.0
 11
-276.347218
 21
-159.781374
 31
0.0
210
0.0
220
0.0
230
1.0
  0
LINE
  5
275
100
AcDbEntity
  8
0
370
    35
390
0
 62
     7
 48
0.094612
100
AcDbLine
 10
-449.618456
 20
-485.808423
 30
0.0
 11
-446.206185
 21
-487.445102
 31
0.0
210
0.0
220
0.0
230
1.0
  0
LINE
  5
276
100
AcDbEntity
  8
0
370
    35
390
0
 62
     7
 48
0.020961
100
AcDbLine
 10
-209.317558
 20
-198.476216
 30
0.0
 11
-208.561573
 21
-198.838821
 31
0.0
210
0.0
220
0.0
230
1.0
  0
ELLIPSE
  5
277
100
AcDbEntity
  8
0
370
    35
390
0
 62
     7
100
AcDbEllipse
 10
-261.982208
 20
-198.684296
 30
0.0
 11
-2.3400211334228516
 21
10.748223304748535
 31
0.0
210
0.0
220
0.0
230
1.0
 40
0.673577
 41
3.8661606676928089
 42
4.5925146321843968
  0
ELLIPSE
  5
278
100
AcDbEntity
  8
0
370
    35
390
0
 62
     7
100
AcDbEllipse
 10
-261.982208
 20
-198.684296
 30
0.0
 11
-2.3400211334228516
 21
10.748223304748535
 31
0.0
210
0.0
220
0.0
230
1.0
 40
0.673577
 41
5.3497812233559943
 42
5.9704836761439726
  0
ELLIPSE
  5
279
100
AcDbEntity
  8
0
370
    35
390
0
 62
     7
100
AcDbEllipse
 10
-172.518021
 20
-188.714096
 30
0.0
 11
6.4870662689208984
 21
13.524717330932617
 31
0.0
210
0.0
220
0.0
230
1.0
 40
0.654548
 41
4.2182949487483912
 42
6.0623480281618329
  0
LINE
  5
27A
100
AcDbEntity
  8
0
370
    35
390
0
 62
     7
100
AcDbLine
 10
-208.475065
 20
-198.2928
 30
0.0
 11
-255.797527
 21
-208.595485
 31
0.0
210
0.0
220
0.0
230
1.0
  0
LINE
  5
27B
100
AcDbEntity
  8
0
370
    35
390
0
 62
     7
 48
0.013273
100
AcDbLine
 10
-261.118067
 20
-187.238483
 30
0.0
 11
-261.636847
 21
-187.351428
 31
0.0
210
0.0
220
0.0
230
1.0
  0
ELLIPSE
  5
27C
100
AcDbEntity
  8
0
370
    35
390
0
 62
     7
100
AcDbEllipse
 10
-284.458893
 20
-213.085022
 30
0.0
 11
-2.5948266983032227
 21
-5.4098868370056152
 31
0.0
210
0.0
220
0.0
230
1.0
 40
0.654548
 41
3.1415323876220089
 42
3.6129520904090886
  0
ELLIPSE
  5
27D
100
AcDbEntity
  8
0
370
    35
390
0
 62
     7
100
AcDbEllipse
 10
-284.458893
 20
-213.085022
 30
0.0
 11
-2.5948266983032227
 21
-5.4098868370056152
 31
0.0
210
0.0
220
0.0
230
1.0
 40
0.654548
 41
3.6129520904090886
 42
6.283125041211802
  0
LINE
  5
27E
100
AcDbEntity
  8
0
370
    35
390
0
 62
     7
 48
0.073791
100
AcDbLine
 10
-260.830522
 20
-191.969105
 30
0.0
 11
-263.491852
 21
-190.692611
 31
0.0
210
0.0
220
0.0
230
1.0
  0
ELLIPSE
  5
27F
100
AcDbEntity
  8
0
370
    35
390
0
 62
     7
100
AcDbEllipse
 10
-308.317139
 20
-201.641525
 30
0.0
 11
-2.5948266983032227
 21
-5.4098868370056152
 31
0.0
210
0.0
220
0.0
230
1.0
 40
0.654548
 41
3.1415323876220089
 42
3.6129520904090886
  0
ELLIPSE
  5
280
100
AcDbEntity
  8
0
370
    35
390
0
 62
     7
100
AcDbEllipse
 10
-308.317139
 20
-201.641525
 30
0.0
 11
-2.5948266983032227
 21
-5.4098868370056152
 31
0.0
210
0.0
220
0.0
230
1.0
 40
0.654548
 41
3.6129520904090886
 42
6.2139919648883559
  0
LINE
  5
281
100
AcDbEntity
  8
0
370
    35
390
0
 62
     7
 48
0.237803
100
AcDbLine
 10
-262.387785
 20
-188.704016
 30
0.0
 11
-253.811207
 21
-192.817731
 31
0.0
210
0.0
220
0.0
230
1.0
  0
LINE
  5
282
100
AcDbEntity
  8
0
370
    35
390
0
 62
     7
100
AcDbLine
 10
-253.811207
 20
-192.817731
 30
0.0
 11
-257.330655
 21
-220.773762
 31
0.0
210
0.0
220
0.0
230
1.0
  0
ELLIPSE
  5
283
100
AcDbEntity
  8
0
370
    35
390
0
 62
     7
100
AcDbEllipse
 10
-291.47821
 20
-212.236389
 30
0.0
 11
6.4870662689208984
 21
13.524717330932617
 31
0.0
210
0.0
220
0.0
230
1.0
 40
0.654548
 41
0.4713594368193074
 42
3.1415323876220085
  0
ELLIPSE
  5
284
100
AcDbEntity
  8
0
370
    35
390
0
 62
     7
100
AcDbEllipse
 10
-288.069885
 20
-213.87117
 30
0.0
 11
-6.4870662689208984
 21
-13.524717330932617
 31
0.0
210
0.0
220
0.0
230
1.0
 40
0.654548
 41
6.2831250412118029
 42
6.7545447439988937
  0
ELLIPSE
  5
285
100
AcDbEntity
  8
0
370
    35
390
0
 62
     7
100
AcDbEllipse
 10
-288.069885
 20
-213.87117
 30
0.0
 11
-6.4870662689208984
 21
-13.524717330932617
 31
0.0
210
0.0
220
0.0
230
1.0
 40
0.654548
 41
5.1837484172039918
 42
6.2831250412118029
  0
LINE
  5
286
100
AcDbEntity
  8
0
370
    35
390
0
 62
     7
100
AcDbLine
 10
-257.330655
 20
-220.773762
 30
0.0
 11
-289.829619
 21
-227.849189
 31
0.0
210
0.0
220
0.0
230
1.0
  0
ELLIPSE
  5
287
100
AcDbEntity
  8
0
370
    35
390
0
 62
     7
100
AcDbEllipse
 10
-315.336456
 20
-200.792908
 30
0.0
 11
6.4870662689208984
 21
13.524717330932617
 31
0.0
210
0.0
220
0.0
230
1.0
 40
0.654548
 41
0.4713594368193074
 42
3.1415323876220085
  0
ELLIPSE
  5
288
100
AcDbEntity
  8
0
370
    35
390
0
 62
     7
100
AcDbEllipse
 10
-311.928131
 20
-202.427689
 30
0.0
 11
-6.4870662689208984
 21
-13.524717330932617
 31
0.0
210
0.0
220
0.0
230
1.0
 40
0.654548
 41
6.2831250412118029
 42
6.4871828940087353
  0
ELLIPSE
  5
289
100
AcDbEntity
  8
0
370
    35
390
0
 62
     7
100
AcDbEllipse
 10
-311.928131
 20
-202.427689
 30
0.0
 11
-6.4870662689208984
 21
-13.524717330932617
 31
0.0
210
0.0
220
0.0
230
1.0
 40
0.654548
 41
5.1837484172039918
 42
6.2831250412118029
  0
LINE
  5
28A
100
AcDbEntity
  8
0
370
    35
390
0
 62
     7
100
AcDbLine
 10
-253.811207
 20
-192.817731
 30
0.0
 11
-286.310171
 21
-199.893158
 31
0.0
210
0.0
220
0.0
230
1.0
  0
ELLIPSE
  5
28B
100
AcDbEntity
  8
0
370
    35
390
0
 62
     7
100
AcDbEllipse
 10
-288.069885
 20
-213.87117
 30
0.0
 11
-6.4870662689208984
 21
-13.524717330932617
 31
0.0
210
0.0
220
0.0
230
1.0
 40
0.654548
 41
3.6129520904091001
 42
5.18374841720399
  0
LINE
  5
28C
100
AcDbEntity
  8
0
370
    35
390
0
 62
     7
100
AcDbLine
 10
-289.71849
 20
-198.258373
 30
0.0
 11
-260.830522
 21
-191.969105
 31
0.0
210
0.0
220
0.0
230
1.0
  0
LINE
  5
28D
100
AcDbEntity
  8
0
370
    13
390
0
 62
     7
 48
0.094503
100
AcDbLine
 10
-286.310171
 20
-199.893158
 30
0.0
 11
-289.71849
 21
-198.258373
 31
0.0
210
0.0
220
0.0
230
1.0
  0
LINE
  5
28E
100
AcDbEntity
  8
0
370
    35
390
0
 62
     7
 48
0.269864
100
AcDbLine
 10
-299.620931
 20
-186.153354
 30
0.0
 11
-310.168404
 21
-188.449669
 31
0.0
210
0.0
220
0.0
230
1.0
  0
ELLIPSE
  5
28F
100
AcDbEntity
  8
0
370
    35
390
0
 62
     7
100
AcDbEllipse
 10
-311.928131
 20
-202.427689
 30
0.0
 11
-6.4870662689208984
 21
-13.524717330932617
 31
0.0
210
0.0
220
0.0
230
1.0
 40
0.654548
 41
3.6129520904091001
 42
5.18374841720399
  0
LINE
  5
290
100
AcDbEntity
  8
0
370
    35
390
0
 62
     7
 48
0.395473
100
AcDbLine
 10
-313.576722
 20
-186.814885
 30
0.0
 11
-298.119888
 21
-183.449741
 31
0.0
210
0.0
220
0.0
230
1.0
  0
LINE
  5
291
100
AcDbEntity
  8
0
370
    13
390
0
 62
     7
 48
0.094503
100
AcDbLine
 10
-310.168404
 20
-188.449669
 30
0.0
 11
-313.576722
 21
-186.814885
 31
0.0
210
0.0
220
0.0
230
1.0
  0
LINE
  5
292
100
AcDbEntity
  8
0
370
    35
390
0
 62
     7
 48
0.094503
100
AcDbLine
 10
-294.557495
 20
-227.395634
 30
0.0
 11
-297.965814
 21
-225.76085
 31
0.0
210
0.0
220
0.0
230
1.0
  0
LINE
  5
293
100
AcDbEntity
  8
0
370
    35
390
0
 62
     7
 48
0.094503
100
AcDbLine
 10
-318.415728
 20
-215.952146
 30
0.0
 11
-321.824047
 21
-214.317362
 31
0.0
210
0.0
220
0.0
230
1.0
  0
ELLIPSE
  5
294
100
AcDbEntity
  8
0
370
    35
390
0
 62
     7
100
AcDbEllipse
 10
-323.654572
 20
-194.285004
 30
0.0
 11
-2.5948266983032227
 21
-5.4098868370056152
 31
0.0
210
0.0
220
0.0
230
1.0
 40
0.654548
 41
3.1415325411994295
 42
5.1838025662814822
  0
ELLIPSE
  5
295
100
AcDbEntity
  8
0
370
    35
390
0
 62
     7
100
AcDbEllipse
 10
-282.75473
 20
-213.902405
 30
0.0
 11
-2.5948266983032227
 21
-5.4098868370056152
 31
0.0
210
0.0
220
0.0
230
1.0
 40
0.654548
 41
6.2831251947892195
 42
9.4247178483790126
  0
ELLIPSE
  5
296
100
AcDbEntity
  8
0
370
    35
390
0
 62
     7
100
AcDbEllipse
 10
-282.75473
 20
-213.902405
 30
0.0
 11
-2.5948266983032227
 21
-5.4098868370056152
 31
0.0
210
0.0
220
0.0
230
1.0
 40
0.654548
 41
3.1415325411994295
 42
5.1838025662814822
  0
ELLIPSE
  5
297
100
AcDbEntity
  8
0
370
    35
390
0
 62
     7
100
AcDbEllipse
 10
-323.654572
 20
-194.285004
 30
0.0
 11
-2.5948266983032227
 21
-5.4098868370056152
 31
0.0
210
0.0
220
0.0
230
1.0
 40
0.654548
 41
5.1838025662814822
 42
6.2831251947892222
  0
ELLIPSE
  5
298
100
AcDbEntity
  8
0
370
    35
390
0
 62
     7
100
AcDbEllipse
 10
-282.75473
 20
-213.902405
 30
0.0
 11
-2.5948266983032227
 21
-5.4098868370056152
 31
0.0
210
0.0
220
0.0
230
1.0
 40
0.654548
 41
5.1838025662814822
 42
6.2831251947892204
  0
LINE
  5
299
100
AcDbEntity
  8
0
370
    35
390
0
 62
     7
 48
0.053082
100
AcDbLine
 10
-321.059527
 20
-188.875214
 30
0.0
 11
-319.145089
 21
-189.793465
 31
0.0
210
0.0
220
0.0
230
1.0
  0
LINE
  5
29A
100
AcDbEntity
  8
0
370
    35
390
0
 62
     7
 48
0.011071
100
AcDbLine
 10
-305.722092
 20
-196.231742
 30
0.0
 11
-305.322793
 21
-196.423264
 31
0.0
210
0.0
220
0.0
230
1.0
  0
LINE
  5
29B
100
AcDbEntity
  8
0
370
    35
390
0
 62
     7
 48
0.047251
100
AcDbLine
 10
-281.86386
 20
-207.67523
 30
0.0
 11
-280.1597
 21
-208.492622
 31
0.0
210
0.0
220
0.0
230
1.0
  0
LINE
  5
29C
100
AcDbEntity
  8
0
370
    35
390
0
 62
     7
 48
0.020121
100
AcDbLine
 10
-326.249606
 20
-199.694783
 30
0.0
 11
-325.523942
 21
-200.042844
 31
0.0
210
0.0
220
0.0
230
1.0
  0
LINE
  5
29D
100
AcDbEntity
  8
0
370
    35
390
0
 62
     7
 48
0.047251
100
AcDbLine
 10
-287.053939
 20
-218.494799
 30
0.0
 11
-285.349779
 21
-219.312191
 31
0.0
210
0.0
220
0.0
230
1.0
  0
ELLIPSE
  5
29E
100
AcDbEntity
  8
0
370
    35
390
0
 62
     7
100
AcDbEllipse
 10
-423.927704
 20
-475.949249
 30
0.0
 11
-13.211992263793945
 21
-27.545339584350586
 31
0.0
210
0.0
220
0.0
230
1.0
 40
0.654548
 41
3.1416077889930336
 42
5.1838025662814839
  0
ELLIPSE
  5
29F
100
AcDbEntity
  8
0
370
    35
390
0
 62
     7
100
AcDbEllipse
 10
-423.927704
 20
-475.949249
 30
0.0
 11
-13.211992263793945
 21
-27.545339584350586
 31
0.0
210
0.0
220
0.0
230
1.0
 40
0.654548
 41
5.1838025662814839
 42
6.2832004425828272
  0
ELLIPSE
  5
2A0
100
AcDbEntity
  8
0
370
    35
390
0
 62
     7
100
AcDbEllipse
 10
-406.886108
 20
-484.123169
 30
0.0
 11
-13.211992263793945
 21
-27.545339584350586
 31
0.0
210
0.0
220
0.0
230
1.0
 40
0.654548
 41
0.0000151354032406
 42
3.1416077889930345
  0
ELLIPSE
  5
2A1
100
AcDbEntity
  8
0
370
    35
390
0
 62
     7
100
AcDbEllipse
 10
-406.886108
 20
-484.123169
 30
0.0
 11
-13.211992263793945
 21
-27.545339584350586
 31
0.0
210
0.0
220
0.0
230
1.0
 40
0.654548
 41
3.1416077889930336
 42
5.1838025662814839
  0
ELLIPSE
  5
2A2
100
AcDbEntity
  8
0
370
    35
390
0
 62
     7
100
AcDbEllipse
 10
-406.886108
 20
-484.123169
 30
0.0
 11
-13.211992263793945
 21
-27.545339584350586
 31
0.0
210
0.0
220
0.0
230
1.0
 40
0.654548
 41
5.1838025662814839
 42
6.2832004425828272
  0
ELLIPSE
  5
2A3
100
AcDbEntity
  8
0
370
    35
390
0
 62
     7
100
AcDbEllipse
 10
-589.540955
 20
-497.754272
 30
0.0
 11
-8.6494216918945313
 21
-18.032955169677734
 31
0.0
210
0.0
220
0.0
230
1.0
 40
0.654548
 41
3.6130062394865861
 42
6.2831251947892213
  0
ELLIPSE
  5
2A4
100
AcDbEntity
  8
0
370
    35
390
0
 62
     7
100
AcDbEllipse
 10
-589.540955
 20
-497.754272
 30
0.0
 11
-8.6494216918945313
 21
-18.032955169677734
 31
0.0
210
0.0
220
0.0
230
1.0
 40
0.654548
 41
6.2831251947892213
 42
6.7545988930763796
  0
LINE
  5
2A5
100
AcDbEntity
  8
0
370
    35
390
0
 62
     7
100
AcDbLine
 10
-450.157855
 20
-485.525748
 30
0.0
 11
-591.88646
 21
-516.391449
 31
0.0
210
0.0
220
0.0
230
1.0
  0
LINE
  5
2A6
100
AcDbEntity
  8
0
370
    35
390
0
 62
     7
100
AcDbLine
 10
-482.821529
 20
-456.3865
 30
0.0
 11
-445.09306
 21
-448.169982
 31
0.0
210
0.0
220
0.0
230
1.0
  0
ELLIPSE
  5
2A7
100
AcDbEntity
  8
0
370
    35
390
0
 62
     7
100
AcDbEllipse
 10
-481.648773
 20
-447.067902
 30
0.0
 11
-4.3247108459472656
 21
-9.0164775848388672
 31
0.0
210
0.0
220
0.0
230
1.0
 40
0.654548
 41
6.2831851214331289
 42
6.7545988930763796
  0
ELLIPSE
  5
2A8
100
AcDbEntity
  8
0
370
    35
390
0
 62
     7
100
AcDbEllipse
 10
-481.648773
 20
-447.067902
 30
0.0
 11
-4.3247108459472656
 21
-9.0164775848388672
 31
0.0
210
0.0
220
0.0
230
1.0
 40
0.654548
 41
5.6899480493598338
 42
6.2831851214331289
  0
LINE
  5
2A9
100
AcDbEntity
  8
0
370
    35
390
0
 62
     7
100
AcDbLine
 10
-513.04584
 20
-379.812638
 30
0.0
 11
-488.533887
 21
-452.961272
 31
0.0
210
0.0
220
0.0
230
1.0
  0
LINE
  5
2AA
100
AcDbEntity
  8
0
370
    35
390
0
 62
     7
 48
0.226573
100
AcDbLine
 10
-519.930957
 20
-385.706002
 30
0.0
 11
-513.04584
 21
-379.812638
 31
0.0
210
0.0
220
0.0
230
1.0
  0
LINE
  5
2AB
100
AcDbEntity
  8
0
370
    35
390
0
 62
     7
100
AcDbLine
 10
-519.930957
 20
-385.706002
 30
0.0
 11
-499.535754
 21
-446.56942
 31
0.0
210
0.0
220
0.0
230
1.0
  0
ELLIPSE
  5
2AC
100
AcDbEntity
  8
0
370
    35
390
0
 62
     7
100
AcDbEllipse
 10
-506.420868
 20
-452.462799
 30
0.0
 11
-4.3247108459472656
 21
-9.0164775848388672
 31
0.0
210
0.0
220
0.0
230
1.0
 40
0.654548
 41
0.4714135858968045
 42
2.5483553957700402
  0
LINE
  5
2AD
100
AcDbEntity
  8
0
370
    35
390
0
 62
     7
100
AcDbLine
 10
-587.195426
 20
-479.117081
 30
0.0
 11
-507.593629
 21
-461.781376
 31
0.0
210
0.0
220
0.0
230
1.0
  0
ELLIPSE
  5
2AE
100
AcDbEntity
  8
0
370
    35
390
0
 62
     7
100
AcDbEllipse
 10
-589.540955
 20
-497.754272
 30
0.0
 11
-4.3247108459472656
 21
-9.0164775848388672
 31
0.0
210
0.0
220
0.0
230
1.0
 40
0.654548
 41
3.1415325411994206
 42
6.2831251947892124
  0
ELLIPSE
  5
2AF
100
AcDbEntity
  8
0
370
    35
390
0
 62
     7
100
AcDbEllipse
 10
-589.540955
 20
-497.754272
 30
0.0
 11
-4.3247108459472656
 21
-9.0164775848388672
 31
0.0
210
0.0
220
0.0
230
1.0
 40
0.654548
 41
6.2831251947892142
 42
8.3253952198712735
  0
ELLIPSE
  5
2B0
100
AcDbEntity
  8
0
370
    35
390
0
 62
     7
100
AcDbEllipse
 10
-589.540955
 20
-497.754272
 30
0.0
 11
-4.3247108459472656
 21
-9.0164775848388672
 31
0.0
210
0.0
220
0.0
230
1.0
 40
0.654548
 41
2.0422099126916895
 42
3.141532541199421
  0
LINE
  5
2B1
100
AcDbEntity
  8
0
370
    13
390
0
 62
     7
 48
0.189005
100
AcDbLine
 10
-594.012064
 20
-475.847513
 30
0.0
 11
-587.195426
 21
-479.117081
 31
0.0
210
0.0
220
0.0
230
1.0
  0
ELLIPSE
  5
2B2
100
AcDbEntity
  8
0
370
    35
390
0
 62
     7
100
AcDbEllipse
 10
-596.357605
 20
-494.484711
 30
0.0
 11
-8.6494216918945313
 21
-18.032955169677734
 31
0.0
210
0.0
220
0.0
230
1.0
 40
0.654548
 41
3.6130062394865861
 42
6.2831251947892213
  0
ELLIPSE
  5
2B3
100
AcDbEntity
  8
0
370
    35
390
0
 62
     7
100
AcDbEllipse
 10
-451.194275
 20
-462.870972
 30
0.0
 11
-8.6494216918945313
 21
-18.032955169677734
 31
0.0
210
0.0
220
0.0
230
1.0
 40
0.654548
 41
3.188389189656001
 42
3.6130062394865861
  0
LINE
  5
2B4
100
AcDbEntity
  8
0
370
    13
390
0
 62
     7
 48
0.130086
100
AcDbLine
 10
-448.848748
 20
-444.233799
 30
0.0
 11
-444.15708
 21
-446.484136
 31
0.0
210
0.0
220
0.0
230
1.0
  0
LINE
  5
2B5
100
AcDbEntity
  8
0
370
    35
390
0
 62
     7
100
AcDbLine
 10
-488.560394
 20
-452.882215
 30
0.0
 11
-448.848748
 21
-444.233799
 31
0.0
210
0.0
220
0.0
230
1.0
  0
LINE
  5
2B6
100
AcDbEntity
  8
0
370
    13
390
0
 62
     7
 48
0.148631
100
AcDbLine
 10
-488.182038
 20
-453.815357
 30
0.0
 11
-482.821529
 21
-456.3865
 31
0.0
210
0.0
220
0.0
230
1.0
  0
LINE
  5
2B7
100
AcDbEntity
  8
0
370
    35
390
0
 62
     7
 48
0.189005
100
AcDbLine
 10
-519.862478
 20
-376.54307
 30
0.0
 11
-513.04584
 21
-379.812638
 31
0.0
210
0.0
220
0.0
230
1.0
  0
LINE
  5
2B8
100
AcDbEntity
  8
0
370
    35
390
0
 62
     7
 48
0.226573
100
AcDbLine
 10
-526.747595
 20
-382.436434
 30
0.0
 11
-519.862478
 21
-376.54307
 31
0.0
210
0.0
220
0.0
230
1.0
  0
LINE
  5
2B9
100
AcDbEntity
  8
0
370
    35
390
0
 62
     7
 48
0.189005
100
AcDbLine
 10
-526.747595
 20
-382.436434
 30
0.0
 11
-519.930957
 21
-385.706002
 31
0.0
210
0.0
220
0.0
230
1.0
  0
LINE
  5
2BA
100
AcDbEntity
  8
0
370
    35
390
0
 62
     7
100
AcDbLine
 10
-526.747595
 20
-382.436434
 30
0.0
 11
-506.352392
 21
-443.299852
 31
0.0
210
0.0
220
0.0
230
1.0
  0
LINE
  5
2BB
100
AcDbEntity
  8
0
370
    13
390
0
 62
     7
 48
0.189005
100
AcDbLine
 10
-506.352392
 20
-443.299852
 30
0.0
 11
-499.535754
 21
-446.56942
 31
0.0
210
0.0
220
0.0
230
1.0
  0
ELLIPSE
  5
2BC
100
AcDbEntity
  8
0
370
    35
390
0
 62
     7
100
AcDbEllipse
 10
-513.237488
 20
-449.193207
 30
0.0
 11
-4.3247108459472656
 21
-9.0164775848388672
 31
0.0
210
0.0
220
0.0
230
1.0
 40
0.654548
 41
0.4714135858968045
 42
2.5483553957700402
  0
LINE
  5
2BD
100
AcDbEntity
  8
0
370
    13
390
0
 62
     7
 48
0.189005
100
AcDbLine
 10
-514.410267
 20
-458.511808
 30
0.0
 11
-507.593629
 21
-461.781376
 31
0.0
210
0.0
220
0.0
230
1.0
  0
LINE
  5
2BE
100
AcDbEntity
  8
0
370
    35
390
0
 62
     7
100
AcDbLine
 10
-594.012064
 20
-475.847513
 30
0.0
 11
-514.410267
 21
-458.511808
 31
0.0
210
0.0
220
0.0
230
1.0
  0
ELLIPSE
  5
2BF
100
AcDbEntity
  8
0
370
    35
390
0
 62
     7
100
AcDbEllipse
 10
-596.357605
 20
-494.484711
 30
0.0
 11
-4.3247108459472656
 21
-9.0164775848388672
 31
0.0
210
0.0
220
0.0
230
1.0
 40
0.654548
 41
0.6156780039660249
 42
2.0422099126916895
  0
ELLIPSE
  5
2C0
100
AcDbEntity
  8
0
370
    35
390
0
 62
     7
100
AcDbEllipse
 10
-596.357605
 20
-494.484711
 30
0.0
 11
-4.3247108459472656
 21
-9.0164775848388672
 31
0.0
210
0.0
220
0.0
230
1.0
 40
0.654548
 41
2.0422099126916895
 42
2.5259143113920484
  0
LINE
  5
2C1
100
AcDbEntity
  8
0
370
    35
390
0
 62
     7
 48
0.472513
100
AcDbLine
 10
-437.139433
 20
-503.494727
 30
0.0
 11
-420.097838
 21
-511.668647
 31
0.0
210
0.0
220
0.0
230
1.0
  0
LINE
  5
2C2
100
AcDbEntity
  8
0
370
    35
390
0
 62
     7
 48
0.472513
100
AcDbLine
 10
-410.715994
 20
-448.403785
 30
0.0
 11
-393.6744
 21
-456.577705
 31
0.0
210
0.0
220
0.0
230
1.0
  0
LINE
  5
2C3
100
AcDbEntity
  8
0
370
    35
390
0
 62
     7
 48
0.189005
100
AcDbLine
 10
-605.007712
 20
-512.517313
 30
0.0
 11
-598.191075
 21
-515.786881
 31
0.0
210
0.0
220
0.0
230
1.0
  0
LINE
  5
2C4
100
AcDbEntity
  8
0
370
    35
390
0
 62
     7
 48
0.076993
100
AcDbLine
 10
-64.180957
 20
-253.384828
 30
0.0
 11
-63.843297
 21
-256.44597
 31
0.0
210
0.0
220
0.0
230
1.0
  0
LINE
  5
2C5
100
AcDbEntity
  8
0
370
    35
390
0
 62
     7
 48
0.41835
100
AcDbLine
 10
-63.843297
 20
-256.44597
 30
0.0
 11
-78.356447
 21
-264.776381
 31
0.0
210
0.0
220
0.0
230
1.0
  0
LINE
  5
2C6
100
AcDbEntity
  8
0
370
    35
390
0
 62
     7
 48
0.076993
100
AcDbLine
 10
-78.694107
 20
-261.715239
 30
0.0
 11
-78.356447
 21
-264.776381
 31
0.0
210
0.0
220
0.0
230
1.0
  0
LINE
  5
2C7
100
AcDbEntity
  8
0
370
    35
390
0
 62
     7
 48
0.41835
100
AcDbLine
 10
-65.256229
 20
-243.636667
 30
0.0
 11
-79.769379
 21
-251.967078
 31
0.0
210
0.0
220
0.0
230
1.0
  0
ELLIPSE
  5
2C8
100
AcDbEntity
  8
0
370
    35
390
0
 62
     7
100
AcDbEllipse
 10
-79.29216
 20
-256.293396
 30
0.0
 11
2.538846492767334
 21
-4.4231505393981934
 31
0.0
210
0.0
220
0.0
230
1.0
 40
0.54766
 41
2.469141170639428
 42
3.1416390716459546
  0
ELLIPSE
  5
2C9
100
AcDbEntity
  8
0
370
    35
390
0
 62
     7
100
AcDbEllipse
 10
-79.29216
 20
-256.293396
 30
0.0
 11
2.538846492767334
 21
-4.4231505393981934
 31
0.0
210
0.0
220
0.0
230
1.0
 40
0.54766
 41
3.1416390716459546
 42
3.3399503682285534
  0
LINE
  5
2CA
100
AcDbEntity
  8
0
370
    35
390
0
 62
     7
 48
0.283508
100
AcDbLine
 10
-65.71473
 20
-239.480006
 30
0.0
 11
-75.939686
 21
-234.575654
 31
0.0
210
0.0
220
0.0
230
1.0
  0
LINE
  5
2CB
100
AcDbEntity
  8
0
370
    35
390
0
 62
     7
 48
0.104547
100
AcDbLine
 10
-65.71473
 20
-239.480006
 30
0.0
 11
-65.256229
 21
-243.636667
 31
0.0
210
0.0
220
0.0
230
1.0
  0
LINE
  5
2CC
100
AcDbEntity
  8
0
370
    35
390
0
 62
     7
 48
0.085656
100
AcDbLine
 10
-81.445713
 20
-263.29463
 30
0.0
 11
-78.356447
 21
-264.776381
 31
0.0
210
0.0
220
0.0
230
1.0
  0
LINE
  5
2CD
100
AcDbEntity
  8
0
370
    35
390
0
 62
     7
 48
0.331826
100
AcDbLine
 10
-88.99758
 20
-256.099081
 30
0.0
 11
-90.452837
 21
-242.906065
 31
0.0
210
0.0
220
0.0
230
1.0
  0
LINE
  5
2CE
100
AcDbEntity
  8
0
370
    35
390
0
 62
     7
 48
0.283508
100
AcDbLine
 10
-80.22788
 20
-247.810417
 30
0.0
 11
-90.452837
 21
-242.906065
 31
0.0
210
0.0
220
0.0
230
1.0
  0
LINE
  5
2CF
100
AcDbEntity
  8
0
370
    35
390
0
 62
     7
 48
0.104547
100
AcDbLine
 10
-80.22788
 20
-247.810417
 30
0.0
 11
-79.769379
 21
-251.967078
 31
0.0
210
0.0
220
0.0
230
1.0
  0
LINE
  5
2D0
100
AcDbEntity
  8
0
370
    35
390
0
 62
     7
 48
0.41835
100
AcDbLine
 10
-65.71473
 20
-239.480006
 30
0.0
 11
-80.22788
 21
-247.810417
 31
0.0
210
0.0
220
0.0
230
1.0
  0
LINE
  5
2D1
100
AcDbEntity
  8
0
370
    35
390
0
 62
     7
 48
0.41835
100
AcDbLine
 10
-75.939686
 20
-234.575654
 30
0.0
 11
-90.452837
 21
-242.906065
 31
0.0
210
0.0
220
0.0
230
1.0
  0
LINE
  5
2D2
100
AcDbEntity
  8
0
370
    35
390
0
 62
     7
 48
0.076993
100
AcDbLine
 10
-185.828732
 20
-323.209499
 30
0.0
 11
-185.491072
 21
-326.270642
 31
0.0
210
0.0
220
0.0
230
1.0
  0
LINE
  5
2D3
100
AcDbEntity
  8
0
370
    35
390
0
 62
     7
 48
0.41835
100
AcDbLine
 10
-185.491072
 20
-326.270642
 30
0.0
 11
-170.977922
 21
-317.940231
 31
0.0
210
0.0
220
0.0
230
1.0
  0
LINE
  5
2D4
100
AcDbEntity
  8
0
370
    35
390
0
 62
     7
 48
0.076993
100
AcDbLine
 10
-171.315581
 20
-314.879088
 30
0.0
 11
-170.977922
 21
-317.940231
 31
0.0
210
0.0
220
0.0
230
1.0
  0
LINE
  5
2D5
100
AcDbEntity
  8
0
370
    35
390
0
 62
     7
 48
0.41835
100
AcDbLine
 10
-186.904004
 20
-313.461339
 30
0.0
 11
-172.390853
 21
-305.130928
 31
0.0
210
0.0
220
0.0
230
1.0
  0
ELLIPSE
  5
2D6
100
AcDbEntity
  8
0
370
    35
390
0
 62
     7
100
AcDbEllipse
 10
-186.426788
 20
-317.787659
 30
0.0
 11
2.538846492767334
 21
-4.4231505393981934
 31
0.0
210
0.0
220
0.0
230
1.0
 40
0.54766
 41
2.469141170639428
 42
3.1416390716459546
  0
ELLIPSE
  5
2D7
100
AcDbEntity
  8
0
370
    35
390
0
 62
     7
100
AcDbEllipse
 10
-186.426788
 20
-317.787659
 30
0.0
 11
2.538846492767334
 21
-4.4231505393981934
 31
0.0
210
0.0
220
0.0
230
1.0
 40
0.54766
 41
3.1416390716459546
 42
3.3399503682285379
  0
LINE
  5
2D8
100
AcDbEntity
  8
0
370
    35
390
0
 62
     7
 48
0.085656
100
AcDbLine
 10
-188.580338
 20
-324.78889
 30
0.0
 11
-185.491072
 21
-326.270642
 31
0.0
210
0.0
220
0.0
230
1.0
  0
LINE
  5
2D9
100
AcDbEntity
  8
0
370
    35
390
0
 62
     7
 48
0.331826
100
AcDbLine
 10
-196.132204
 20
-317.593342
 30
0.0
 11
-197.587461
 21
-304.400325
 31
0.0
210
0.0
220
0.0
230
1.0
  0
LINE
  5
2DA
100
AcDbEntity
  8
0
370
    35
390
0
 62
     7
 48
0.283508
100
AcDbLine
 10
-187.362505
 20
-309.304678
 30
0.0
 11
-197.587461
 21
-304.400325
 31
0.0
210
0.0
220
0.0
230
1.0
  0
LINE
  5
2DB
100
AcDbEntity
  8
0
370
    35
390
0
 62
     7
 48
0.104547
100
AcDbLine
 10
-187.362505
 20
-309.304678
 30
0.0
 11
-186.904004
 21
-313.461339
 31
0.0
210
0.0
220
0.0
230
1.0
  0
LINE
  5
2DC
100
AcDbEntity
  8
0
370
    35
390
0
 62
     7
 48
0.283508
100
AcDbLine
 10
-172.849354
 20
-300.974267
 30
0.0
 11
-183.074311
 21
-296.069914
 31
0.0
210
0.0
220
0.0
230
1.0
  0
LINE
  5
2DD
100
AcDbEntity
  8
0
370
    35
390
0
 62
     7
 48
0.104547
100
AcDbLine
 10
-172.849354
 20
-300.974267
 30
0.0
 11
-172.390853
 21
-305.130928
 31
0.0
210
0.0
220
0.0
230
1.0
  0
LINE
  5
2DE
100
AcDbEntity
  8
0
370
    35
390
0
 62
     7
 48
0.41835
100
AcDbLine
 10
-187.362505
 20
-309.304678
 30
0.0
 11
-172.849354
 21
-300.974267
 31
0.0
210
0.0
220
0.0
230
1.0
  0
LINE
  5
2DF
100
AcDbEntity
  8
0
370
    35
390
0
 62
     7
 48
0.331826
100
AcDbLine
 10
-27.316691
 20
-220.694835
 30
0.0
 11
-28.771948
 21
-207.501818
 31
0.0
210
0.0
220
0.0
230
1.0
  0
LINE
  5
2E0
100
AcDbEntity
  8
0
370
    35
390
0
 62
     7
 48
0.415531
100
AcDbLine
 10
-28.771948
 20
-207.501818
 30
0.0
 11
-43.18728
 21
-215.776082
 31
0.0
210
0.0
220
0.0
230
1.0
  0
LINE
  5
2E1
100
AcDbEntity
  8
0
370
    35
390
0
 62
     7
100
AcDbLine
 10
-43.18728
 20
-215.776082
 30
0.0
 11
-7.205021
 21
154.871863
 31
0.0
210
0.0
220
0.0
230
1.0
  0
LINE
  5
2E2
100
AcDbEntity
  8
0
370
    35
390
0
 62
     7
100
AcDbLine
 10
-151.646132
 20
123.415431
 30
0.0
 11
-7.205021
 21
154.871863
 31
0.0
210
0.0
220
0.0
230
1.0
  0
LINE
  5
2E3
100
AcDbEntity
  8
0
370
    35
390
0
 62
     7
100
AcDbLine
 10
-151.646132
 20
123.415431
 30
0.0
 11
-221.598801
 21
-318.182607
 31
0.0
210
0.0
220
0.0
230
1.0
  0
LINE
  5
2E4
100
AcDbEntity
  8
0
370
    35
390
0
 62
     7
100
AcDbLine
 10
-221.598801
 20
-318.182607
 30
0.0
 11
-244.7552
 21
-331.474161
 31
0.0
210
0.0
220
0.0
230
1.0
  0
LINE
  5
2E5
100
AcDbEntity
  8
0
370
    35
390
0
 62
     7
 48
0.426722
100
AcDbLine
 10
-244.7552
 20
-331.474161
 30
0.0
 11
-242.883767
 21
-348.440126
 31
0.0
210
0.0
220
0.0
230
1.0
  0
LINE
  5
2E6
100
AcDbEntity
  8
0
370
    35
390
0
 62
     7
100
AcDbLine
 10
-224.742329
 20
-338.027112
 30
0.0
 11
-242.883767
 21
-348.440126
 31
0.0
210
0.0
220
0.0
230
1.0
  0
LINE
  5
2E7
100
AcDbEntity
  8
0
370
    35
390
0
 62
     7
 48
0.180733
100
AcDbLine
 10
-224.742329
 20
-338.027112
 30
0.0
 11
-218.472465
 21
-334.428269
 31
0.0
210
0.0
220
0.0
230
1.0
  0
LINE
  5
2E8
100
AcDbEntity
  8
0
370
    35
390
0
 62
     7
 48
0.41835
100
AcDbLine
 10
-197.587461
 20
-304.400325
 30
0.0
 11
-183.074311
 21
-296.069914
 31
0.0
210
0.0
220
0.0
230
1.0
  0
LINE
  5
2E9
100
AcDbEntity
  8
0
370
    35
390
0
 62
     7
100
AcDbLine
 10
-47.83552
 20
100.707398
 30
0.0
 11
-122.936591
 21
84.351862
 31
0.0
210
0.0
220
0.0
230
1.0
  0
LINE
  5
2EA
100
AcDbEntity
  8
0
370
    35
390
0
 62
     7
100
AcDbLine
 10
-77.864865
 20
-208.620464
 30
0.0
 11
-47.83552
 21
100.707398
 31
0.0
210
0.0
220
0.0
230
1.0
  0
LINE
  5
2EB
100
AcDbEntity
  8
0
370
    35
390
0
 62
     7
100
AcDbLine
 10
-178.495573
 20
-266.381538
 30
0.0
 11
-77.864865
 21
-208.620464
 31
0.0
210
0.0
220
0.0
230
1.0
  0
LINE
  5
2EC
100
AcDbEntity
  8
0
370
    35
390
0
 62
     7
100
AcDbLine
 10
-122.936591
 20
84.351862
 30
0.0
 11
-178.495573
 21
-266.381538
 31
0.0
210
0.0
220
0.0
230
1.0
  0
LINE
  5
2ED
100
AcDbEntity
  8
0
370
    35
390
0
 62
     7
 48
0.360631
100
AcDbLine
 10
-41.77842
 20
-201.263325
 30
0.0
 11
-28.771948
 21
-207.501818
 31
0.0
210
0.0
220
0.0
230
1.0
  0
LINE
  5
2EE
100
AcDbEntity
  8
0
370
    35
390
0
 62
     7
 48
0.426722
100
AcDbLine
 10
-265.378672
 20
-337.650551
 30
0.0
 11
-267.250105
 21
-320.684586
 31
0.0
210
0.0
220
0.0
230
1.0
  0
LINE
  5
2EF
100
AcDbEntity
  8
0
370
    35
390
0
 62
     7
100
AcDbLine
 10
-267.250105
 20
-320.684586
 30
0.0
 11
-223.923352
 21
-295.81544
 31
0.0
210
0.0
220
0.0
230
1.0
  0
LINE
  5
2F0
100
AcDbEntity
  8
0
370
    35
390
0
 62
     7
100
AcDbLine
 10
-265.378672
 20
-337.650551
 30
0.0
 11
-242.883767
 21
-348.440126
 31
0.0
210
0.0
220
0.0
230
1.0
  0
LINE
  5
2F1
100
AcDbEntity
  8
0
370
    35
390
0
 62
     7
100
AcDbLine
 10
-267.250105
 20
-320.684586
 30
0.0
 11
-244.7552
 21
-331.474161
 31
0.0
210
0.0
220
0.0
230
1.0
  0
LINE
  5
2F2
100
AcDbEntity
  8
0
370
    35
390
0
 62
     7
 48
0.151204
100
AcDbLine
 10
-227.052111
 20
-315.566953
 30
0.0
 11
-221.598801
 21
-318.182607
 31
0.0
210
0.0
220
0.0
230
1.0
  0
LINE
  5
2F3
100
AcDbEntity
  8
0
370
    35
390
0
 62
     7
 48
0.151204
100
AcDbLine
 10
-12.658332
 20
157.487517
 30
0.0
 11
-7.205021
 21
154.871863
 31
0.0
210
0.0
220
0.0
230
1.0
  0
LINE
  5
2F4
100
AcDbEntity
  8
0
370
    35
390
0
 62
     7
100
AcDbLine
 10
-157.099442
 20
126.031085
 30
0.0
 11
-12.658332
 21
157.487517
 31
0.0
210
0.0
220
0.0
230
1.0
  0
LINE
  5
2F5
100
AcDbEntity
  8
0
370
    35
390
0
 62
     7
 48
0.151204
100
AcDbLine
 10
-157.099442
 20
126.031085
 30
0.0
 11
-151.646132
 21
123.415431
 31
0.0
210
0.0
220
0.0
230
1.0
  0
LINE
  5
2F6
100
AcDbEntity
  8
0
370
    35
390
0
 62
     7
100
AcDbLine
 10
-157.099442
 20
126.031085
 30
0.0
 11
-227.052111
 21
-315.566953
 31
0.0
210
0.0
220
0.0
230
1.0
  0
LINE
  5
2F7
100
AcDbEntity
  8
0
370
    35
390
0
 62
     7
 48
0.151204
100
AcDbLine
 10
-83.318175
 20
-206.00481
 30
0.0
 11
-77.864865
 21
-208.620464
 31
0.0
210
0.0
220
0.0
230
1.0
  0
LINE
  5
2F8
100
AcDbEntity
  8
0
370
    35
390
0
 62
     7
100
AcDbLine
 10
-83.318175
 20
-206.00481
 30
0.0
 11
-53.666025
 21
99.43762
 31
0.0
210
0.0
220
0.0
230
1.0
  0
LINE
  5
2F9
100
AcDbEntity
  8
0
370
    35
390
0
 62
     7
100
AcDbLine
 10
-177.49441
 20
-260.061077
 30
0.0
 11
-83.318175
 21
-206.00481
 31
0.0
210
0.0
220
0.0
230
1.0
  0
ELLIPSE
  5
2FA
100
AcDbEntity
  8
0
370
    35
390
0
 62
     7
100
AcDbEllipse
 10
118.349365
 20
-142.84903
 30
0.0
 11
-2.4890651702880859
 21
4.3364219665527344
 31
0.0
210
0.0
220
0.0
230
1.0
 40
0.54766
 41
3.1414810171633611
 42
6.2830736707531543
  0
ELLIPSE
  5
2FB
100
AcDbEntity
  8
0
370
    35
390
0
 62
     7
100
AcDbEllipse
 10
-215.453094
 20
-334.448486
 30
0.0
 11
-2.4890651702880859
 21
4.3364219665527344
 31
0.0
210
0.0
220
0.0
230
1.0
 40
0.54766
 41
3.1414810171633594
 42
6.2830736707531516
  0
ELLIPSE
  5
2FC
100
AcDbEntity
  8
0
370
    35
390
0
 62
     7
100
AcDbEllipse
 10
-215.453094
 20
-334.448486
 30
0.0
 11
-2.4890651702880859
 21
4.3364219665527344
 31
0.0
210
0.0
220
0.0
230
1.0
 40
0.54766
 41
6.2830736707531516
 42
7.1238779068245996
  0
ELLIPSE
  5
2FD
100
AcDbEntity
  8
0
370
    35
390
0
 62
     7
100
AcDbEllipse
 10
-215.453094
 20
-334.448486
 30
0.0
 11
-2.4890651702880859
 21
4.3364219665527344
 31
0.0
210
0.0
220
0.0
230
1.0
 40
0.54766
 41
0.8406925996450129
 42
3.1414810171633594
  0
LINE
  5
2FE
100
AcDbEntity
  8
0
370
    35
390
0
 62
     7
100
AcDbLine
 10
115.860569
 20
-138.512456
 30
0.0
 11
-65.377075
 21
-242.541148
 31
0.0
210
0.0
220
0.0
230
1.0
  0
LINE
  5
2FF
100
AcDbEntity
  8
0
370
    35
390
0
 62
     7
100
AcDbLine
 10
-81.30387
 20
-251.682978
 30
0.0
 11
-172.511699
 21
-304.035409
 31
0.0
210
0.0
220
0.0
230
1.0
  0
LINE
  5
300
100
AcDbEntity
  8
0
370
    35
390
0
 62
     7
100
AcDbLine
 10
-188.438494
 20
-313.177238
 30
0.0
 11
-217.941889
 21
-330.111908
 31
0.0
210
0.0
220
0.0
230
1.0
  0
LINE
  5
301
100
AcDbEntity
  8
0
370
    35
390
0
 62
     7
100
AcDbLine
 10
120.838169
 20
-147.185604
 30
0.0
 11
-212.964289
 21
-338.785056
 31
0.0
210
0.0
220
0.0
230
1.0
  0
ELLIPSE
  5
302
100
AcDbEntity
  8
0
370
    35
390
0
 62
     7
100
AcDbEllipse
 10
-103.95031
 20
-176.5495
 30
0.0
 11
-10.811777114868164
 21
-22.541194915771484
 31
0.0
210
0.0
220
0.0
230
1.0
 40
0.654548
 41
3.1416077889930323
 42
5.1838025662814831
  0
ELLIPSE
  5
303
100
AcDbEntity
  8
0
370
    35
390
0
 62
     7
100
AcDbEllipse
 10
-97.133675
 20
-179.819077
 30
0.0
 11
-10.811777114868164
 21
-22.541194915771484
 31
0.0
210
0.0
220
0.0
230
1.0
 40
0.654548
 41
2.6612224996439862
 42
3.1416077889930323
  0
ELLIPSE
  5
304
100
AcDbEntity
  8
0
370
    35
390
0
 62
     7
100
AcDbEllipse
 10
-97.133675
 20
-179.819077
 30
0.0
 11
-10.811777114868164
 21
-22.541194915771484
 31
0.0
210
0.0
220
0.0
230
1.0
 40
0.654548
 41
3.1416077889930323
 42
5.1838025662814831
  0
ELLIPSE
  5
305
100
AcDbEntity
  8
0
370
    35
390
0
 62
     7
100
AcDbEllipse
 10
-103.95031
 20
-176.5495
 30
0.0
 11
-10.811777114868164
 21
-22.541194915771484
 31
0.0
210
0.0
220
0.0
230
1.0
 40
0.654548
 41
5.1838025662814831
 42
6.2832004425828245
  0
ELLIPSE
  5
306
100
AcDbEntity
  8
0
370
    35
390
0
 62
     7
100
AcDbEllipse
 10
-97.133675
 20
-179.819077
 30
0.0
 11
-10.811777114868164
 21
-22.541194915771484
 31
0.0
210
0.0
220
0.0
230
1.0
 40
0.654548
 41
5.1838025662814831
 42
6.2832004425828245
  0
ELLIPSE
  5
307
100
AcDbEntity
  8
0
370
    35
390
0
 62
     7
100
AcDbEllipse
 10
-97.133675
 20
-179.819077
 30
0.0
 11
-10.811777114868164
 21
-22.541194915771484
 31
0.0
210
0.0
220
0.0
230
1.0
 40
0.654548
 41
0.0000151354032394
 42
0.480370143747089
  0
ELLIPSE
  5
308
100
AcDbEntity
  8
0
370
    35
390
0
 62
     7
100
AcDbEllipse
 10
-97.133675
 20
-179.819077
 30
0.0
 11
-4.3247108459472656
 21
-9.0164775848388672
 31
0.0
210
0.0
220
0.0
230
1.0
 40
0.654548
 41
3.1415325411994273
 42
6.2831251947892195
  0
LINE
  5
309
100
AcDbEntity
  8
0
370
    35
390
0
 62
     7
 48
0.189005
100
AcDbLine
 10
-93.138758
 20
-154.008201
 30
0.0
 11
-86.322121
 21
-157.277769
 31
0.0
210
0.0
220
0.0
230
1.0
  0
LINE
  5
30A
100
AcDbEntity
  8
0
370
    35
390
0
 62
     7
 48
0.189005
100
AcDbLine
 10
-114.761867
 20
-199.090805
 30
0.0
 11
-107.945229
 21
-202.360373
 31
0.0
210
0.0
220
0.0
230
1.0
  0
POINT
  5
30B
100
AcDbEntity
  8
0
370
     5
390
0
 62
     7
100
AcDbPoint
 10
-126.104385
 20
-165.923401
 30
0.0
210
0.0
220
0.0
230
1.0
  0
ENDBLK
  5
30C
100
AcDbEntity
  8
0
390
0
100
AcDbBlockEnd
  0
BLOCK
  5
30D
100
AcDbEntity
  8
0
370
     0
390
0
100
AcDbBlockBegin
  2
BLOCK33
 70
     0
 10
0.0
 20
0.0
 30
0.0
  3
BLOCK33
  1

  0
TEXT
  5
30E
100
AcDbEntity
  8
0
370
    13
390
0
 62
     7
100
AcDbText
 10
-291.542786
 20
-299.243774
 30
0.0
 40
3.5
  1
Isometric view
 72
     5
 11
-249.038467
 21
-299.243774
 31
0.0
100
AcDbText
  0
TEXT
  5
30F
100
AcDbEntity
  8
0
370
    13
390
0
 62
     7
100
AcDbText
 10
-291.542786
 20
-305.290619
 30
0.0
 40
3.5
  1
Scale:
 72
     5
 11
-273.32666
 21
-305.290619
 31
0.0
100
AcDbText
  0
TEXT
  5
310
100
AcDbEntity
  8
0
370
    13
390
0
 62
     7
100
AcDbText
 10
-273.32666
 20
-305.290619
 30
0.0
 40
3.5
  1
  1:1
 72
     5
 11
-258.146545
 21
-305.290619
 31
0.0
100
AcDbText
  0
ENDBLK
  5
311
100
AcDbEntity
  8
0
390
0
100
AcDbBlockEnd
  0
BLOCK
  5
312
100
AcDbEntity
  8
0
370
     0
390
0
100
AcDbBlockBegin
  2
BLOCK34
 70
     0
 10
0.0
 20
0.0
 30
0.0
  3
BLOCK34
  1

  0
ELLIPSE
  5
313
100
AcDbEntity
  8
0
370
    35
390
0
 62
     7
100
AcDbEllipse
 10
-411.284058
 20
144.388107
 30
0.0
 11
-12.460846900939941
 21
53.26177978515625
 31
0.0
210
0.0
220
0.0
230
1.0
 40
0.466091
 41
3.1416165458246637
 42
6.2832091994144577
  0
ELLIPSE
  5
314
100
AcDbEntity
  8
0
370
    35
390
0
 62
     7
100
AcDbEllipse
 10
-432.820923
 20
139.349442
 30
0.0
 11
-12.460846900939941
 21
53.26177978515625
 31
0.0
210
0.0
220
0.0
230
1.0
 40
0.466091
 41
3.1416165458246637
 42
5.8091943578084537
  0
ELLIPSE
  5
315
100
AcDbEntity
  8
0
370
    35
390
0
 62
     7
100
AcDbEllipse
 10
-432.820923
 20
139.349442
 30
0.0
 11
-12.460846900939941
 21
53.26177978515625
 31
0.0
210
0.0
220
0.0
230
1.0
 40
0.466091
 41
2.5532846826542568
 42
3.1416165458246637
  0
LINE
  5
316
100
AcDbEntity
  8
0
370
    35
390
0
 62
     7
100
AcDbLine
 10
-180.663287
 20
-275.918758
 30
0.0
 11
-124.721988
 21
-54.064037
 31
0.0
210
0.0
220
0.0
230
1.0
  0
LINE
  5
317
100
AcDbEntity
  8
0
370
    35
390
0
 62
     7
100
AcDbLine
 10
13.726732
 20
495.002621
 30
0.0
 11
-124.721988
 21
-54.064037
 31
0.0
210
0.0
220
0.0
230
1.0
  0
ELLIPSE
  5
318
100
AcDbEntity
  8
0
370
    35
390
0
 62
     7
100
AcDbEllipse
 10
4.263619
 20
508.038849
 30
0.0
 11
-4.5560684204101563
 21
19.474142074584961
 31
0.0
210
0.0
220
0.0
230
1.0
 40
0.466091
 41
3.8756548237037101
 42
6.2831852561507979
  0
ELLIPSE
  5
319
100
AcDbEntity
  8
0
370
    35
390
0
 62
     7
100
AcDbEllipse
 10
4.263619
 20
508.038849
 30
0.0
 11
-4.5560684204101563
 21
19.474142074584961
 31
0.0
210
0.0
220
0.0
230
1.0
 40
0.466091
 41
6.283185256150797
 42
7.0172474772935018
  0
LINE
  5
31A
100
AcDbEntity
  8
0
370
    35
390
0
 62
     7
100
AcDbLine
 10
-135.903158
 20
2.72412
 30
0.0
 11
-5.199495
 21
521.075053
 31
0.0
210
0.0
220
0.0
230
1.0
  0
ELLIPSE
  5
31B
100
AcDbEntity
  8
0
370
    35
390
0
 62
     7
100
AcDbEllipse
 10
-145.366272
 20
15.760336
 30
0.0
 11
-4.5560684204101563
 21
19.474142074584961
 31
0.0
210
0.0
220
0.0
230
1.0
 40
0.466091
 41
3.1416495050406033
 42
3.8756548237037096
  0
ELLIPSE
  5
31C
100
AcDbEntity
  8
0
370
    35
390
0
 62
     7
100
AcDbEllipse
 10
-145.366272
 20
15.760336
 30
0.0
 11
-4.5560684204101563
 21
19.474142074584961
 31
0.0
210
0.0
220
0.0
230
1.0
 40
0.466091
 41
2.653924347307679
 42
3.1416495050406033
  0
LINE
  5
31D
100
AcDbEntity
  8
0
370
    35
390
0
 62
     7
100
AcDbLine
 10
-347.460284
 20
141.681276
 30
0.0
 11
-145.59437
 21
-2.438686
 31
0.0
210
0.0
220
0.0
230
1.0
  0
LINE
  5
31E
100
AcDbEntity
  8
0
370
    35
390
0
 62
     7
100
AcDbLine
 10
-396.278265
 20
176.53434
 30
0.0
 11
-379.809832
 21
164.776882
 31
0.0
210
0.0
220
0.0
230
1.0
  0
LINE
  5
31F
100
AcDbEntity
  8
0
370
    35
390
0
 62
     7
 48
0.104534
100
AcDbLine
 10
-382.898933
 20
130.25857
 30
0.0
 11
-379.495862
 21
127.828985
 31
0.0
210
0.0
220
0.0
230
1.0
  0
ELLIPSE
  5
320
100
AcDbEntity
  8
0
370
    35
390
0
 62
     7
100
AcDbEllipse
 10
-349.928345
 20
88.357704
 30
0.0
 11
-4.5560684204101563
 21
19.474142074584961
 31
0.0
210
0.0
220
0.0
230
1.0
 40
0.466091
 41
4.2247206741025751
 42
5.5399697438628737
  0
LINE
  5
321
100
AcDbEntity
  8
0
370
    35
390
0
 62
     7
100
AcDbLine
 10
-340.167248
 20
49.803521
 30
0.0
 11
-339.774881
 21
81.108754
 31
0.0
210
0.0
220
0.0
230
1.0
  0
LINE
  5
322
100
AcDbEntity
  8
0
370
    35
390
0
 62
     7
 48
0.095769
100
AcDbLine
 10
-340.494806
 20
23.669065
 30
0.0
 11
-340.446797
 21
27.499509
 31
0.0
210
0.0
220
0.0
230
1.0
  0
LINE
  5
323
100
AcDbEntity
  8
0
370
    35
390
0
 62
     7
 48
0.219853
100
AcDbLine
 10
-324.390115
 20
-32.83732
 30
0.0
 11
-328.2462
 21
-24.933714
 31
0.0
210
0.0
220
0.0
230
1.0
  0
LINE
  5
324
100
AcDbEntity
  8
0
370
    35
390
0
 62
     7
 48
0.05316
100
AcDbLine
 10
-312.87969
 20
-56.429614
 30
0.0
 11
-313.812089
 21
-54.518527
 31
0.0
210
0.0
220
0.0
230
1.0
  0
LINE
  5
325
100
AcDbEntity
  8
0
370
    35
390
0
 62
     7
100
AcDbLine
 10
-207.990765
 20
-271.414742
 30
0.0
 11
-307.447481
 21
-67.563717
 31
0.0
210
0.0
220
0.0
230
1.0
  0
ELLIPSE
  5
326
100
AcDbEntity
  8
0
370
    35
390
0
 62
     7
100
AcDbEllipse
 10
-197.22374
 20
-253.105377
 30
0.0
 11
-7.9731197357177734
 21
34.079750061035156
 31
0.0
210
0.0
220
0.0
230
1.0
 40
0.466091
 41
3.1415749198787797
 42
3.8756548237037096
  0
ELLIPSE
  5
327
100
AcDbEntity
  8
0
370
    35
390
0
 62
     7
100
AcDbEllipse
 10
-197.22374
 20
-253.105377
 30
0.0
 11
-7.9731197357177734
 21
34.079750061035156
 31
0.0
210
0.0
220
0.0
230
1.0
 40
0.466091
 41
2.0256058165897208
 42
3.1415749198787797
  0
ELLIPSE
  5
328
100
AcDbEntity
  8
0
370
    35
390
0
 62
     7
100
AcDbEllipse
 10
-131.603409
 20
-30.789246
 30
0.0
 11
-2.2780342102050781
 21
9.7370710372924805
 31
0.0
210
0.0
220
0.0
230
1.0
 40
0.466091
 41
3.0415500096609267
 42
3.1416029479243814
  0
ELLIPSE
  5
329
100
AcDbEntity
  8
0
370
    35
390
0
 62
     7
100
AcDbEllipse
 10
-131.603409
 20
-30.789246
 30
0.0
 11
-2.2780342102050781
 21
9.7370710372924805
 31
0.0
210
0.0
220
0.0
230
1.0
 40
0.466091
 41
3.1416029479243814
 42
4.2247206741025751
  0
ELLIPSE
  5
32A
100
AcDbEntity
  8
0
370
    35
390
0
 62
     7
100
AcDbEllipse
 10
-131.603409
 20
-30.789246
 30
0.0
 11
-2.2780342102050781
 21
9.7370710372924805
 31
0.0
210
0.0
220
0.0
230
1.0
 40
0.466091
 41
4.2247206741025751
 42
6.2831956015141737
  0
ELLIPSE
  5
32B
100
AcDbEntity
  8
0
370
    35
390
0
 62
     7
100
AcDbEllipse
 10
-131.603409
 20
-30.789246
 30
0.0
 11
-2.2780342102050781
 21
9.7370710372924805
 31
0.0
210
0.0
220
0.0
230
1.0
 40
0.466091
 41
0.0000102943345886
 42
0.1000338323479756
  0
ELLIPSE
  5
32C
100
AcDbEntity
  8
0
370
    35
390
0
 62
     7
100
AcDbEllipse
 10
4.263619
 20
508.038849
 30
0.0
 11
-2.2780342102050781
 21
9.7370710372924805
 31
0.0
210
0.0
220
0.0
230
1.0
 40
0.466091
 41
0.0000102943345888
 42
3.1416029479243819
  0
ELLIPSE
  5
32D
100
AcDbEntity
  8
0
370
    35
390
0
 62
     7
100
AcDbEllipse
 10
4.263619
 20
508.038849
 30
0.0
 11
-2.2780342102050781
 21
9.7370710372924805
 31
0.0
210
0.0
220
0.0
230
1.0
 40
0.466091
 41
3.1416029479243819
 42
4.2247206741025751
  0
ELLIPSE
  5
32E
100
AcDbEntity
  8
0
370
    35
390
0
 62
     7
100
AcDbEllipse
 10
4.263619
 20
508.038849
 30
0.0
 11
-2.2780342102050781
 21
9.7370710372924805
 31
0.0
210
0.0
220
0.0
230
1.0
 40
0.466091
 41
4.2247206741025751
 42
6.2831956015141737
  0
ELLIPSE
  5
32F
100
AcDbEntity
  8
0
370
    35
390
0
 62
     7
100
AcDbEllipse
 10
-334.080048
 20
45.065643
 30
0.0
 11
-1.3668205738067627
 21
5.8422427177429199
 31
0.0
210
0.0
220
0.0
230
1.0
 40
0.466091
 41
3.141602947924381
 42
4.2247206741025751
  0
ELLIPSE
  5
330
100
AcDbEntity
  8
0
370
    35
390
0
 62
     7
100
AcDbEllipse
 10
-334.080048
 20
45.065643
 30
0.0
 11
-1.3668205738067627
 21
5.8422427177429199
 31
0.0
210
0.0
220
0.0
230
1.0
 40
0.466091
 41
4.2247206741025751
 42
6.2831956015141746
  0
ELLIPSE
  5
331
100
AcDbEntity
  8
0
370
    35
390
0
 62
     7
100
AcDbEllipse
 10
-131.603409
 20
-30.789246
 30
0.0
 11
-68.022102355957031
 21
290.74896240234375
 31
0.0
210
0.0
220
0.0
230
1.0
 40
0.466091
 41
1.6151817944253173
 42
2.2646757871587888
  0
ELLIPSE
  5
332
100
AcDbEntity
  8
0
370
    35
390
0
 62
     7
100
AcDbEllipse
 10
-131.603409
 20
-30.789246
 30
0.0
 11
-68.022102355957031
 21
290.74896240234375
 31
0.0
210
0.0
220
0.0
230
1.0
 40
0.466091
 41
1.1233107302628056
 42
1.5785023963353328
  0
ELLIPSE
  5
333
100
AcDbEntity
  8
0
370
    35
390
0
 62
     7
100
AcDbEllipse
 10
-194.822113
 20
-249.907974
 30
0.0
 11
-2.8475427627563477
 21
12.17133903503418
 31
0.0
210
0.0
220
0.0
230
1.0
 40
0.466091
 41
2.2646757871587897
 42
3.1416139537215337
  0
ELLIPSE
  5
334
100
AcDbEntity
  8
0
370
    35
390
0
 62
     7
100
AcDbEllipse
 10
-194.822113
 20
-249.907974
 30
0.0
 11
-2.8475427627563477
 21
12.17133903503418
 31
0.0
210
0.0
220
0.0
230
1.0
 40
0.466091
 41
3.1416139537215337
 42
5.4062684407485824
  0
ELLIPSE
  5
335
100
AcDbEntity
  8
0
370
    35
390
0
 62
     7
100
AcDbEllipse
 10
-131.603409
 20
-30.789246
 30
0.0
 11
-73.717185974121094
 21
315.09164428710937
 31
0.0
210
0.0
220
0.0
230
1.0
 40
0.466091
 41
1.1233107302628056
 42
1.305159217686922
  0
ELLIPSE
  5
336
100
AcDbEntity
  8
0
370
    35
390
0
 62
     7
100
AcDbEllipse
 10
-131.603409
 20
-30.789246
 30
0.0
 11
-73.717185974121094
 21
315.09164428710937
 31
0.0
210
0.0
220
0.0
230
1.0
 40
0.466091
 41
1.3687041296056388
 42
1.5623722189531293
  0
ELLIPSE
  5
337
100
AcDbEntity
  8
0
370
    35
390
0
 62
     7
100
AcDbEllipse
 10
-131.603409
 20
-30.789246
 30
0.0
 11
-73.717185974121094
 21
315.09164428710937
 31
0.0
210
0.0
220
0.0
230
1.0
 40
0.466091
 41
1.5960878110096575
 42
2.2646757871587888
  0
ELLIPSE
  5
338
100
AcDbEntity
  8
0
370
    35
390
0
 62
     7
100
AcDbEllipse
 10
-289.555481
 20
70.505043
 30
0.0
 11
-2.8475427627563477
 21
12.17133903503418
 31
0.0
210
0.0
220
0.0
230
1.0
 40
0.466091
 41
4.2649033838525998
 42
6.2831445161106227
  0
ELLIPSE
  5
339
100
AcDbEntity
  8
0
370
    35
390
0
 62
     7
100
AcDbEllipse
 10
-289.555481
 20
70.505043
 30
0.0
 11
-2.8475427627563477
 21
12.17133903503418
 31
0.0
210
0.0
220
0.0
230
1.0
 40
0.466091
 41
6.2831445161106227
 42
7.4064960374423929
  0
LINE
  5
33A
100
AcDbEntity
  8
0
370
    35
390
0
 62
     7
100
AcDbLine
 10
-172.048543
 20
-273.903297
 30
0.0
 11
-116.107244
 21
-52.048576
 31
0.0
210
0.0
220
0.0
230
1.0
  0
LINE
  5
33B
100
AcDbEntity
  8
0
370
    13
390
0
 62
     7
 48
0.221184
100
AcDbLine
 10
-172.048543
 20
-273.903297
 30
0.0
 11
-180.663287
 21
-275.918758
 31
0.0
210
0.0
220
0.0
230
1.0
  0
LINE
  5
33C
100
AcDbEntity
  8
0
370
    35
390
0
 62
     7
100
AcDbLine
 10
22.341477
 20
497.018081
 30
0.0
 11
-116.107244
 21
-52.048576
 31
0.0
210
0.0
220
0.0
230
1.0
  0
LINE
  5
33D
100
AcDbEntity
  8
0
370
    13
390
0
 62
     7
 48
0.221184
100
AcDbLine
 10
22.341477
 20
497.018081
 30
0.0
 11
13.726732
 21
495.002621
 31
0.0
210
0.0
220
0.0
230
1.0
  0
ELLIPSE
  5
33E
100
AcDbEntity
  8
0
370
    35
390
0
 62
     7
100
AcDbEllipse
 10
12.878364
 20
510.054291
 30
0.0
 11
-4.5560684204101563
 21
19.474142074584961
 31
0.0
210
0.0
220
0.0
230
1.0
 40
0.466091
 41
3.8756548237037101
 42
6.2831852561507979
  0
LINE
  5
33F
100
AcDbEntity
  8
0
370
    13
390
0
 62
     7
 48
0.218395
100
AcDbLine
 10
-137.088244
 20
-0.448637
 30
0.0
 11
-145.59437
 21
-2.438686
 31
0.0
210
0.0
220
0.0
230
1.0
  0
LINE
  5
340
100
AcDbEntity
  8
0
370
    13
390
0
 62
     7
 48
0.051852
100
AcDbLine
 10
-402.851562
 20
189.393137
 30
0.0
 11
-404.871089
 21
188.920659
 31
0.0
210
0.0
220
0.0
230
1.0
  0
LINE
  5
341
100
AcDbEntity
  8
0
370
    35
390
0
 62
     7
100
AcDbLine
 10
-347.530537
 20
149.897296
 30
0.0
 11
-137.048674
 21
-0.373929
 31
0.0
210
0.0
220
0.0
230
1.0
  0
LINE
  5
342
100
AcDbEntity
  8
0
370
    35
390
0
 62
     7
100
AcDbLine
 10
-402.851562
 20
189.393137
 30
0.0
 11
-379.879659
 21
172.992598
 31
0.0
210
0.0
220
0.0
230
1.0
  0
ELLIPSE
  5
343
100
AcDbEntity
  8
0
370
    35
390
0
 62
     7
100
AcDbEllipse
 10
-403.079651
 20
171.194107
 30
0.0
 11
-4.5560684204101563
 21
19.474142074584961
 31
0.0
210
0.0
220
0.0
230
1.0
 40
0.466091
 41
5.7955170008974717
 42
6.1785271931869818
  0
ELLIPSE
  5
344
100
AcDbEntity
  8
0
370
    35
390
0
 62
     7
100
AcDbEllipse
 10
-188.608994
 20
-251.08992
 30
0.0
 11
-7.9731197357177734
 21
34.079750061035156
 31
0.0
210
0.0
220
0.0
230
1.0
 40
0.466091
 41
3.1415749198787797
 42
3.8756548237037096
  0
ELLIPSE
  5
345
100
AcDbEntity
  8
0
370
    35
390
0
 62
     7
100
AcDbEllipse
 10
12.878364
 20
510.054291
 30
0.0
 11
-2.2780342102050781
 21
9.7370710372924805
 31
0.0
210
0.0
220
0.0
230
1.0
 40
0.466091
 41
1.2503737654909317
 42
1.891218888872948
  0
LINE
  5
346
100
AcDbEntity
  8
0
370
    13
390
0
 62
     7
 48
0.221184
100
AcDbLine
 10
-188.747499
 20
-256.696713
 30
0.0
 11
-197.362243
 21
-258.712174
 31
0.0
210
0.0
220
0.0
230
1.0
  0
ELLIPSE
  5
347
100
AcDbEntity
  8
0
370
    35
390
0
 62
     7
100
AcDbEllipse
 10
-186.207367
 20
-247.892517
 30
0.0
 11
-2.8475427627563477
 21
12.17133903503418
 31
0.0
210
0.0
220
0.0
230
1.0
 40
0.466091
 41
2.2646757871587897
 42
2.2793841329857862
  0
LINE
  5
348
100
AcDbEntity
  8
0
370
    13
390
0
 62
     7
 48
0.221184
100
AcDbLine
 10
-287.287242
 20
76.59051
 30
0.0
 11
-295.901986
 21
74.57505
 31
0.0
210
0.0
220
0.0
230
1.0
  0
ELLIPSE
  5
349
100
AcDbEntity
  8
0
370
    35
390
0
 62
     7
100
AcDbEllipse
 10
-122.98867
 20
-28.773785
 30
0.0
 11
-73.717185974121094
 21
315.09164428710937
 31
0.0
210
0.0
220
0.0
230
1.0
 40
0.466091
 41
1.1233107302628056
 42
1.3051592176869222
  0
ELLIPSE
  5
34A
100
AcDbEntity
  8
0
370
    35
390
0
 62
     7
100
AcDbEllipse
 10
-122.98867
 20
-28.773785
 30
0.0
 11
-73.717185974121094
 21
315.09164428710937
 31
0.0
210
0.0
220
0.0
230
1.0
 40
0.466091
 41
1.3687041296056388
 42
1.5741628345786876
  0
ELLIPSE
  5
34B
100
AcDbEntity
  8
0
370
    35
390
0
 62
     7
100
AcDbEllipse
 10
-122.98867
 20
-28.773785
 30
0.0
 11
-73.717185974121094
 21
315.09164428710937
 31
0.0
210
0.0
220
0.0
230
1.0
 40
0.466091
 41
1.6079642671447612
 42
2.2646757871587888
  0
ELLIPSE
  5
34C
100
AcDbEntity
  8
0
370
    35
390
0
 62
     7
100
AcDbEllipse
 10
-280.940735
 20
72.520508
 30
0.0
 11
-2.8475427627563477
 21
12.17133903503418
 31
0.0
210
0.0
220
0.0
230
1.0
 40
0.466091
 41
0.8622080665536842
 42
1.1233107302628063
  0
LINE
  5
34D
100
AcDbEntity
  8
0
370
    35
390
0
 62
     7
 48
0.315667
100
AcDbLine
 10
-163.103846
 20
-238.429932
 30
0.0
 11
-150.809151
 21
-235.55353
 31
0.0
210
0.0
220
0.0
230
1.0
  0
LINE
  5
34E
100
AcDbEntity
  8
0
370
    35
390
0
 62
     7
100
AcDbLine
 10
-99.882642
 20
-33.586706
 30
0.0
 11
-150.809151
 21
-235.55353
 31
0.0
210
0.0
220
0.0
230
1.0
  0
LINE
  5
34F
100
AcDbEntity
  8
0
370
    35
390
0
 62
     7
 48
0.166196
100
AcDbLine
 10
-251.401058
 20
81.266646
 30
0.0
 11
-244.927993
 21
82.78105
 31
0.0
210
0.0
220
0.0
230
1.0
  0
LINE
  5
350
100
AcDbEntity
  8
0
370
    35
390
0
 62
     7
100
AcDbLine
 10
-244.927993
 20
82.78105
 30
0.0
 11
-135.42884
 21
4.605327
 31
0.0
210
0.0
220
0.0
230
1.0
  0
LINE
  5
351
100
AcDbEntity
  8
0
370
    35
390
0
 62
     7
100
AcDbLine
 10
-398.822616
 20
91.126458
 30
0.0
 11
-420.359477
 21
86.087807
 31
0.0
210
0.0
220
0.0
230
1.0
  0
LINE
  5
352
100
AcDbEntity
  8
0
370
    35
390
0
 62
     7
 48
0.22074
100
AcDbLine
 10
-423.745497
 20
197.649742
 30
0.0
 11
-432.342954
 21
195.638326
 31
0.0
210
0.0
220
0.0
230
1.0
  0
LINE
  5
353
100
AcDbEntity
  8
0
370
    35
390
0
 62
     7
 48
0.221184
100
AcDbLine
 10
8.322295
 20
529.52844
 30
0.0
 11
-0.292449
 21
527.51298
 31
0.0
210
0.0
220
0.0
230
1.0
  0
LINE
  5
354
100
AcDbEntity
  8
0
370
    35
390
0
 62
     7
 48
0.221184
100
AcDbLine
 10
-180.636153
 20
-285.169735
 30
0.0
 11
-189.250898
 21
-287.185195
 31
0.0
210
0.0
220
0.0
230
1.0
  0
ELLIPSE
  5
355
100
AcDbEntity
  8
0
370
    35
390
0
 62
     7
100
AcDbEllipse
 10
-101.451813
 20
-23.735134
 30
0.0
 11
-2.2666440010070801
 21
9.6883859634399414
 31
0.0
210
0.0
220
0.0
230
1.0
 40
0.466091
 41
3.1416029479243814
 42
6.2831956015141754
  0
ELLIPSE
  5
356
100
AcDbEntity
  8
0
370
    35
390
0
 62
     7
100
AcDbEllipse
 10
-204.828751
 20
-47.920662
 30
0.0
 11
-2.2666440010070801
 21
9.6883859634399414
 31
0.0
210
0.0
220
0.0
230
1.0
 40
0.466091
 41
3.1416029479243814
 42
6.2831956015141754
  0
ELLIPSE
  5
357
100
AcDbEntity
  8
0
370
    35
390
0
 62
     7
100
AcDbEllipse
 10
-204.828751
 20
-47.920662
 30
0.0
 11
-2.2666440010070801
 21
9.6883859634399414
 31
0.0
210
0.0
220
0.0
230
1.0
 40
0.466091
 41
0.0000102943345886
 42
1.0831280205127822
  0
ELLIPSE
  5
358
100
AcDbEntity
  8
0
370
    35
390
0
 62
     7
100
AcDbEllipse
 10
-204.828751
 20
-47.920662
 30
0.0
 11
-2.2666440010070801
 21
9.6883859634399414
 31
0.0
210
0.0
220
0.0
230
1.0
 40
0.466091
 41
1.0831280205127822
 42
3.1416029479243814
  0
LINE
  5
359
100
AcDbEntity
  8
0
370
    35
390
0
 62
     7
 48
0.076574
100
AcDbLine
 10
-103.7185
 20
-14.046759
 30
0.0
 11
-106.700936
 21
-14.744514
 31
0.0
210
0.0
220
0.0
230
1.0
  0
LINE
  5
35A
100
AcDbEntity
  8
0
370
    35
390
0
 62
     7
100
AcDbLine
 10
-133.416787
 20
-20.994814
 30
0.0
 11
-207.095435
 21
-38.232285
 31
0.0
210
0.0
220
0.0
230
1.0
  0
LINE
  5
35B
100
AcDbEntity
  8
0
370
    35
390
0
 62
     7
 48
0.333576
100
AcDbLine
 10
-99.185119
 20
-33.423509
 30
0.0
 11
-112.177329
 21
-36.463099
 31
0.0
210
0.0
220
0.0
230
1.0
  0
LINE
  5
35C
100
AcDbEntity
  8
0
370
    35
390
0
 62
     7
100
AcDbLine
 10
-128.883467
 20
-40.371579
 30
0.0
 11
-202.562054
 21
-57.609036
 31
0.0
210
0.0
220
0.0
230
1.0
  0
ELLIPSE
  5
35D
100
AcDbEntity
  8
0
370
    35
390
0
 62
     7
100
AcDbEllipse
 10
-272.785278
 20
13.15732
 30
0.0
 11
-4.5560684204101563
 21
19.474142074584961
 31
0.0
210
0.0
220
0.0
230
1.0
 40
0.466091
 41
0.5615071642745509
 42
1.0471976732288357
  0
LINE
  5
35E
100
AcDbEntity
  8
0
370
    35
390
0
 62
     7
 48
0.278679
100
AcDbLine
 10
-331.144827
 20
9.773851
 30
0.0
 11
-320.290755
 21
12.313213
 31
0.0
210
0.0
220
0.0
230
1.0
  0
LINE
  5
35F
100
AcDbEntity
  8
0
370
    35
390
0
 62
     7
100
AcDbLine
 10
-301.277268
 20
16.761509
 30
0.0
 11
-280.871278
 21
21.535587
 31
0.0
210
0.0
220
0.0
230
1.0
  0
LINE
  5
360
100
AcDbEntity
  8
0
370
    35
390
0
 62
     7
 48
0.278681
100
AcDbLine
 10
-326.588759
 20
-9.700292
 30
0.0
 11
-315.734593
 21
-7.160908
 31
0.0
210
0.0
220
0.0
230
1.0
  0
LINE
  5
361
100
AcDbEntity
  8
0
370
    35
390
0
 62
     7
 48
0.463454
100
AcDbLine
 10
-296.7212
 20
-2.712634
 30
0.0
 11
-278.670459
 21
1.510422
 31
0.0
210
0.0
220
0.0
230
1.0
  0
ELLIPSE
  5
362
100
AcDbEntity
  8
0
370
    35
390
0
 62
     7
100
AcDbEllipse
 10
-341.703217
 20
-2.966364
 30
0.0
 11
-6.8341026306152344
 21
29.211214065551758
 31
0.0
210
0.0
220
0.0
230
1.0
 40
0.466091
 41
3.1415879930085095
 42
6.1369546121933523
  0
ELLIPSE
  5
363
100
AcDbEntity
  8
0
370
    35
390
0
 62
     7
100
AcDbEllipse
 10
-358.932709
 20
-6.997285
 30
0.0
 11
-6.8341026306152344
 21
29.211214065551758
 31
0.0
210
0.0
220
0.0
230
1.0
 40
0.466091
 41
3.6904635669729946
 42
4.8348876008792478
  0
LINE
  5
364
100
AcDbEntity
  8
0
370
    35
390
0
 62
     7
 48
0.284777
100
AcDbLine
 10
-334.869182
 20
-32.177593
 30
0.0
 11
-345.960744
 21
-34.772517
 31
0.0
210
0.0
220
0.0
230
1.0
  0
ELLIPSE
  5
365
100
AcDbEntity
  8
0
370
    35
390
0
 62
     7
100
AcDbEllipse
 10
-498.229065
 20
-73.71669
 30
0.0
 11
-4.5560684204101563
 21
19.474142074584961
 31
0.0
210
0.0
220
0.0
230
1.0
 40
0.466091
 41
3.1416799707787013
 42
3.6624003795655757
  0
LINE
  5
366
100
AcDbEntity
  8
0
370
    13
390
0
 62
     7
 48
0.221184
100
AcDbLine
 10
-489.760644
 20
-89.552269
 30
0.0
 11
-498.375388
 21
-91.56773
 31
0.0
210
0.0
220
0.0
230
1.0
  0
ELLIPSE
  5
367
100
AcDbEntity
  8
0
370
    35
390
0
 62
     7
100
AcDbEllipse
 10
-506.843811
 20
-75.732147
 30
0.0
 11
-4.5560684204101563
 21
19.474142074584961
 31
0.0
210
0.0
220
0.0
230
1.0
 40
0.466091
 41
2.8955418671367861
 42
3.1416799707787013
  0
ELLIPSE
  5
368
100
AcDbEntity
  8
0
370
    35
390
0
 62
     7
100
AcDbEllipse
 10
-506.843811
 20
-75.732147
 30
0.0
 11
-4.5560684204101563
 21
19.474142074584961
 31
0.0
210
0.0
220
0.0
230
1.0
 40
0.466091
 41
3.1416799707787013
 42
3.6624003795655757
  0
LINE
  5
369
100
AcDbEntity
  8
0
370
    35
390
0
 62
     7
100
AcDbLine
 10
-467.287485
 20
-43.325761
 30
0.0
 11
-489.760644
 21
-89.552269
 31
0.0
210
0.0
220
0.0
230
1.0
  0
LINE
  5
36A
100
AcDbEntity
  8
0
370
    35
390
0
 62
     7
100
AcDbLine
 10
-412.664692
 20
69.031431
 30
0.0
 11
-439.123872
 21
14.605814
 31
0.0
210
0.0
220
0.0
230
1.0
  0
LINE
  5
36B
100
AcDbEntity
  8
0
370
    35
390
0
 62
     7
 48
0.130598
100
AcDbLine
 10
-381.278776
 20
133.591173
 30
0.0
 11
-383.562788
 21
128.893039
 31
0.0
210
0.0
220
0.0
230
1.0
  0
LINE
  5
36C
100
AcDbEntity
  8
0
370
    13
390
0
 62
     7
 48
0.064445
100
AcDbLine
 10
-381.278776
 20
133.591173
 30
0.0
 11
-383.788809
 21
133.003938
 31
0.0
210
0.0
220
0.0
230
1.0
  0
LINE
  5
36D
100
AcDbEntity
  8
0
370
    35
390
0
 62
     7
100
AcDbLine
 10
-472.326672
 20
-37.986423
 30
0.0
 11
-498.375388
 21
-91.56773
 31
0.0
210
0.0
220
0.0
230
1.0
  0
LINE
  5
36E
100
AcDbEntity
  8
0
370
    35
390
0
 62
     7
100
AcDbLine
 10
-418.332224
 20
73.078285
 30
0.0
 11
-438.486504
 21
31.621628
 31
0.0
210
0.0
220
0.0
230
1.0
  0
ELLIPSE
  5
36F
100
AcDbEntity
  8
0
370
    35
390
0
 62
     7
100
AcDbEllipse
 10
-389.747192
 20
149.426758
 30
0.0
 11
-4.5560684204101563
 21
19.474142074584961
 31
0.0
210
0.0
220
0.0
230
1.0
 40
0.466091
 41
3.6624003795655726
 42
4.1839958370491495
  0
ELLIPSE
  5
370
100
AcDbEntity
  8
0
370
    35
390
0
 62
     7
100
AcDbEllipse
 10
-389.747192
 20
149.426758
 30
0.0
 11
-4.5560684204101563
 21
19.474142074584961
 31
0.0
210
0.0
220
0.0
230
1.0
 40
0.466091
 41
4.3412492027950957
 42
6.1030440558773087
  0
LINE
  5
371
100
AcDbEntity
  8
0
370
    35
390
0
 62
     7
100
AcDbLine
 10
-513.829346
 20
-56.846337
 30
0.0
 11
-471.453822
 21
30.318646
 31
0.0
210
0.0
220
0.0
230
1.0
  0
ELLIPSE
  5
372
100
AcDbEntity
  8
0
370
    35
390
0
 62
     7
100
AcDbEllipse
 10
-506.843811
 20
-75.732147
 30
0.0
 11
-2.2780342102050781
 21
9.7370710372924805
 31
0.0
210
0.0
220
0.0
230
1.0
 40
0.466091
 41
3.1812653631288441
 42
5.2331967063604727
  0
ELLIPSE
  5
373
100
AcDbEntity
  8
0
370
    35
390
0
 62
     7
100
AcDbEllipse
 10
-506.843811
 20
-75.732147
 30
0.0
 11
-2.2780342102050781
 21
9.7370710372924805
 31
0.0
210
0.0
220
0.0
230
1.0
 40
0.466091
 41
5.2331967063604727
 42
6.2435125840496486
  0
LINE
  5
374
100
AcDbEntity
  8
0
370
    35
390
0
 62
     7
 48
0.221184
100
AcDbLine
 10
-493.672202
 20
-93.190648
 30
0.0
 11
-502.286947
 21
-95.206108
 31
0.0
210
0.0
220
0.0
230
1.0
  0
LINE
  5
375
100
AcDbEntity
  8
0
370
    35
390
0
 62
     7
 48
0.160804
100
AcDbLine
 10
-339.952648
 20
66.925951
 30
0.0
 11
-346.215687
 21
65.460683
 31
0.0
210
0.0
220
0.0
230
1.0
  0
ELLIPSE
  5
376
100
AcDbEntity
  8
0
370
    35
390
0
 62
     7
100
AcDbEllipse
 10
-387.000946
 20
80.811447
 30
0.0
 11
6.3921456336975098
 21
8.9521207809448242
 31
0.0
210
0.0
220
0.0
230
1.0
 40
0.781579
 41
0.0000307912612984
 42
3.1416234448510885
  0
LINE
  5
377
100
AcDbEntity
  8
0
370
    35
390
0
 62
     7
 48
0.015311
100
AcDbLine
 10
-346.812019
 20
65.321169
 30
0.0
 11
-346.215687
 21
65.460683
 31
0.0
210
0.0
220
0.0
230
1.0
  0
LINE
  5
378
100
AcDbEntity
  8
0
370
    35
390
0
 62
     7
 48
0.07996
100
AcDbLine
 10
-343.677326
 20
63.6482
 30
0.0
 11
-346.791613
 21
62.919598
 31
0.0
210
0.0
220
0.0
230
1.0
  0
LINE
  5
379
100
AcDbEntity
  8
0
370
    35
390
0
 62
     7
 48
0.094855
100
AcDbLine
 10
-343.677326
 20
63.6482
 30
0.0
 11
-339.982894
 21
64.51253
 31
0.0
210
0.0
220
0.0
230
1.0
  0
ELLIPSE
  5
37A
100
AcDbEntity
  8
0
370
    35
390
0
 62
     7
100
AcDbEllipse
 10
-346.617493
 20
39.726101
 30
0.0
 11
-3.4170513153076172
 21
14.605607032775879
 31
0.0
210
0.0
220
0.0
230
1.0
 40
0.466091
 41
3.2004947700048239
 42
4.224666525025083
  0
ELLIPSE
  5
37B
100
AcDbEntity
  8
0
370
    35
390
0
 62
     7
100
AcDbEllipse
 10
-350.924866
 20
38.718372
 30
0.0
 11
3.4170513153076172
 21
-14.605607032775879
 31
0.0
210
0.0
220
0.0
230
1.0
 40
0.466091
 41
0.4328554961173197
 42
2.0817461842007958
  0
ELLIPSE
  5
37C
100
AcDbEntity
  8
0
370
    35
390
0
 62
     7
100
AcDbEllipse
 10
-346.617493
 20
39.726101
 30
0.0
 11
-3.4170513153076172
 21
14.605607032775879
 31
0.0
210
0.0
220
0.0
230
1.0
 40
0.466091
 41
4.2246665250250839
 42
5.7954628518199822
  0
LINE
  5
37D
100
AcDbEntity
  8
0
370
    35
390
0
 62
     7
 48
0.008175
100
AcDbLine
 10
-346.712128
 20
53.565101
 30
0.0
 11
-346.445999
 21
53.375075
 31
0.0
210
0.0
220
0.0
230
1.0
  0
LINE
  5
37E
100
AcDbEntity
  8
0
370
    13
390
0
 62
     7
 48
0.006778
100
AcDbLine
 10
-346.445999
 20
53.375075
 30
0.0
 11
-346.709989
 21
53.313313
 31
0.0
210
0.0
220
0.0
230
1.0
  0
LINE
  5
37F
100
AcDbEntity
  8
0
370
    35
390
0
 62
     7
 48
0.010135
100
AcDbLine
 10
-346.48474
 20
65.397727
 30
0.0
 11
-346.814681
 21
65.633317
 31
0.0
210
0.0
220
0.0
230
1.0
  0
LINE
  5
380
100
AcDbEntity
  8
0
370
    35
390
0
 62
     7
 48
0.044401
100
AcDbLine
 10
-379.163633
 20
88.731665
 30
0.0
 11
-380.609019
 21
89.763724
 31
0.0
210
0.0
220
0.0
230
1.0
  0
LINE
  5
381
100
AcDbEntity
  8
0
370
    35
390
0
 62
     7
 48
0.444208
100
AcDbLine
 10
-378.932497
 20
61.533926
 30
0.0
 11
-393.392879
 21
71.859174
 31
0.0
210
0.0
220
0.0
230
1.0
  0
LINE
  5
382
100
AcDbEntity
  8
0
370
    35
390
0
 62
     7
 48
0.165328
100
AcDbLine
 10
-387.961684
 20
101.414569
 30
0.0
 11
-381.522429
 21
102.921063
 31
0.0
210
0.0
220
0.0
230
1.0
  0
ELLIPSE
  5
383
100
AcDbEntity
  8
0
370
    13
390
0
 62
     7
100
AcDbEllipse
 10
-392.077667
 20
84.436417
 30
0.0
 11
5.8110413551330566
 21
8.1382923126220703
 31
0.0
210
0.0
220
0.0
230
1.0
 40
0.781579
 41
6.0123752551700136
 42
9.6955880847627078
  0
LINE
  5
384
100
AcDbEntity
  8
0
370
    35
390
0
 62
     7
 48
0.261246
100
AcDbLine
 10
-379.268252
 20
101.042093
 30
0.0
 11
-389.443349
 21
98.661581
 31
0.0
210
0.0
220
0.0
230
1.0
  0
LINE
  5
385
100
AcDbEntity
  8
0
370
    35
390
0
 62
     7
100
AcDbLine
 10
-409.202974
 20
88.697896
 30
0.0
 11
-409.478647
 21
66.756523
 31
0.0
210
0.0
220
0.0
230
1.0
  0
LINE
  5
386
100
AcDbEntity
  8
0
370
    35
390
0
 62
     7
 48
0.449276
100
AcDbLine
 10
-391.980115
 20
70.850388
 30
0.0
 11
-409.478647
 21
66.756523
 31
0.0
210
0.0
220
0.0
230
1.0
  0
ELLIPSE
  5
387
100
AcDbEntity
  8
0
370
    35
390
0
 62
     7
100
AcDbEllipse
 10
-432.152405
 20
96.71785
 30
0.0
 11
-3.4170513153076172
 21
14.605607032775879
 31
0.0
210
0.0
220
0.0
230
1.0
 40
0.466091
 41
2.0894015277461242
 42
2.6538701982301931
  0
LINE
  5
388
100
AcDbEntity
  8
0
370
    35
390
0
 62
     7
100
AcDbLine
 10
-409.478647
 20
66.756523
 30
0.0
 11
-432.323896
 21
83.068876
 31
0.0
210
0.0
220
0.0
230
1.0
  0
LINE
  5
389
100
AcDbEntity
  8
0
370
    35
390
0
 62
     7
 48
0.141095
100
AcDbLine
 10
-381.522429
 20
102.921063
 30
0.0
 11
-386.115533
 21
106.20071
 31
0.0
210
0.0
220
0.0
230
1.0
  0
LINE
  5
38A
100
AcDbEntity
  8
0
370
    35
390
0
 62
     7
 48
0.180679
100
AcDbLine
 10
-385.187163
 20
109.621173
 30
0.0
 11
-379.305473
 21
105.421428
 31
0.0
210
0.0
220
0.0
230
1.0
  0
LINE
  5
38B
100
AcDbEntity
  8
0
370
    35
390
0
 62
     7
 48
0.19035
100
AcDbLine
 10
-335.446892
 20
50.907878
 30
0.0
 11
-342.860685
 21
49.173386
 31
0.0
210
0.0
220
0.0
230
1.0
  0
LINE
  5
38C
100
AcDbEntity
  8
0
370
    35
390
0
 62
     7
 48
0.166094
100
AcDbLine
 10
-332.713195
 20
39.223405
 30
0.0
 11
-339.182287
 21
37.709931
 31
0.0
210
0.0
220
0.0
230
1.0
  0
ELLIPSE
  5
38D
100
AcDbEntity
  8
0
370
    35
390
0
 62
     7
100
AcDbEllipse
 10
-380.079254
 20
106.494263
 30
0.0
 11
-1.3668205738067627
 21
5.8422427177429199
 31
0.0
210
0.0
220
0.0
230
1.0
 40
0.466091
 41
5.5782258544352743
 42
6.2831956015141746
  0
LINE
  5
38E
100
AcDbEntity
  8
0
370
    35
390
0
 62
     7
 48
0.085399
100
AcDbLine
 10
-381.446115
 20
112.336499
 30
0.0
 11
-384.772262
 21
111.558331
 31
0.0
210
0.0
220
0.0
230
1.0
  0
ELLIPSE
  5
38F
100
AcDbEntity
  8
0
370
    35
390
0
 62
     7
100
AcDbEllipse
 10
-519.76593
 20
-78.755341
 30
0.0
 11
-6.9593944549560547
 21
29.746753692626953
 31
0.0
210
0.0
220
0.0
230
1.0
 40
0.466091
 41
3.1415879930085095
 42
6.2831806465983027
  0
ELLIPSE
  5
390
100
AcDbEntity
  8
0
370
    35
390
0
 62
     7
100
AcDbEllipse
 10
-541.302795
 20
-83.793991
 30
0.0
 11
-6.9593944549560547
 21
29.746753692626953
 31
0.0
210
0.0
220
0.0
230
1.0
 40
0.466091
 41
3.1415879930085095
 42
6.2831806465983027
  0
ELLIPSE
  5
391
100
AcDbEntity
  8
0
370
    35
390
0
 62
     7
100
AcDbEllipse
 10
-541.302795
 20
-83.793991
 30
0.0
 11
-6.9593944549560547
 21
29.746753692626953
 31
0.0
210
0.0
220
0.0
230
1.0
 40
0.466091
 41
6.2831806465983027
 42
7.3663133276923691
  0
ELLIPSE
  5
392
100
AcDbEntity
  8
0
370
    35
390
0
 62
     7
100
AcDbEllipse
 10
-541.302795
 20
-83.793991
 30
0.0
 11
-6.9593944549560547
 21
29.746753692626953
 31
0.0
210
0.0
220
0.0
230
1.0
 40
0.466091
 41
1.0831280205127825
 42
3.1415879930085095
  0
ELLIPSE
  5
393
100
AcDbEntity
  8
0
370
    35
390
0
 62
     7
100
AcDbEllipse
 10
-595.963928
 20
0.142978
 30
0.0
 11
-4.5560684204101563
 21
19.474142074584961
 31
0.0
210
0.0
220
0.0
230
1.0
 40
0.466091
 41
5.7955170008974717
 42
6.2831956015141728
  0
ELLIPSE
  5
394
100
AcDbEntity
  8
0
370
    35
390
0
 62
     7
100
AcDbEllipse
 10
-595.963928
 20
0.142978
 30
0.0
 11
-4.5560684204101563
 21
19.474142074584961
 31
0.0
210
0.0
220
0.0
230
1.0
 40
0.466091
 41
0.0000102943345863
 42
2.653924347307679
  0
LINE
  5
395
100
AcDbEntity
  8
0
370
    35
390
0
 62
     7
100
AcDbLine
 10
-546.392475
 20
-53.609888
 30
0.0
 11
-596.192025
 21
-18.056044
 31
0.0
210
0.0
220
0.0
230
1.0
  0
ELLIPSE
  5
396
100
AcDbEntity
  8
0
370
    35
390
0
 62
     7
100
AcDbEllipse
 10
-493.921692
 20
-72.708961
 30
0.0
 11
-4.5560684204101563
 21
19.474142074584961
 31
0.0
210
0.0
220
0.0
230
1.0
 40
0.466091
 41
2.9020332728316598
 42
3.1416029479243792
  0
ELLIPSE
  5
397
100
AcDbEntity
  8
0
370
    35
390
0
 62
     7
100
AcDbEllipse
 10
-493.921692
 20
-72.708961
 30
0.0
 11
-4.5560684204101563
 21
19.474142074584961
 31
0.0
210
0.0
220
0.0
230
1.0
 40
0.466091
 41
3.1416029479243792
 42
4.3639047523727577
  0
LINE
  5
398
100
AcDbEntity
  8
0
370
    35
390
0
 62
     7
 48
0.447504
100
AcDbLine
 10
-522.366425
 20
-34.039282
 30
0.0
 11
-507.798071
 21
-44.440199
 31
0.0
210
0.0
220
0.0
230
1.0
  0
ELLIPSE
  5
399
100
AcDbEntity
  8
0
370
    35
390
0
 62
     7
100
AcDbEllipse
 10
-522.25238
 20
-24.939772
 30
0.0
 11
-2.2780342102050781
 21
9.7370710372924805
 31
0.0
210
0.0
220
0.0
230
1.0
 40
0.466091
 41
1.5892735035911332
 42
2.653924347307679
  0
LINE
  5
39A
100
AcDbEntity
  8
0
370
    35
390
0
 62
     7
100
AcDbLine
 10
-550.130001
 20
70.01869
 30
0.0
 11
-526.747874
 21
-26.181265
 31
0.0
210
0.0
220
0.0
230
1.0
  0
LINE
  5
39B
100
AcDbEntity
  8
0
370
    35
390
0
 62
     7
 48
0.116594
100
AcDbLine
 10
-554.6255
 20
68.777197
 30
0.0
 11
-550.130001
 21
70.01869
 31
0.0
210
0.0
220
0.0
230
1.0
  0
LINE
  5
39C
100
AcDbEntity
  8
0
370
    35
390
0
 62
     7
100
AcDbLine
 10
-554.6255
 20
68.777197
 30
0.0
 11
-535.17037
 21
-11.266104
 31
0.0
210
0.0
220
0.0
230
1.0
  0
ELLIPSE
  5
39D
100
AcDbEntity
  8
0
370
    35
390
0
 62
     7
100
AcDbEllipse
 10
-539.665894
 20
-12.507598
 30
0.0
 11
-2.2780342102050781
 21
9.7370710372924805
 31
0.0
210
0.0
220
0.0
230
1.0
 40
0.466091
 41
3.1415926926475417
 42
4.7308661571809267
  0
ELLIPSE
  5
39E
100
AcDbEntity
  8
0
370
    35
390
0
 62
     7
100
AcDbEllipse
 10
-539.665894
 20
-12.507598
 30
0.0
 11
-2.2780342102050781
 21
9.7370710372924805
 31
0.0
210
0.0
220
0.0
230
1.0
 40
0.466091
 41
2.6539243473076906
 42
3.1415926926475417
  0
LINE
  5
39F
100
AcDbEntity
  8
0
370
    35
390
0
 62
     7
100
AcDbLine
 10
-595.735827
 20
18.342001
 30
0.0
 11
-539.779918
 21
-21.607109
 31
0.0
210
0.0
220
0.0
230
1.0
  0
ELLIPSE
  5
3A0
100
AcDbEntity
  8
0
370
    35
390
0
 62
     7
100
AcDbEllipse
 10
-595.963928
 20
0.142978
 30
0.0
 11
-2.2780342102050781
 21
9.7370710372924805
 31
0.0
210
0.0
220
0.0
230
1.0
 40
0.466091
 41
0.0000102943345913
 42
3.1416029479243837
  0
ELLIPSE
  5
3A1
100
AcDbEntity
  8
0
370
    35
390
0
 62
     7
100
AcDbEllipse
 10
-595.963928
 20
0.142978
 30
0.0
 11
-2.2780342102050781
 21
9.7370710372924805
 31
0.0
210
0.0
220
0.0
230
1.0
 40
0.466091
 41
3.1416029479243837
 42
4.2247206741025751
  0
ELLIPSE
  5
3A2
100
AcDbEntity
  8
0
370
    35
390
0
 62
     7
100
AcDbEllipse
 10
-595.963928
 20
0.142978
 30
0.0
 11
-2.2780342102050781
 21
9.7370710372924805
 31
0.0
210
0.0
220
0.0
230
1.0
 40
0.466091
 41
4.2247206741025751
 42
6.2831956015141763
  0
LINE
  5
3A3
100
AcDbEntity
  8
0
370
    13
390
0
 62
     7
 48
0.221184
100
AcDbLine
 10
-587.121083
 20
20.357461
 30
0.0
 11
-595.735827
 21
18.342001
 31
0.0
210
0.0
220
0.0
230
1.0
  0
ELLIPSE
  5
3A4
100
AcDbEntity
  8
0
370
    35
390
0
 62
     7
100
AcDbEllipse
 10
-587.349182
 20
2.158439
 30
0.0
 11
-4.5560684204101563
 21
19.474142074584961
 31
0.0
210
0.0
220
0.0
230
1.0
 40
0.466091
 41
5.7955170008974717
 42
6.2831956015141728
  0
ELLIPSE
  5
3A5
100
AcDbEntity
  8
0
370
    35
390
0
 62
     7
100
AcDbEllipse
 10
-485.306946
 20
-70.693497
 30
0.0
 11
-4.5560684204101563
 21
19.474142074584961
 31
0.0
210
0.0
220
0.0
230
1.0
 40
0.466091
 41
3.1416029479243792
 42
4.9372799685729785
  0
LINE
  5
3A6
100
AcDbEntity
  8
0
370
    35
390
0
 62
     7
 48
0.273405
100
AcDbLine
 10
-513.75168
 20
-32.023822
 30
0.0
 11
-504.851071
 21
-38.378314
 31
0.0
210
0.0
220
0.0
230
1.0
  0
LINE
  5
3A7
100
AcDbEntity
  8
0
370
    13
390
0
 62
     7
 48
0.221184
100
AcDbLine
 10
-513.75168
 20
-32.023822
 30
0.0
 11
-522.366425
 21
-34.039282
 31
0.0
210
0.0
220
0.0
230
1.0
  0
ELLIPSE
  5
3A8
100
AcDbEntity
  8
0
370
    35
390
0
 62
     7
100
AcDbEllipse
 10
-513.637634
 20
-22.924311
 30
0.0
 11
-2.2780342102050781
 21
9.7370710372924805
 31
0.0
210
0.0
220
0.0
230
1.0
 40
0.466091
 41
1.5892735035911332
 42
2.653924347307679
  0
LINE
  5
3A9
100
AcDbEntity
  8
0
370
    13
390
0
 62
     7
 48
0.221184
100
AcDbLine
 10
-518.133129
 20
-24.165804
 30
0.0
 11
-526.747874
 21
-26.181265
 31
0.0
210
0.0
220
0.0
230
1.0
  0
LINE
  5
3AA
100
AcDbEntity
  8
0
370
    35
390
0
 62
     7
100
AcDbLine
 10
-541.515256
 20
72.034151
 30
0.0
 11
-518.133129
 21
-24.165804
 31
0.0
210
0.0
220
0.0
230
1.0
  0
LINE
  5
3AB
100
AcDbEntity
  8
0
370
    35
390
0
 62
     7
 48
0.221184
100
AcDbLine
 10
-541.515256
 20
72.034151
 30
0.0
 11
-550.130001
 21
70.01869
 31
0.0
210
0.0
220
0.0
230
1.0
  0
LINE
  5
3AC
100
AcDbEntity
  8
0
370
    13
390
0
 62
     7
 48
0.109198
100
AcDbLine
 10
-535.526837
 20
-20.612081
 30
0.0
 11
-539.779918
 21
-21.607109
 31
0.0
210
0.0
220
0.0
230
1.0
  0
LINE
  5
3AD
100
AcDbEntity
  8
0
370
    35
390
0
 62
     7
100
AcDbLine
 10
-587.121083
 20
20.357461
 30
0.0
 11
-534.632864
 21
-17.115929
 31
0.0
210
0.0
220
0.0
230
1.0
  0
ELLIPSE
  5
3AE
100
AcDbEntity
  8
0
370
    35
390
0
 62
     7
100
AcDbEllipse
 10
-587.349182
 20
2.158439
 30
0.0
 11
-2.2780342102050781
 21
9.7370710372924805
 31
0.0
210
0.0
220
0.0
230
1.0
 40
0.466091
 41
1.2503737654909322
 42
1.8912188888729422
  0
LINE
  5
3AF
100
AcDbEntity
  8
0
370
    35
390
0
 62
     7
100
AcDbLine
 10
-512.806595
 20
-108.50211
 30
0.0
 11
-534.343456
 21
-113.540761
 31
0.0
210
0.0
220
0.0
230
1.0
  0
LINE
  5
3B0
100
AcDbEntity
  8
0
370
    35
390
0
 62
     7
100
AcDbLine
 10
-526.725254
 20
-49.008573
 30
0.0
 11
-548.262116
 21
-54.047225
 31
0.0
210
0.0
220
0.0
230
1.0
  0
LINE
  5
3B1
100
AcDbEntity
  8
0
370
    35
390
0
 62
     7
 48
0.221184
100
AcDbLine
 10
-591.905344
 20
21.63256
 30
0.0
 11
-600.520088
 21
19.617099
 31
0.0
210
0.0
220
0.0
230
1.0
  0
LINE
  5
3B2
100
AcDbEntity
  8
0
370
    35
390
0
 62
     7
 48
0.221184
100
AcDbLine
 10
-480.750784
 20
-90.167621
 30
0.0
 11
-489.365529
 21
-92.183081
 31
0.0
210
0.0
220
0.0
230
1.0
  0
LINE
  5
3B3
100
AcDbEntity
  8
0
370
    35
390
0
 62
     7
 48
0.114747
100
AcDbLine
 10
-385.803897
 20
-53.507345
 30
0.0
 11
-385.179931
 21
-58.054629
 31
0.0
210
0.0
220
0.0
230
1.0
  0
LINE
  5
3B4
100
AcDbEntity
  8
0
370
    35
390
0
 62
     7
 48
0.24883
100
AcDbLine
 10
-385.179931
 20
-58.054629
 30
0.0
 11
-394.976734
 21
-56.297205
 31
0.0
210
0.0
220
0.0
230
1.0
  0
LINE
  5
3B5
100
AcDbEntity
  8
0
370
    35
390
0
 62
     7
 48
0.114747
100
AcDbLine
 10
-395.6007
 20
-51.749922
 30
0.0
 11
-394.976734
 21
-56.297205
 31
0.0
210
0.0
220
0.0
230
1.0
  0
LINE
  5
3B6
100
AcDbEntity
  8
0
370
    35
390
0
 62
     7
 48
0.24883
100
AcDbLine
 10
-387.20121
 20
-43.324133
 30
0.0
 11
-396.998013
 21
-41.566709
 31
0.0
210
0.0
220
0.0
230
1.0
  0
ELLIPSE
  5
3B7
100
AcDbEntity
  8
0
370
    35
390
0
 62
     7
100
AcDbEllipse
 10
-386.518524
 20
-48.299335
 30
0.0
 11
-0.9005019068717957
 21
-5.0198702812194824
 31
0.0
210
0.0
220
0.0
230
1.0
 40
0.867373
 41
3.141711526292525
 42
3.4996859339501296
  0
ELLIPSE
  5
3B8
100
AcDbEntity
  8
0
370
    35
390
0
 62
     7
100
AcDbEllipse
 10
-386.518524
 20
-48.299335
 30
0.0
 11
-0.9005019068717957
 21
-5.0198702812194824
 31
0.0
210
0.0
220
0.0
230
1.0
 40
0.867373
 41
2.9432380866587411
 42
3.141711526292525
  0
LINE
  5
3B9
100
AcDbEntity
  8
0
370
    35
390
0
 62
     7
 48
0.275504
100
AcDbLine
 10
-374.449531
 20
-55.544201
 30
0.0
 11
-385.179931
 21
-58.054629
 31
0.0
210
0.0
220
0.0
230
1.0
  0
LINE
  5
3BA
100
AcDbEntity
  8
0
370
    35
390
0
 62
     7
 48
0.252932
100
AcDbLine
 10
-373.559626
 20
-45.544212
 30
0.0
 11
-374.935005
 21
-35.520848
 31
0.0
210
0.0
220
0.0
230
1.0
  0
LINE
  5
3BB
100
AcDbEntity
  8
0
370
    35
390
0
 62
     7
 48
0.331776
100
AcDbLine
 10
-387.857122
 20
-38.544039
 30
0.0
 11
-374.935005
 21
-35.520848
 31
0.0
210
0.0
220
0.0
230
1.0
  0
LINE
  5
3BC
100
AcDbEntity
  8
0
370
    35
390
0
 62
     7
 48
0.120622
100
AcDbLine
 10
-387.857122
 20
-38.544039
 30
0.0
 11
-387.20121
 21
-43.324133
 31
0.0
210
0.0
220
0.0
230
1.0
  0
LINE
  5
3BD
100
AcDbEntity
  8
0
370
    35
390
0
 62
     7
 48
0.331776
100
AcDbLine
 10
-397.653925
 20
-36.786615
 30
0.0
 11
-384.731808
 21
-33.763424
 31
0.0
210
0.0
220
0.0
230
1.0
  0
LINE
  5
3BE
100
AcDbEntity
  8
0
370
    35
390
0
 62
     7
 48
0.120622
100
AcDbLine
 10
-397.653925
 20
-36.786615
 30
0.0
 11
-396.998013
 21
-41.566709
 31
0.0
210
0.0
220
0.0
230
1.0
  0
LINE
  5
3BF
100
AcDbEntity
  8
0
370
    35
390
0
 62
     7
 48
0.24883
100
AcDbLine
 10
-387.857122
 20
-38.544039
 30
0.0
 11
-397.653925
 21
-36.786615
 31
0.0
210
0.0
220
0.0
230
1.0
  0
LINE
  5
3C0
100
AcDbEntity
  8
0
370
    35
390
0
 62
     7
 48
0.24883
100
AcDbLine
 10
-374.935005
 20
-35.520848
 30
0.0
 11
-384.731808
 21
-33.763424
 31
0.0
210
0.0
220
0.0
230
1.0
  0
LINE
  5
3C1
100
AcDbEntity
  8
0
370
    35
390
0
 62
     7
 48
0.114747
100
AcDbLine
 10
-467.919722
 20
-38.776794
 30
0.0
 11
-467.295755
 21
-43.324077
 31
0.0
210
0.0
220
0.0
230
1.0
  0
LINE
  5
3C2
100
AcDbEntity
  8
0
370
    35
390
0
 62
     7
 48
0.24883
100
AcDbLine
 10
-467.295755
 20
-43.324077
 30
0.0
 11
-457.498952
 21
-45.081501
 31
0.0
210
0.0
220
0.0
230
1.0
  0
LINE
  5
3C3
100
AcDbEntity
  8
0
370
    35
390
0
 62
     7
 48
0.114747
100
AcDbLine
 10
-458.122918
 20
-40.534218
 30
0.0
 11
-457.498952
 21
-45.081501
 31
0.0
210
0.0
220
0.0
230
1.0
  0
LINE
  5
3C4
100
AcDbEntity
  8
0
370
    35
390
0
 62
     7
 48
0.24883
100
AcDbLine
 10
-469.317035
 20
-28.593581
 30
0.0
 11
-459.520231
 21
-30.351005
 31
0.0
210
0.0
220
0.0
230
1.0
  0
ELLIPSE
  5
3C5
100
AcDbEntity
  8
0
370
    35
390
0
 62
     7
100
AcDbEllipse
 10
-458.837555
 20
-35.326206
 30
0.0
 11
-0.9005019068717957
 21
-5.0198702812194824
 31
0.0
210
0.0
220
0.0
230
1.0
 40
0.867373
 41
3.1417115262925268
 42
3.4996859339501296
  0
ELLIPSE
  5
3C6
100
AcDbEntity
  8
0
370
    35
390
0
 62
     7
100
AcDbEllipse
 10
-458.837555
 20
-35.326206
 30
0.0
 11
-0.9005019068717957
 21
-5.0198702812194824
 31
0.0
210
0.0
220
0.0
230
1.0
 40
0.867373
 41
2.9432380866587824
 42
3.1417115262925268
  0
LINE
  5
3C7
100
AcDbEntity
  8
0
370
    35
390
0
 62
     7
 48
0.331776
100
AcDbLine
 10
-469.972946
 20
-23.813487
 30
0.0
 11
-457.050829
 21
-20.790296
 31
0.0
210
0.0
220
0.0
230
1.0
  0
LINE
  5
3C8
100
AcDbEntity
  8
0
370
    35
390
0
 62
     7
 48
0.120622
100
AcDbLine
 10
-469.972946
 20
-23.813487
 30
0.0
 11
-469.317035
 21
-28.593581
 31
0.0
210
0.0
220
0.0
230
1.0
  0
LINE
  5
3C9
100
AcDbEntity
  8
0
370
    35
390
0
 62
     7
 48
0.275504
100
AcDbLine
 10
-446.768553
 20
-42.571073
 30
0.0
 11
-457.498952
 21
-45.081501
 31
0.0
210
0.0
220
0.0
230
1.0
  0
LINE
  5
3CA
100
AcDbEntity
  8
0
370
    35
390
0
 62
     7
 48
0.252932
100
AcDbLine
 10
-445.878647
 20
-32.571084
 30
0.0
 11
-447.254026
 21
-22.54772
 31
0.0
210
0.0
220
0.0
230
1.0
  0
LINE
  5
3CB
100
AcDbEntity
  8
0
370
    35
390
0
 62
     7
 48
0.331776
100
AcDbLine
 10
-460.176143
 20
-25.570911
 30
0.0
 11
-447.254026
 21
-22.54772
 31
0.0
210
0.0
220
0.0
230
1.0
  0
LINE
  5
3CC
100
AcDbEntity
  8
0
370
    35
390
0
 62
     7
 48
0.120622
100
AcDbLine
 10
-460.176143
 20
-25.570911
 30
0.0
 11
-459.520231
 21
-30.351005
 31
0.0
210
0.0
220
0.0
230
1.0
  0
LINE
  5
3CD
100
AcDbEntity
  8
0
370
    35
390
0
 62
     7
 48
0.24883
100
AcDbLine
 10
-469.972946
 20
-23.813487
 30
0.0
 11
-460.176143
 21
-25.570911
 31
0.0
210
0.0
220
0.0
230
1.0
  0
LINE
  5
3CE
100
AcDbEntity
  8
0
370
    35
390
0
 62
     7
 48
0.252932
100
AcDbLine
 10
-341.720015
 20
-51.25584
 30
0.0
 11
-343.095395
 21
-41.232476
 31
0.0
210
0.0
220
0.0
230
1.0
  0
LINE
  5
3CF
100
AcDbEntity
  8
0
370
    35
390
0
 62
     7
 48
0.247153
100
AcDbLine
 10
-343.095395
 20
-41.232476
 30
0.0
 11
-352.826168
 21
-39.486897
 31
0.0
210
0.0
220
0.0
230
1.0
  0
LINE
  5
3D0
100
AcDbEntity
  8
0
370
    35
390
0
 62
     7
100
AcDbLine
 10
-352.826168
 20
-39.486897
 30
0.0
 11
-355.96833
 21
330.281713
 31
0.0
210
0.0
220
0.0
230
1.0
  0
LINE
  5
3D1
100
AcDbEntity
  8
0
370
    35
390
0
 62
     7
100
AcDbLine
 10
-457.502893
 20
402.771204
 30
0.0
 11
-355.96833
 21
330.281713
 31
0.0
210
0.0
220
0.0
230
1.0
  0
LINE
  5
3D2
100
AcDbEntity
  8
0
370
    35
390
0
 62
     7
100
AcDbLine
 10
-457.502893
 20
402.771204
 30
0.0
 11
-473.259189
 21
-17.882719
 31
0.0
210
0.0
220
0.0
230
1.0
  0
LINE
  5
3D3
100
AcDbEntity
  8
0
370
    35
390
0
 62
     7
 48
0.397019
100
AcDbLine
 10
-473.259189
 20
-17.882719
 30
0.0
 11
-488.89044
 21
-15.078668
 31
0.0
210
0.0
220
0.0
230
1.0
  0
LINE
  5
3D4
100
AcDbEntity
  8
0
370
    35
390
0
 62
     7
 48
0.253035
100
AcDbLine
 10
-488.89044
 20
-15.078668
 30
0.0
 11
-487.5145
 21
-25.10612
 31
0.0
210
0.0
220
0.0
230
1.0
  0
LINE
  5
3D5
100
AcDbEntity
  8
0
370
    35
390
0
 62
     7
 48
0.24883
100
AcDbLine
 10
-457.050829
 20
-20.790296
 30
0.0
 11
-447.254026
 21
-22.54772
 31
0.0
210
0.0
220
0.0
230
1.0
  0
LINE
  5
3D6
100
AcDbEntity
  8
0
370
    35
390
0
 62
     7
100
AcDbLine
 10
-380.977757
 20
302.232243
 30
0.0
 11
-433.769891
 21
339.92261
 31
0.0
210
0.0
220
0.0
230
1.0
  0
LINE
  5
3D7
100
AcDbEntity
  8
0
370
    35
390
0
 62
     7
100
AcDbLine
 10
-378.355435
 20
-6.361762
 30
0.0
 11
-380.977757
 21
302.232243
 31
0.0
210
0.0
220
0.0
230
1.0
  0
LINE
  5
3D8
100
AcDbEntity
  8
0
370
    35
390
0
 62
     7
100
AcDbLine
 10
-446.284121
 20
5.823795
 30
0.0
 11
-378.355435
 21
-6.361762
 31
0.0
210
0.0
220
0.0
230
1.0
  0
LINE
  5
3D9
100
AcDbEntity
  8
0
370
    35
390
0
 62
     7
100
AcDbLine
 10
-433.769891
 20
339.92261
 30
0.0
 11
-446.284121
 21
5.823795
 31
0.0
210
0.0
220
0.0
230
1.0
  0
LINE
  5
3DA
100
AcDbEntity
  8
0
370
    35
390
0
 62
     7
100
AcDbLine
 10
-314.666737
 20
-34.581456
 30
0.0
 11
-343.095395
 21
-41.232476
 31
0.0
210
0.0
220
0.0
230
1.0
  0
LINE
  5
3DB
100
AcDbEntity
  8
0
370
    35
390
0
 62
     7
 48
0.15511
100
AcDbLine
 10
-311.989547
 20
-54.092046
 30
0.0
 11
-318.030831
 21
-55.505434
 31
0.0
210
0.0
220
0.0
230
1.0
  0
LINE
  5
3DC
100
AcDbEntity
  8
0
370
    35
390
0
 62
     7
 48
0.492335
100
AcDbLine
 10
-314.666737
 20
-34.581456
 30
0.0
 11
-311.989547
 21
-54.092046
 31
0.0
210
0.0
220
0.0
230
1.0
  0
LINE
  5
3DD
100
AcDbEntity
  8
0
370
    35
390
0
 62
     7
 48
0.461312
100
AcDbLine
 10
-332.829288
 20
-31.323322
 30
0.0
 11
-314.666737
 21
-34.581456
 31
0.0
210
0.0
220
0.0
230
1.0
  0
LINE
  5
3DE
100
AcDbEntity
  8
0
370
    35
390
0
 62
     7
 48
0.407601
100
AcDbLine
 10
-473.015063
 20
-11.364548
 30
0.0
 11
-488.89044
 21
-15.078668
 31
0.0
210
0.0
220
0.0
230
1.0
  0
LINE
  5
3DF
100
AcDbEntity
  8
0
370
    35
390
0
 62
     7
 48
0.176947
100
AcDbLine
 10
-345.934372
 20
-37.874528
 30
0.0
 11
-352.826168
 21
-39.486897
 31
0.0
210
0.0
220
0.0
230
1.0
  0
LINE
  5
3E0
100
AcDbEntity
  8
0
370
    35
390
0
 62
     7
100
AcDbLine
 10
-345.934372
 20
-37.874528
 30
0.0
 11
-349.076534
 21
331.894082
 31
0.0
210
0.0
220
0.0
230
1.0
  0
LINE
  5
3E1
100
AcDbEntity
  8
0
370
    35
390
0
 62
     7
 48
0.176947
100
AcDbLine
 10
-349.076534
 20
331.894082
 30
0.0
 11
-355.96833
 21
330.281713
 31
0.0
210
0.0
220
0.0
230
1.0
  0
LINE
  5
3E2
100
AcDbEntity
  8
0
370
    35
390
0
 62
     7
100
AcDbLine
 10
-450.611097
 20
404.383573
 30
0.0
 11
-349.076534
 21
331.894082
 31
0.0
210
0.0
220
0.0
230
1.0
  0
LINE
  5
3E3
100
AcDbEntity
  8
0
370
    35
390
0
 62
     7
 48
0.176947
100
AcDbLine
 10
-450.611097
 20
404.383573
 30
0.0
 11
-457.502893
 21
402.771204
 31
0.0
210
0.0
220
0.0
230
1.0
  0
LINE
  5
3E4
100
AcDbEntity
  8
0
370
    35
390
0
 62
     7
 48
0.176947
100
AcDbLine
 10
-439.392326
 20
7.436163
 30
0.0
 11
-446.284121
 21
5.823795
 31
0.0
210
0.0
220
0.0
230
1.0
  0
LINE
  5
3E5
100
AcDbEntity
  8
0
370
    35
390
0
 62
     7
100
AcDbLine
 10
-439.392326
 20
7.436163
 30
0.0
 11
-378.379561
 21
-3.508764
 31
0.0
210
0.0
220
0.0
230
1.0
  0
LINE
  5
3E6
100
AcDbEntity
  8
0
370
    35
390
0
 62
     7
100
AcDbLine
 10
-427.116416
 20
335.172413
 30
0.0
 11
-439.392326
 21
7.436163
 31
0.0
210
0.0
220
0.0
230
1.0
  0
ELLIPSE
  5
3E7
100
AcDbEntity
  8
0
370
    35
390
0
 62
     7
100
AcDbEllipse
 10
-262.901489
 20
-70.474686
 30
0.0
 11
0.8828450441360474
 21
4.9214415550231934
 31
0.0
210
0.0
220
0.0
230
1.0
 40
0.867373
 41
6.2830849950134642
 42
9.4246776486032466
  0
ELLIPSE
  5
3E8
100
AcDbEntity
  8
0
370
    35
390
0
 62
     7
100
AcDbEllipse
 10
-262.901489
 20
-70.474686
 30
0.0
 11
0.8828450441360474
 21
4.9214415550231934
 31
0.0
210
0.0
220
0.0
230
1.0
 40
0.867373
 41
5.1281345049445424
 42
6.2830849950134642
  0
ELLIPSE
  5
3E9
100
AcDbEntity
  8
0
370
    35
390
0
 62
     7
100
AcDbEllipse
 10
-488.227966
 20
-30.053934
 30
0.0
 11
0.8828450441360474
 21
4.9214415550231934
 31
0.0
210
0.0
220
0.0
230
1.0
 40
0.867373
 41
6.2830849950134535
 42
9.4246776486032573
  0
ELLIPSE
  5
3EA
100
AcDbEntity
  8
0
370
    35
390
0
 62
     7
100
AcDbEllipse
 10
-262.901489
 20
-70.474686
 30
0.0
 11
0.8828450441360474
 21
4.9214415550231934
 31
0.0
210
0.0
220
0.0
230
1.0
 40
0.867373
 41
3.14149234142366
 42
5.1281345049445424
  0
LINE
  5
3EB
100
AcDbEntity
  8
0
370
    35
390
0
 62
     7
100
AcDbLine
 10
-262.018211
 20
-65.553321
 30
0.0
 11
-386.493378
 21
-43.224032
 31
0.0
210
0.0
220
0.0
230
1.0
  0
LINE
  5
3EC
100
AcDbEntity
  8
0
370
    35
390
0
 62
     7
100
AcDbLine
 10
-397.029961
 20
-41.333901
 30
0.0
 11
-458.8124
 21
-30.250904
 31
0.0
210
0.0
220
0.0
230
1.0
  0
LINE
  5
3ED
100
AcDbEntity
  8
0
370
    35
390
0
 62
     7
 48
0.457074
100
AcDbLine
 10
-469.348983
 20
-28.360773
 30
0.0
 11
-487.344684
 21
-25.13257
 31
0.0
210
0.0
220
0.0
230
1.0
  0
LINE
  5
3EE
100
AcDbEntity
  8
0
370
    35
390
0
 62
     7
100
AcDbLine
 10
-263.784757
 20
-75.39605
 30
0.0
 11
-489.11123
 21
-34.975298
 31
0.0
210
0.0
220
0.0
230
1.0
  0
ELLIPSE
  5
3EF
100
AcDbEntity
  8
0
370
    35
390
0
 62
     7
100
AcDbEllipse
 10
-309.397919
 20
4.591613
 30
0.0
 11
-5.6950855255126953
 21
24.342678070068359
 31
0.0
210
0.0
220
0.0
230
1.0
 40
0.466091
 41
3.1415879930085091
 42
6.2831806465983009
  0
ELLIPSE
  5
3F0
100
AcDbEntity
  8
0
370
    35
390
0
 62
     7
100
AcDbEllipse
 10
-318.012665
 20
2.576152
 30
0.0
 11
-5.6950855255126953
 21
24.342678070068359
 31
0.0
210
0.0
220
0.0
230
1.0
 40
0.466091
 41
3.1415879930085091
 42
6.2831806465983009
  0
ELLIPSE
  5
3F1
100
AcDbEntity
  8
0
370
    35
390
0
 62
     7
100
AcDbEllipse
 10
-318.012665
 20
2.576152
 30
0.0
 11
-5.6950855255126953
 21
24.342678070068359
 31
0.0
210
0.0
220
0.0
230
1.0
 40
0.466091
 41
6.2831806465983018
 42
7.3663133276923682
  0
ELLIPSE
  5
3F2
100
AcDbEntity
  8
0
370
    35
390
0
 62
     7
100
AcDbEllipse
 10
-318.012665
 20
2.576152
 30
0.0
 11
-5.6950855255126953
 21
24.342678070068359
 31
0.0
210
0.0
220
0.0
230
1.0
 40
0.466091
 41
1.0831280205127825
 42
1.159279485218407
  0
ELLIPSE
  5
3F3
100
AcDbEntity
  8
0
370
    35
390
0
 62
     7
100
AcDbEllipse
 10
-318.012665
 20
2.576152
 30
0.0
 11
-5.6950855255126953
 21
24.342678070068359
 31
0.0
210
0.0
220
0.0
230
1.0
 40
0.466091
 41
1.9823131701155745
 42
3.1415879930085091
  0
ELLIPSE
  5
3F4
100
AcDbEntity
  8
0
370
    35
390
0
 62
     7
100
AcDbEllipse
 10
-318.012665
 20
2.576152
 30
0.0
 11
-2.2780342102050781
 21
9.7370710372924805
 31
0.0
210
0.0
220
0.0
230
1.0
 40
0.466091
 41
3.1416029479243792
 42
4.2247206741025751
  0
ELLIPSE
  5
3F5
100
AcDbEntity
  8
0
370
    35
390
0
 62
     7
100
AcDbEllipse
 10
-318.012665
 20
2.576152
 30
0.0
 11
-2.2780342102050781
 21
9.7370710372924805
 31
0.0
210
0.0
220
0.0
230
1.0
 40
0.466091
 41
4.2247206741025751
 42
6.2831956015141728
  0
LINE
  5
3F6
100
AcDbEntity
  8
0
370
    35
390
0
 62
     7
 48
0.221184
100
AcDbLine
 10
-315.092962
 20
28.934304
 30
0.0
 11
-323.707707
 21
26.918843
 31
0.0
210
0.0
220
0.0
230
1.0
  0
LINE
  5
3F7
100
AcDbEntity
  8
0
370
    35
390
0
 62
     7
 48
0.221184
100
AcDbLine
 10
-303.702897
 20
-19.751078
 30
0.0
 11
-312.317641
 21
-21.766539
 31
0.0
210
0.0
220
0.0
230
1.0
  0
POINT
  5
3F8
100
AcDbEntity
  8
0
370
     5
390
0
 62
     7
100
AcDbPoint
 10
-281.400024
 20
11.141859
 30
0.0
210
0.0
220
0.0
230
1.0
  0
ENDBLK
  5
3F9
100
AcDbEntity
  8
0
390
0
100
AcDbBlockEnd
  0
BLOCK
  5
3FA
100
AcDbEntity
  8
0
370
     0
390
0
100
AcDbBlockBegin
  2
BLOCK35
 70
     0
 10
0.0
 20
0.0
 30
0.0
  3
BLOCK35
  1

  0
TEXT
  5
3FB
100
AcDbEntity
  8
0
370
    13
390
0
 62
     7
100
AcDbText
 10
189.26532
 20
-939.185913
 30
0.0
 40
3.5
  1
Front view
 72
     5
 11
219.625549
 21
-939.185913
 31
0.0
100
AcDbText
  0
TEXT
  5
3FC
100
AcDbEntity
  8
0
370
    13
390
0
 62
     7
100
AcDbText
 10
189.26532
 20
-945.232727
 30
0.0
 40
3.5
  1
Scale:
 72
     5
 11
207.481461
 21
-945.232727
 31
0.0
100
AcDbText
  0
TEXT
  5
3FD
100
AcDbEntity
  8
0
370
    13
390
0
 62
     7
100
AcDbText
 10
207.481461
 20
-945.232727
 30
0.0
 40
3.5
  1
  1:1
 72
     5
 11
222.661575
 21
-945.232727
 31
0.0
100
AcDbText
  0
ENDBLK
  5
3FE
100
AcDbEntity
  8
0
390
0
100
AcDbBlockEnd
  0
BLOCK
  5
3FF
100
AcDbEntity
  8
0
370
     0
390
0
100
AcDbBlockBegin
  2
BLOCK36
 70
     0
 10
0.0
 20
0.0
 30
0.0
  3
BLOCK36
  1

  0
LINE
  5
400
100
AcDbEntity
  8
0
370
    35
390
0
 62
     7
100
AcDbLine
 10
182.765314
 20
-554.7
 30
0.0
 11
182.765314
 21
-445.3
 31
0.0
210
0.0
220
0.0
230
1.0
  0
LINE
  5
401
100
AcDbEntity
  8
0
370
    35
390
0
 62
     7
100
AcDbLine
 10
207.765314
 20
-554.7
 30
0.0
 11
207.765314
 21
-445.3
 31
0.0
210
0.0
220
0.0
230
1.0
  0
LINE
  5
402
100
AcDbEntity
  8
0
370
    35
390
0
 62
     7
100
AcDbLine
 10
182.765314
 20
-554.7
 30
0.0
 11
207.765314
 21
-554.7
 31
0.0
210
0.0
220
0.0
230
1.0
  0
LINE
  5
403
100
AcDbEntity
  8
0
370
    35
390
0
 62
     7
100
AcDbLine
 10
182.765314
 20
-445.3
 30
0.0
 11
207.765314
 21
-445.3
 31
0.0
210
0.0
220
0.0
230
1.0
  0
LINE
  5
404
100
AcDbEntity
  8
0
370
    35
390
0
 62
     7
 48
0.125
100
AcDbLine
 10
152.765314
 20
-490.0
 30
0.0
 11
157.765314
 21
-490.0
 31
0.0
210
0.0
220
0.0
230
1.0
  0
LINE
  5
405
100
AcDbEntity
  8
0
370
    35
390
0
 62
     7
 48
0.375
100
AcDbLine
 10
167.765314
 20
-490.0
 30
0.0
 11
182.765314
 21
-490.0
 31
0.0
210
0.0
220
0.0
230
1.0
  0
LINE
  5
406
100
AcDbEntity
  8
0
370
    35
390
0
 62
     7
 48
0.125
100
AcDbLine
 10
152.765314
 20
-510.0
 30
0.0
 11
157.765314
 21
-510.0
 31
0.0
210
0.0
220
0.0
230
1.0
  0
LINE
  5
407
100
AcDbEntity
  8
0
370
    35
390
0
 62
     7
 48
0.375
100
AcDbLine
 10
167.765314
 20
-510.0
 30
0.0
 11
182.765314
 21
-510.0
 31
0.0
210
0.0
220
0.0
230
1.0
  0
LINE
  5
408
100
AcDbEntity
  8
0
370
    35
390
0
 62
     7
 48
0.32899
100
AcDbLine
 10
152.765314
 20
258.909248
 30
0.0
 11
152.765314
 21
272.068846
 31
0.0
210
0.0
220
0.0
230
1.0
  0
LINE
  5
409
100
AcDbEntity
  8
0
370
    35
390
0
 62
     7
100
AcDbLine
 10
152.765314
 20
233.274993
 30
0.0
 11
152.765314
 21
258.909248
 31
0.0
210
0.0
220
0.0
230
1.0
  0
LINE
  5
40A
100
AcDbEntity
  8
0
370
    35
390
0
 62
     7
100
AcDbLine
 10
152.765314
 20
-9.214449
 30
0.0
 11
152.765314
 21
233.274993
 31
0.0
210
0.0
220
0.0
230
1.0
  0
LINE
  5
40B
100
AcDbEntity
  8
0
370
    35
390
0
 62
     7
 48
0.469846
100
AcDbLine
 10
152.765314
 20
-28.008302
 30
0.0
 11
152.765314
 21
-9.214449
 31
0.0
210
0.0
220
0.0
230
1.0
  0
LINE
  5
40C
100
AcDbEntity
  8
0
370
    35
390
0
 62
     7
100
AcDbLine
 10
152.765314
 20
-551.715558
 30
0.0
 11
152.765314
 21
-28.008302
 31
0.0
210
0.0
220
0.0
230
1.0
  0
LINE
  5
40D
100
AcDbEntity
  8
0
370
    35
390
0
 62
     7
100
AcDbLine
 10
152.765314
 20
-571.715558
 30
0.0
 11
152.765314
 21
-551.715558
 31
0.0
210
0.0
220
0.0
230
1.0
  0
LINE
  5
40E
100
AcDbEntity
  8
0
370
    35
390
0
 62
     7
 48
0.32899
100
AcDbLine
 10
142.765314
 20
258.909248
 30
0.0
 11
142.765314
 21
272.068846
 31
0.0
210
0.0
220
0.0
230
1.0
  0
LINE
  5
40F
100
AcDbEntity
  8
0
370
    35
390
0
 62
     7
100
AcDbLine
 10
142.765314
 20
233.274993
 30
0.0
 11
142.765314
 21
258.909248
 31
0.0
210
0.0
220
0.0
230
1.0
  0
LINE
  5
410
100
AcDbEntity
  8
0
370
    13
390
0
 62
     7
 48
0.25
100
AcDbLine
 10
142.765314
 20
233.274993
 30
0.0
 11
152.765314
 21
233.274993
 31
0.0
210
0.0
220
0.0
230
1.0
  0
LINE
  5
411
100
AcDbEntity
  8
0
370
    35
390
0
 62
     7
100
AcDbLine
 10
142.765314
 20
-9.214449
 30
0.0
 11
142.765314
 21
233.274993
 31
0.0
210
0.0
220
0.0
230
1.0
  0
LINE
  5
412
100
AcDbEntity
  8
0
370
    13
390
0
 62
     7
 48
0.25
100
AcDbLine
 10
142.765314
 20
-9.214449
 30
0.0
 11
152.765314
 21
-9.214449
 31
0.0
210
0.0
220
0.0
230
1.0
  0
LINE
  5
413
100
AcDbEntity
  8
0
370
    35
390
0
 62
     7
 48
0.469846
100
AcDbLine
 10
142.765314
 20
-28.008302
 30
0.0
 11
142.765314
 21
-9.214449
 31
0.0
210
0.0
220
0.0
230
1.0
  0
LINE
  5
414
100
AcDbEntity
  8
0
370
    13
390
0
 62
     7
 48
0.25
100
AcDbLine
 10
142.765314
 20
-28.008302
 30
0.0
 11
152.765314
 21
-28.008302
 31
0.0
210
0.0
220
0.0
230
1.0
  0
LINE
  5
415
100
AcDbEntity
  8
0
370
    13
390
0
 62
     7
 48
0.25
100
AcDbLine
 10
142.765314
 20
-551.715558
 30
0.0
 11
152.765314
 21
-551.715558
 31
0.0
210
0.0
220
0.0
230
1.0
  0
LINE
  5
416
100
AcDbEntity
  8
0
370
    35
390
0
 62
     7
100
AcDbLine
 10
142.765314
 20
-551.715558
 30
0.0
 11
142.765314
 21
-28.008302
 31
0.0
210
0.0
220
0.0
230
1.0
  0
LINE
  5
417
100
AcDbEntity
  8
0
370
    35
390
0
 62
     7
100
AcDbLine
 10
142.765314
 20
-571.715558
 30
0.0
 11
142.765314
 21
-551.715558
 31
0.0
210
0.0
220
0.0
230
1.0
  0
LINE
  5
418
100
AcDbEntity
  8
0
370
    35
390
0
 62
     7
 48
0.125
100
AcDbLine
 10
117.765314
 20
-3.420201
 30
0.0
 11
112.765314
 21
-3.420201
 31
0.0
210
0.0
220
0.0
230
1.0
  0
LINE
  5
419
100
AcDbEntity
  8
0
370
    35
390
0
 62
     7
100
AcDbLine
 10
142.765314
 20
-10.0
 30
0.0
 11
112.765314
 21
-10.0
 31
0.0
210
0.0
220
0.0
230
1.0
  0
LINE
  5
41A
100
AcDbEntity
  8
0
370
    35
390
0
 62
     7
 48
0.164495
100
AcDbLine
 10
112.765314
 20
-10.0
 30
0.0
 11
112.765314
 21
-3.420201
 31
0.0
210
0.0
220
0.0
230
1.0
  0
LINE
  5
41B
100
AcDbEntity
  8
0
370
    35
390
0
 62
     7
100
AcDbLine
 10
142.765314
 20
-291.1
 30
0.0
 11
112.765314
 21
-291.1
 31
0.0
210
0.0
220
0.0
230
1.0
  0
LINE
  5
41C
100
AcDbEntity
  8
0
370
    35
390
0
 62
     7
100
AcDbLine
 10
112.765314
 20
-291.1
 30
0.0
 11
112.765314
 21
-10.0
 31
0.0
210
0.0
220
0.0
230
1.0
  0
LINE
  5
41D
100
AcDbEntity
  8
0
370
    35
390
0
 62
     7
 48
0.25
100
AcDbLine
 10
142.765314
 20
272.068846
 30
0.0
 11
152.765314
 21
272.068846
 31
0.0
210
0.0
220
0.0
230
1.0
  0
LINE
  5
41E
100
AcDbEntity
  8
0
370
    35
390
0
 62
     7
 48
0.25
100
AcDbLine
 10
142.765314
 20
-571.715558
 30
0.0
 11
152.765314
 21
-571.715558
 31
0.0
210
0.0
220
0.0
230
1.0
  0
LINE
  5
41F
100
AcDbEntity
  8
0
370
    35
390
0
 62
     7
100
AcDbLine
 10
117.765314
 20
9.95
 30
0.0
 11
142.765375
 21
9.95
 31
0.0
210
0.0
220
0.0
230
1.0
  0
LINE
  5
420
100
AcDbEntity
  8
0
370
    35
390
0
 62
     7
100
AcDbLine
 10
152.765375
 20
9.95
 30
0.0
 11
237.765314
 21
9.95
 31
0.0
210
0.0
220
0.0
230
1.0
  0
LINE
  5
421
100
AcDbEntity
  8
0
370
    35
390
0
 62
     7
 48
0.4975
100
AcDbLine
 10
117.765314
 20
-9.95
 30
0.0
 11
117.765314
 21
9.95
 31
0.0
210
0.0
220
0.0
230
1.0
  0
LINE
  5
422
100
AcDbEntity
  8
0
370
    35
390
0
 62
     7
100
AcDbLine
 10
117.765314
 20
-9.95
 30
0.0
 11
142.765314
 21
-9.95
 31
0.0
210
0.0
220
0.0
230
1.0
  0
LINE
  5
423
100
AcDbEntity
  8
0
370
    35
390
0
 62
     7
100
AcDbLine
 10
152.765314
 20
-9.95
 30
0.0
 11
237.765314
 21
-9.95
 31
0.0
210
0.0
220
0.0
230
1.0
  0
LINE
  5
424
100
AcDbEntity
  8
0
370
    35
390
0
 62
     7
 48
0.4975
100
AcDbLine
 10
237.765314
 20
-9.95
 30
0.0
 11
237.765314
 21
9.95
 31
0.0
210
0.0
220
0.0
230
1.0
  0
LINE
  5
425
100
AcDbEntity
  8
0
370
    35
390
0
 62
     7
 48
0.125002
100
AcDbLine
 10
137.765314
 20
-311.859
 30
0.0
 11
142.765382
 21
-311.859
 31
0.0
210
0.0
220
0.0
230
1.0
  0
LINE
  5
426
100
AcDbEntity
  8
0
370
    35
390
0
 62
     7
100
AcDbLine
 10
152.765382
 20
-311.859
 30
0.0
 11
180.265314
 21
-311.859
 31
0.0
210
0.0
220
0.0
230
1.0
  0
LINE
  5
427
100
AcDbEntity
  8
0
370
    35
390
0
 62
     7
100
AcDbLine
 10
190.265314
 20
-311.859
 30
0.0
 11
217.765314
 21
-311.859
 31
0.0
210
0.0
220
0.0
230
1.0
  0
LINE
  5
428
100
AcDbEntity
  8
0
370
    35
390
0
 62
     7
 48
0.125002
100
AcDbLine
 10
137.765314
 20
-291.859
 30
0.0
 11
142.765382
 21
-291.859
 31
0.0
210
0.0
220
0.0
230
1.0
  0
LINE
  5
429
100
AcDbEntity
  8
0
370
    35
390
0
 62
     7
100
AcDbLine
 10
152.765382
 20
-291.859
 30
0.0
 11
180.265314
 21
-291.859
 31
0.0
210
0.0
220
0.0
230
1.0
  0
LINE
  5
42A
100
AcDbEntity
  8
0
370
    35
390
0
 62
     7
100
AcDbLine
 10
190.265314
 20
-291.859
 30
0.0
 11
217.765314
 21
-291.859
 31
0.0
210
0.0
220
0.0
230
1.0
  0
LINE
  5
42B
100
AcDbEntity
  8
0
370
    35
390
0
 62
     7
100
AcDbLine
 10
237.765314
 20
-291.859
 30
0.0
 11
237.765314
 21
-311.859
 31
0.0
210
0.0
220
0.0
230
1.0
  0
LINE
  5
42C
100
AcDbEntity
  8
0
370
    35
390
0
 62
     7
100
AcDbLine
 10
137.765314
 20
-321.859
 30
0.0
 11
137.765314
 21
-291.100001
 31
0.0
210
0.0
220
0.0
230
1.0
  0
LINE
  5
42D
100
AcDbEntity
  8
0
370
    35
390
0
 62
     7
100
AcDbLine
 10
117.765314
 20
-321.859
 30
0.0
 11
117.765314
 21
-291.100001
 31
0.0
210
0.0
220
0.0
230
1.0
  0
LINE
  5
42E
100
AcDbEntity
  8
0
370
    35
390
0
 62
     7
100
AcDbLine
 10
117.765314
 20
-321.859
 30
0.0
 11
137.765314
 21
-321.859
 31
0.0
210
0.0
220
0.0
230
1.0
  0
LINE
  5
42F
100
AcDbEntity
  8
0
370
    35
390
0
 62
     7
100
AcDbLine
 10
217.765314
 20
-271.859
 30
0.0
 11
237.765314
 21
-271.859
 31
0.0
210
0.0
220
0.0
230
1.0
  0
LINE
  5
430
100
AcDbEntity
  8
0
370
    35
390
0
 62
     7
100
AcDbLine
 10
217.765314
 20
-331.859
 30
0.0
 11
217.765314
 21
-271.859
 31
0.0
210
0.0
220
0.0
230
1.0
  0
LINE
  5
431
100
AcDbEntity
  8
0
370
    35
390
0
 62
     7
100
AcDbLine
 10
217.765314
 20
-331.859
 30
0.0
 11
237.765314
 21
-331.859
 31
0.0
210
0.0
220
0.0
230
1.0
  0
LINE
  5
432
100
AcDbEntity
  8
0
370
    35
390
0
 62
     7
100
AcDbLine
 10
237.765314
 20
-331.859
 30
0.0
 11
237.765314
 21
-271.859
 31
0.0
210
0.0
220
0.0
230
1.0
  0
LINE
  5
433
100
AcDbEntity
  8
0
370
    13
390
0
 62
     7
 48
0.25
100
AcDbLine
 10
157.765314
 20
-723.249707
 30
0.0
 11
167.765314
 21
-723.249707
 31
0.0
210
0.0
220
0.0
230
1.0
  0
LINE
  5
434
100
AcDbEntity
  8
0
370
    35
390
0
 62
     7
 48
0.07699
100
AcDbLine
 10
157.765314
 20
-726.329301
 30
0.0
 11
157.765314
 21
-723.249707
 31
0.0
210
0.0
220
0.0
230
1.0
  0
LINE
  5
435
100
AcDbEntity
  8
0
370
    35
390
0
 62
     7
 48
0.07699
100
AcDbLine
 10
167.765314
 20
-726.329301
 30
0.0
 11
167.765314
 21
-723.249707
 31
0.0
210
0.0
220
0.0
230
1.0
  0
LINE
  5
436
100
AcDbEntity
  8
0
370
    35
390
0
 62
     7
100
AcDbLine
 10
157.765314
 20
-516.920406
 30
0.0
 11
157.765314
 21
-480.0
 31
0.0
210
0.0
220
0.0
230
1.0
  0
LINE
  5
437
100
AcDbEntity
  8
0
370
    13
390
0
 62
     7
 48
0.25
100
AcDbLine
 10
157.765314
 20
-516.920406
 30
0.0
 11
167.765314
 21
-516.920406
 31
0.0
210
0.0
220
0.0
230
1.0
  0
LINE
  5
438
100
AcDbEntity
  8
0
370
    35
390
0
 62
     7
100
AcDbLine
 10
167.765314
 20
-516.920406
 30
0.0
 11
167.765314
 21
-480.0
 31
0.0
210
0.0
220
0.0
230
1.0
  0
LINE
  5
439
100
AcDbEntity
  8
0
370
    35
390
0
 62
     7
100
AcDbLine
 10
157.765314
 20
-723.249707
 30
0.0
 11
157.765314
 21
-516.920406
 31
0.0
210
0.0
220
0.0
230
1.0
  0
LINE
  5
43A
100
AcDbEntity
  8
0
370
    35
390
0
 62
     7
100
AcDbLine
 10
167.765314
 20
-723.249707
 30
0.0
 11
167.765314
 21
-516.920406
 31
0.0
210
0.0
220
0.0
230
1.0
  0
LINE
  5
43B
100
AcDbEntity
  8
0
370
    35
390
0
 62
     7
 48
0.25
100
AcDbLine
 10
157.765314
 20
-726.329301
 30
0.0
 11
167.765314
 21
-726.329301
 31
0.0
210
0.0
220
0.0
230
1.0
  0
LINE
  5
43C
100
AcDbEntity
  8
0
370
    35
390
0
 62
     7
 48
0.25
100
AcDbLine
 10
157.765314
 20
-480.0
 30
0.0
 11
167.765314
 21
-480.0
 31
0.0
210
0.0
220
0.0
230
1.0
  0
LINE
  5
43D
100
AcDbEntity
  8
0
370
    35
390
0
 62
     7
 48
0.187501
100
AcDbLine
 10
135.265314
 20
-417.151031
 30
0.0
 11
142.765371
 21
-417.151031
 31
0.0
210
0.0
220
0.0
230
1.0
  0
LINE
  5
43E
100
AcDbEntity
  8
0
370
    35
390
0
 62
     7
 48
0.062499
100
AcDbLine
 10
152.765371
 20
-417.151031
 30
0.0
 11
155.265314
 21
-417.151031
 31
0.0
210
0.0
220
0.0
230
1.0
  0
LINE
  5
43F
100
AcDbEntity
  8
0
370
    13
390
0
 62
     7
 48
0.275
100
AcDbLine
 10
155.265314
 20
-419.151843
 30
0.0
 11
166.265314
 21
-419.151843
 31
0.0
210
0.0
220
0.0
230
1.0
  0
LINE
  5
440
100
AcDbEntity
  8
0
370
    13
390
0
 62
     7
 48
0.0625
100
AcDbLine
 10
152.765314
 20
-419.151843
 30
0.0
 11
155.265314
 21
-419.151843
 31
0.0
210
0.0
220
0.0
230
1.0
  0
LINE
  5
441
100
AcDbEntity
  8
0
370
    35
390
0
 62
     7
100
AcDbLine
 10
175.265314
 20
-417.151031
 30
0.0
 11
155.265314
 21
-417.151031
 31
0.0
210
0.0
220
0.0
230
1.0
  0
LINE
  5
442
100
AcDbEntity
  8
0
370
    35
390
0
 62
     7
 48
0.375
100
AcDbLine
 10
155.265314
 20
-412.151031
 30
0.0
 11
170.265314
 21
-412.151031
 31
0.0
210
0.0
220
0.0
230
1.0
  0
LINE
  5
443
100
AcDbEntity
  8
0
370
    35
390
0
 62
     7
 48
0.062499
100
AcDbLine
 10
155.265314
 20
-412.151031
 30
0.0
 11
152.765371
 21
-412.151031
 31
0.0
210
0.0
220
0.0
230
1.0
  0
LINE
  5
444
100
AcDbEntity
  8
0
370
    35
390
0
 62
     7
 48
0.062501
100
AcDbLine
 10
142.765371
 20
-412.151031
 30
0.0
 11
140.265314
 21
-412.151031
 31
0.0
210
0.0
220
0.0
230
1.0
  0
LINE
  5
445
100
AcDbEntity
  8
0
370
    35
390
0
 62
     7
 48
0.125
100
AcDbLine
 10
140.265314
 20
-377.151844
 30
0.0
 11
135.265314
 21
-377.151844
 31
0.0
210
0.0
220
0.0
230
1.0
  0
LINE
  5
446
100
AcDbEntity
  8
0
370
    35
390
0
 62
     7
 48
0.125
100
AcDbLine
 10
170.265314
 20
-377.151844
 30
0.0
 11
175.265314
 21
-377.151844
 31
0.0
210
0.0
220
0.0
230
1.0
  0
LINE
  5
447
100
AcDbEntity
  8
0
370
    35
390
0
 62
     7
 48
0.37498
100
AcDbLine
 10
175.265314
 20
-377.151844
 30
0.0
 11
175.265314
 21
-392.151031
 31
0.0
210
0.0
220
0.0
230
1.0
  0
LINE
  5
448
100
AcDbEntity
  8
0
370
    35
390
0
 62
     7
100
AcDbLine
 10
175.265314
 20
-392.151031
 30
0.0
 11
175.265314
 21
-417.151031
 31
0.0
210
0.0
220
0.0
230
1.0
  0
LINE
  5
449
100
AcDbEntity
  8
0
370
    35
390
0
 62
     7
 48
0.37498
100
AcDbLine
 10
170.265314
 20
-392.151031
 30
0.0
 11
170.265314
 21
-377.151844
 31
0.0
210
0.0
220
0.0
230
1.0
  0
LINE
  5
44A
100
AcDbEntity
  8
0
370
    35
390
0
 62
     7
 48
0.5
100
AcDbLine
 10
170.265314
 20
-412.151031
 30
0.0
 11
170.265314
 21
-392.151031
 31
0.0
210
0.0
220
0.0
230
1.0
  0
LINE
  5
44B
100
AcDbEntity
  8
0
370
    13
390
0
 62
     7
 48
0.125
100
AcDbLine
 10
170.265314
 20
-392.151031
 30
0.0
 11
175.265314
 21
-392.151031
 31
0.0
210
0.0
220
0.0
230
1.0
  0
LINE
  5
44C
100
AcDbEntity
  8
0
370
    35
390
0
 62
     7
100
AcDbLine
 10
135.265314
 20
-392.151031
 30
0.0
 11
135.265314
 21
-417.151031
 31
0.0
210
0.0
220
0.0
230
1.0
  0
LINE
  5
44D
100
AcDbEntity
  8
0
370
    35
390
0
 62
     7
 48
0.37498
100
AcDbLine
 10
135.265314
 20
-377.151844
 30
0.0
 11
135.265314
 21
-392.151031
 31
0.0
210
0.0
220
0.0
230
1.0
  0
LINE
  5
44E
100
AcDbEntity
  8
0
370
    35
390
0
 62
     7
 48
0.5
100
AcDbLine
 10
140.265314
 20
-412.151031
 30
0.0
 11
140.265314
 21
-392.151031
 31
0.0
210
0.0
220
0.0
230
1.0
  0
LINE
  5
44F
100
AcDbEntity
  8
0
370
    35
390
0
 62
     7
 48
0.37498
100
AcDbLine
 10
140.265314
 20
-392.151031
 30
0.0
 11
140.265314
 21
-377.151844
 31
0.0
210
0.0
220
0.0
230
1.0
  0
LINE
  5
450
100
AcDbEntity
  8
0
370
    13
390
0
 62
     7
 48
0.125
100
AcDbLine
 10
140.265314
 20
-392.151031
 30
0.0
 11
135.265314
 21
-392.151031
 31
0.0
210
0.0
220
0.0
230
1.0
  0
ARC
  5
451
100
AcDbEntity
  8
0
370
    35
390
0
 62
     7
100
AcDbCircle
 10
168.265314
 20
-419.151844
 30
0.0
 40
2.0
210
0.0
220
0.0
230
1.0
100
AcDbArc
 50
90.000002
 51
179.999998
  0
ARC
  5
452
100
AcDbEntity
  8
0
370
    35
390
0
 62
     7
100
AcDbCircle
 10
142.265312
 20
-419.151859
 30
0.0
 40
2.000015
210
0.0
220
0.0
230
1.0
100
AcDbArc
 50
75.520479
 51
89.999939
  0
LINE
  5
453
100
AcDbEntity
  8
0
370
    35
390
0
 62
     7
100
AcDbLine
 10
166.265314
 20
-419.151843
 30
0.0
 11
166.265314
 21
-479.999948
 31
0.0
210
0.0
220
0.0
230
1.0
  0
LINE
  5
454
100
AcDbEntity
  8
0
370
    35
390
0
 62
     7
 48
0.0625
100
AcDbLine
 10
170.265314
 20
-512.151031
 30
0.0
 11
167.765314
 21
-512.151031
 31
0.0
210
0.0
220
0.0
230
1.0
  0
LINE
  5
455
100
AcDbEntity
  8
0
370
    35
390
0
 62
     7
 48
0.124999
100
AcDbLine
 10
157.765314
 20
-512.151031
 30
0.0
 11
152.765371
 21
-512.151031
 31
0.0
210
0.0
220
0.0
230
1.0
  0
LINE
  5
456
100
AcDbEntity
  8
0
370
    35
390
0
 62
     7
 48
0.062501
100
AcDbLine
 10
142.765371
 20
-512.151031
 30
0.0
 11
140.265314
 21
-512.151031
 31
0.0
210
0.0
220
0.0
230
1.0
  0
LINE
  5
457
100
AcDbEntity
  8
0
370
    35
390
0
 62
     7
 48
0.187501
100
AcDbLine
 10
135.265314
 20
-507.151031
 30
0.0
 11
142.765371
 21
-507.151031
 31
0.0
210
0.0
220
0.0
230
1.0
  0
LINE
  5
458
100
AcDbEntity
  8
0
370
    35
390
0
 62
     7
 48
0.125
100
AcDbLine
 10
175.265314
 20
-567.151843
 30
0.0
 11
170.265314
 21
-567.151843
 31
0.0
210
0.0
220
0.0
230
1.0
  0
LINE
  5
459
100
AcDbEntity
  8
0
370
    35
390
0
 62
     7
 48
0.125
100
AcDbLine
 10
140.265314
 20
-567.151843
 30
0.0
 11
135.265314
 21
-567.151843
 31
0.0
210
0.0
220
0.0
230
1.0
  0
LINE
  5
45A
100
AcDbEntity
  8
0
370
    35
390
0
 62
     7
100
AcDbLine
 10
175.265314
 20
-509.999958
 30
0.0
 11
175.265314
 21
-552.151031
 31
0.0
210
0.0
220
0.0
230
1.0
  0
LINE
  5
45B
100
AcDbEntity
  8
0
370
    35
390
0
 62
     7
 48
0.37502
100
AcDbLine
 10
175.265314
 20
-567.151843
 30
0.0
 11
175.265314
 21
-552.151031
 31
0.0
210
0.0
220
0.0
230
1.0
  0
LINE
  5
45C
100
AcDbEntity
  8
0
370
    35
390
0
 62
     7
100
AcDbLine
 10
170.265314
 20
-552.151031
 30
0.0
 11
170.265314
 21
-512.151031
 31
0.0
210
0.0
220
0.0
230
1.0
  0
LINE
  5
45D
100
AcDbEntity
  8
0
370
    35
390
0
 62
     7
 48
0.37502
100
AcDbLine
 10
170.265314
 20
-552.151031
 30
0.0
 11
170.265314
 21
-567.151843
 31
0.0
210
0.0
220
0.0
230
1.0
  0
LINE
  5
45E
100
AcDbEntity
  8
0
370
    13
390
0
 62
     7
 48
0.125
100
AcDbLine
 10
175.265314
 20
-552.151031
 30
0.0
 11
170.265314
 21
-552.151031
 31
0.0
210
0.0
220
0.0
230
1.0
  0
LINE
  5
45F
100
AcDbEntity
  8
0
370
    35
390
0
 62
     7
100
AcDbLine
 10
140.265314
 20
-512.151031
 30
0.0
 11
140.265314
 21
-552.151031
 31
0.0
210
0.0
220
0.0
230
1.0
  0
LINE
  5
460
100
AcDbEntity
  8
0
370
    35
390
0
 62
     7
 48
0.37502
100
AcDbLine
 10
140.265314
 20
-567.151843
 30
0.0
 11
140.265314
 21
-552.151031
 31
0.0
210
0.0
220
0.0
230
1.0
  0
LINE
  5
461
100
AcDbEntity
  8
0
370
    35
390
0
 62
     7
100
AcDbLine
 10
135.265314
 20
-552.151031
 30
0.0
 11
135.265314
 21
-507.151031
 31
0.0
210
0.0
220
0.0
230
1.0
  0
LINE
  5
462
100
AcDbEntity
  8
0
370
    35
390
0
 62
     7
 48
0.37502
100
AcDbLine
 10
135.265314
 20
-552.151031
 30
0.0
 11
135.265314
 21
-567.151843
 31
0.0
210
0.0
220
0.0
230
1.0
  0
LINE
  5
463
100
AcDbEntity
  8
0
370
    13
390
0
 62
     7
 48
0.125
100
AcDbLine
 10
140.265314
 20
-552.151031
 30
0.0
 11
135.265314
 21
-552.151031
 31
0.0
210
0.0
220
0.0
230
1.0
  0
LINE
  5
464
100
AcDbEntity
  8
0
370
    35
390
0
 62
     7
 48
0.4375
100
AcDbLine
 10
117.765314
 20
-391.151843
 30
0.0
 11
135.265314
 21
-391.151843
 31
0.0
210
0.0
220
0.0
230
1.0
  0
LINE
  5
465
100
AcDbEntity
  8
0
370
    35
390
0
 62
     7
 48
0.062502
100
AcDbLine
 10
140.265314
 20
-391.151843
 30
0.0
 11
142.765381
 21
-391.151843
 31
0.0
210
0.0
220
0.0
230
1.0
  0
LINE
  5
466
100
AcDbEntity
  8
0
370
    35
390
0
 62
     7
 48
0.437498
100
AcDbLine
 10
152.765381
 20
-391.151843
 30
0.0
 11
170.265314
 21
-391.151843
 31
0.0
210
0.0
220
0.0
230
1.0
  0
LINE
  5
467
100
AcDbEntity
  8
0
370
    35
390
0
 62
     7
 48
0.0625
100
AcDbLine
 10
175.265314
 20
-391.151843
 30
0.0
 11
177.765314
 21
-391.151843
 31
0.0
210
0.0
220
0.0
230
1.0
  0
LINE
  5
468
100
AcDbEntity
  8
0
370
    35
390
0
 62
     7
 48
0.3
100
AcDbLine
 10
117.765314
 20
-403.151843
 30
0.0
 11
117.765314
 21
-391.151843
 31
0.0
210
0.0
220
0.0
230
1.0
  0
LINE
  5
469
100
AcDbEntity
  8
0
370
    35
390
0
 62
     7
 48
0.4375
100
AcDbLine
 10
117.765314
 20
-403.151843
 30
0.0
 11
135.265324
 21
-403.151843
 31
0.0
210
0.0
220
0.0
230
1.0
  0
LINE
  5
46A
100
AcDbEntity
  8
0
370
    35
390
0
 62
     7
 48
0.062501
100
AcDbLine
 10
140.265324
 20
-403.151843
 30
0.0
 11
142.765381
 21
-403.151843
 31
0.0
210
0.0
220
0.0
230
1.0
  0
LINE
  5
46B
100
AcDbEntity
  8
0
370
    35
390
0
 62
     7
 48
0.437499
100
AcDbLine
 10
152.765381
 20
-403.151843
 30
0.0
 11
170.265324
 21
-403.151843
 31
0.0
210
0.0
220
0.0
230
1.0
  0
LINE
  5
46C
100
AcDbEntity
  8
0
370
    35
390
0
 62
     7
 48
0.0625
100
AcDbLine
 10
175.265324
 20
-403.151843
 30
0.0
 11
177.765314
 21
-403.151843
 31
0.0
210
0.0
220
0.0
230
1.0
  0
LINE
  5
46D
100
AcDbEntity
  8
0
370
    35
390
0
 62
     7
 48
0.3
100
AcDbLine
 10
177.765314
 20
-403.151843
 30
0.0
 11
177.765314
 21
-391.151843
 31
0.0
210
0.0
220
0.0
230
1.0
  0
LINE
  5
46E
100
AcDbEntity
  8
0
370
    35
390
0
 62
     7
 48
0.4375
100
AcDbLine
 10
117.765314
 20
-541.151843
 30
0.0
 11
135.265324
 21
-541.151843
 31
0.0
210
0.0
220
0.0
230
1.0
  0
LINE
  5
46F
100
AcDbEntity
  8
0
370
    35
390
0
 62
     7
 48
0.062501
100
AcDbLine
 10
140.265324
 20
-541.151843
 30
0.0
 11
142.765381
 21
-541.151843
 31
0.0
210
0.0
220
0.0
230
1.0
  0
LINE
  5
470
100
AcDbEntity
  8
0
370
    35
390
0
 62
     7
 48
0.124999
100
AcDbLine
 10
152.765381
 20
-541.151843
 30
0.0
 11
157.765347
 21
-541.151843
 31
0.0
210
0.0
220
0.0
230
1.0
  0
LINE
  5
471
100
AcDbEntity
  8
0
370
    35
390
0
 62
     7
 48
0.062499
100
AcDbLine
 10
167.765347
 20
-541.151843
 30
0.0
 11
170.265324
 21
-541.151843
 31
0.0
210
0.0
220
0.0
230
1.0
  0
LINE
  5
472
100
AcDbEntity
  8
0
370
    35
390
0
 62
     7
 48
0.0625
100
AcDbLine
 10
175.265324
 20
-541.151843
 30
0.0
 11
177.765314
 21
-541.151843
 31
0.0
210
0.0
220
0.0
230
1.0
  0
LINE
  5
473
100
AcDbEntity
  8
0
370
    35
390
0
 62
     7
 48
0.3
100
AcDbLine
 10
117.765314
 20
-553.151843
 30
0.0
 11
117.765314
 21
-541.151843
 31
0.0
210
0.0
220
0.0
230
1.0
  0
LINE
  5
474
100
AcDbEntity
  8
0
370
    35
390
0
 62
     7
 48
0.4375
100
AcDbLine
 10
117.765314
 20
-553.151843
 30
0.0
 11
135.265314
 21
-553.151843
 31
0.0
210
0.0
220
0.0
230
1.0
  0
LINE
  5
475
100
AcDbEntity
  8
0
370
    35
390
0
 62
     7
 48
0.0625
100
AcDbLine
 10
140.265314
 20
-553.151843
 30
0.0
 11
142.765314
 21
-553.151843
 31
0.0
210
0.0
220
0.0
230
1.0
  0
LINE
  5
476
100
AcDbEntity
  8
0
370
    35
390
0
 62
     7
 48
0.125
100
AcDbLine
 10
152.765314
 20
-553.151843
 30
0.0
 11
157.765334
 21
-553.151843
 31
0.0
210
0.0
220
0.0
230
1.0
  0
LINE
  5
477
100
AcDbEntity
  8
0
370
    35
390
0
 62
     7
 48
0.0625
100
AcDbLine
 10
167.765334
 20
-553.151843
 30
0.0
 11
170.265314
 21
-553.151843
 31
0.0
210
0.0
220
0.0
230
1.0
  0
LINE
  5
478
100
AcDbEntity
  8
0
370
    35
390
0
 62
     7
 48
0.0625
100
AcDbLine
 10
175.265314
 20
-553.151843
 30
0.0
 11
177.765314
 21
-553.151843
 31
0.0
210
0.0
220
0.0
230
1.0
  0
LINE
  5
479
100
AcDbEntity
  8
0
370
    35
390
0
 62
     7
 48
0.3
100
AcDbLine
 10
177.765314
 20
-553.151843
 30
0.0
 11
177.765314
 21
-541.151843
 31
0.0
210
0.0
220
0.0
230
1.0
  0
LINE
  5
47A
100
AcDbEntity
  8
0
370
    35
390
0
 62
     7
100
AcDbLine
 10
182.765314
 20
-736.879301
 30
0.0
 11
182.765314
 21
-675.779301
 31
0.0
210
0.0
220
0.0
230
1.0
  0
LINE
  5
47B
100
AcDbEntity
  8
0
370
    35
390
0
 62
     7
100
AcDbLine
 10
207.765314
 20
-736.879301
 30
0.0
 11
207.765314
 21
-675.779301
 31
0.0
210
0.0
220
0.0
230
1.0
  0
LINE
  5
47C
100
AcDbEntity
  8
0
370
    35
390
0
 62
     7
100
AcDbLine
 10
182.765314
 20
-736.879301
 30
0.0
 11
207.765314
 21
-736.879301
 31
0.0
210
0.0
220
0.0
230
1.0
  0
LINE
  5
47D
100
AcDbEntity
  8
0
370
    35
390
0
 62
     7
100
AcDbLine
 10
182.765314
 20
-675.779301
 30
0.0
 11
207.765314
 21
-675.779301
 31
0.0
210
0.0
220
0.0
230
1.0
  0
LINE
  5
47E
100
AcDbEntity
  8
0
370
    35
390
0
 62
     7
 48
0.125001
100
AcDbLine
 10
152.765314
 20
-696.329301
 30
0.0
 11
157.765352
 21
-696.329301
 31
0.0
210
0.0
220
0.0
230
1.0
  0
LINE
  5
47F
100
AcDbEntity
  8
0
370
    35
390
0
 62
     7
 48
0.374999
100
AcDbLine
 10
167.765352
 20
-696.329301
 30
0.0
 11
182.765314
 21
-696.329301
 31
0.0
210
0.0
220
0.0
230
1.0
  0
LINE
  5
480
100
AcDbEntity
  8
0
370
    35
390
0
 62
     7
 48
0.125
100
AcDbLine
 10
152.765314
 20
-716.329301
 30
0.0
 11
157.765329
 21
-716.329301
 31
0.0
210
0.0
220
0.0
230
1.0
  0
LINE
  5
481
100
AcDbEntity
  8
0
370
    35
390
0
 62
     7
 48
0.375
100
AcDbLine
 10
167.765329
 20
-716.329301
 30
0.0
 11
182.765314
 21
-716.329301
 31
0.0
210
0.0
220
0.0
230
1.0
  0
LINE
  5
482
100
AcDbEntity
  8
0
370
    35
390
0
 62
     7
100
AcDbLine
 10
152.765314
 20
-927.329301
 30
0.0
 11
152.765314
 21
-907.329301
 31
0.0
210
0.0
220
0.0
230
1.0
  0
LINE
  5
483
100
AcDbEntity
  8
0
370
    35
390
0
 62
     7
100
AcDbLine
 10
152.765314
 20
-706.329301
 30
0.0
 11
152.765314
 21
-686.329301
 31
0.0
210
0.0
220
0.0
230
1.0
  0
LINE
  5
484
100
AcDbEntity
  8
0
370
    35
390
0
 62
     7
100
AcDbLine
 10
152.765314
 20
-762.808261
 30
0.0
 11
152.765314
 21
-706.329301
 31
0.0
210
0.0
220
0.0
230
1.0
  0
LINE
  5
485
100
AcDbEntity
  8
0
370
    35
390
0
 62
     7
 48
0.218655
100
AcDbLine
 10
152.765314
 20
-771.554458
 30
0.0
 11
152.765314
 21
-762.808261
 31
0.0
210
0.0
220
0.0
230
1.0
  0
LINE
  5
486
100
AcDbEntity
  8
0
370
    35
390
0
 62
     7
100
AcDbLine
 10
152.765314
 20
-819.557405
 30
0.0
 11
152.765314
 21
-771.554458
 31
0.0
210
0.0
220
0.0
230
1.0
  0
LINE
  5
487
100
AcDbEntity
  8
0
370
    35
390
0
 62
     7
 48
0.218655
100
AcDbLine
 10
152.765314
 20
-828.303602
 30
0.0
 11
152.765314
 21
-819.557405
 31
0.0
210
0.0
220
0.0
230
1.0
  0
LINE
  5
488
100
AcDbEntity
  8
0
370
    35
390
0
 62
     7
100
AcDbLine
 10
152.765314
 20
-907.329301
 30
0.0
 11
152.765314
 21
-828.303541
 31
0.0
210
0.0
220
0.0
230
1.0
  0
LINE
  5
489
100
AcDbEntity
  8
0
370
    13
390
0
 62
     7
 48
0.25
100
AcDbLine
 10
142.765314
 20
-907.329301
 30
0.0
 11
152.765314
 21
-907.329301
 31
0.0
210
0.0
220
0.0
230
1.0
  0
LINE
  5
48A
100
AcDbEntity
  8
0
370
    35
390
0
 62
     7
100
AcDbLine
 10
142.765314
 20
-927.329301
 30
0.0
 11
142.765314
 21
-907.329301
 31
0.0
210
0.0
220
0.0
230
1.0
  0
LINE
  5
48B
100
AcDbEntity
  8
0
370
    35
390
0
 62
     7
100
AcDbLine
 10
142.765314
 20
-706.329301
 30
0.0
 11
142.765314
 21
-686.329301
 31
0.0
210
0.0
220
0.0
230
1.0
  0
LINE
  5
48C
100
AcDbEntity
  8
0
370
    13
390
0
 62
     7
 48
0.25
100
AcDbLine
 10
142.765314
 20
-706.329301
 30
0.0
 11
152.765314
 21
-706.329301
 31
0.0
210
0.0
220
0.0
230
1.0
  0
LINE
  5
48D
100
AcDbEntity
  8
0
370
    35
390
0
 62
     7
100
AcDbLine
 10
142.765314
 20
-762.808261
 30
0.0
 11
142.765314
 21
-706.329301
 31
0.0
210
0.0
220
0.0
230
1.0
  0
LINE
  5
48E
100
AcDbEntity
  8
0
370
    13
390
0
 62
     7
 48
0.25
100
AcDbLine
 10
142.765314
 20
-762.808261
 30
0.0
 11
152.765314
 21
-762.808261
 31
0.0
210
0.0
220
0.0
230
1.0
  0
LINE
  5
48F
100
AcDbEntity
  8
0
370
    35
390
0
 62
     7
 48
0.218655
100
AcDbLine
 10
142.765314
 20
-771.554458
 30
0.0
 11
142.765314
 21
-762.808261
 31
0.0
210
0.0
220
0.0
230
1.0
  0
LINE
  5
490
100
AcDbEntity
  8
0
370
    13
390
0
 62
     7
 48
0.25
100
AcDbLine
 10
142.765314
 20
-771.554458
 30
0.0
 11
152.765314
 21
-771.554458
 31
0.0
210
0.0
220
0.0
230
1.0
  0
LINE
  5
491
100
AcDbEntity
  8
0
370
    35
390
0
 62
     7
100
AcDbLine
 10
142.765314
 20
-819.557405
 30
0.0
 11
142.765314
 21
-771.554458
 31
0.0
210
0.0
220
0.0
230
1.0
  0
LINE
  5
492
100
AcDbEntity
  8
0
370
    35
390
0
 62
     7
 48
0.25
100
AcDbLine
 10
142.765314
 20
-819.557405
 30
0.0
 11
152.765314
 21
-819.557405
 31
0.0
210
0.0
220
0.0
230
1.0
  0
LINE
  5
493
100
AcDbEntity
  8
0
370
    35
390
0
 62
     7
 48
0.218655
100
AcDbLine
 10
142.765314
 20
-828.303602
 30
0.0
 11
142.765314
 21
-819.557405
 31
0.0
210
0.0
220
0.0
230
1.0
  0
LINE
  5
494
100
AcDbEntity
  8
0
370
    35
390
0
 62
     7
 48
0.25
100
AcDbLine
 10
142.765314
 20
-828.303602
 30
0.0
 11
152.765314
 21
-828.303602
 31
0.0
210
0.0
220
0.0
230
1.0
  0
LINE
  5
495
100
AcDbEntity
  8
0
370
    35
390
0
 62
     7
 48
0.25
100
AcDbLine
 10
142.765314
 20
-797.108883
 30
0.0
 11
142.765314
 21
-787.108883
 31
0.0
210
0.0
220
0.0
230
1.0
  0
LINE
  5
496
100
AcDbEntity
  8
0
370
    35
390
0
 62
     7
100
AcDbLine
 10
142.765314
 20
-907.329301
 30
0.0
 11
142.765314
 21
-828.303541
 31
0.0
210
0.0
220
0.0
230
1.0
  0
LINE
  5
497
100
AcDbEntity
  8
0
370
    35
390
0
 62
     7
 48
0.25
100
AcDbLine
 10
142.765314
 20
-927.329301
 30
0.0
 11
152.765314
 21
-927.329301
 31
0.0
210
0.0
220
0.0
230
1.0
  0
LINE
  5
498
100
AcDbEntity
  8
0
370
    35
390
0
 62
     7
 48
0.25
100
AcDbLine
 10
142.765314
 20
-686.329301
 30
0.0
 11
152.765314
 21
-686.329301
 31
0.0
210
0.0
220
0.0
230
1.0
  0
ELLIPSE
  5
499
100
AcDbEntity
  8
0
370
    35
390
0
 62
     7
100
AcDbEllipse
 10
260.76532
 20
-316.134918
 30
0.0
 11
5.0999999046325684
 21
0.0
 31
0.0
210
0.0
220
0.0
230
1.0
 40
0.285205
 41
3.1415926535897936
 42
4.7123889803846897
  0
ELLIPSE
  5
49A
100
AcDbEntity
  8
0
370
    35
390
0
 62
     7
100
AcDbEllipse
 10
260.76532
 20
-316.134918
 30
0.0
 11
5.0999999046325684
 21
0.0
 31
0.0
210
0.0
220
0.0
230
1.0
 40
0.285205
 41
2.9435975335269995
 42
3.1415926535897936
  0
LINE
  5
49B
100
AcDbEntity
  8
0
370
    35
390
0
 62
     7
 48
0.25
100
AcDbLine
 10
245.765314
 20
-313.282856
 30
0.0
 11
255.765321
 21
-313.282856
 31
0.0
210
0.0
220
0.0
230
1.0
  0
LINE
  5
49C
100
AcDbEntity
  8
0
370
    35
390
0
 62
     7
 48
0.375
100
AcDbLine
 10
260.765314
 20
-318.986955
 30
0.0
 11
245.765314
 21
-318.986955
 31
0.0
210
0.0
220
0.0
230
1.0
  0
LINE
  5
49D
100
AcDbEntity
  8
0
370
    35
390
0
 62
     7
 48
0.034938
100
AcDbLine
 10
260.765314
 20
-318.986955
 30
0.0
 11
260.765314
 21
-317.58945
 31
0.0
210
0.0
220
0.0
230
1.0
  0
LINE
  5
49E
100
AcDbEntity
  8
0
370
    35
390
0
 62
     7
 48
0.375
100
AcDbLine
 10
260.765314
 20
-338.156286
 30
0.0
 11
245.765314
 21
-338.156286
 31
0.0
210
0.0
220
0.0
230
1.0
  0
LINE
  5
49F
100
AcDbEntity
  8
0
370
    35
390
0
 62
     7
 48
0.479233
100
AcDbLine
 10
260.765314
 20
-318.986955
 30
0.0
 11
260.765314
 21
-338.156286
 31
0.0
210
0.0
220
0.0
230
1.0
  0
ELLIPSE
  5
4A0
100
AcDbEntity
  8
0
370
    35
390
0
 62
     7
100
AcDbEllipse
 10
260.76532
 20
-457.640991
 30
0.0
 11
5.0999999046325684
 21
0.0
 31
0.0
210
0.0
220
0.0
230
1.0
 40
0.285205
 41
3.1415926535897936
 42
4.7123889803846897
  0
ELLIPSE
  5
4A1
100
AcDbEntity
  8
0
370
    35
390
0
 62
     7
100
AcDbEllipse
 10
260.76532
 20
-457.640991
 30
0.0
 11
5.0999999046325684
 21
0.0
 31
0.0
210
0.0
220
0.0
230
1.0
 40
0.285205
 41
2.9435975335288407
 42
3.1415926535897936
  0
LINE
  5
4A2
100
AcDbEntity
  8
0
370
    35
390
0
 62
     7
 48
0.375
100
AcDbLine
 10
260.765314
 20
-479.662371
 30
0.0
 11
245.765314
 21
-479.662371
 31
0.0
210
0.0
220
0.0
230
1.0
  0
LINE
  5
4A3
100
AcDbEntity
  8
0
370
    35
390
0
 62
     7
 48
0.25
100
AcDbLine
 10
245.765314
 20
-454.788941
 30
0.0
 11
255.765321
 21
-454.788941
 31
0.0
210
0.0
220
0.0
230
1.0
  0
LINE
  5
4A4
100
AcDbEntity
  8
0
370
    35
390
0
 62
     7
 48
0.375
100
AcDbLine
 10
260.765314
 20
-460.49304
 30
0.0
 11
245.765314
 21
-460.49304
 31
0.0
210
0.0
220
0.0
230
1.0
  0
LINE
  5
4A5
100
AcDbEntity
  8
0
370
    35
390
0
 62
     7
 48
0.034938
100
AcDbLine
 10
260.765314
 20
-460.49304
 30
0.0
 11
260.765314
 21
-459.095535
 31
0.0
210
0.0
220
0.0
230
1.0
  0
LINE
  5
4A6
100
AcDbEntity
  8
0
370
    35
390
0
 62
     7
 48
0.479233
100
AcDbLine
 10
260.765314
 20
-479.662371
 30
0.0
 11
260.765314
 21
-460.49304
 31
0.0
210
0.0
220
0.0
230
1.0
  0
LINE
  5
4A7
100
AcDbEntity
  8
0
370
    35
390
0
 62
     7
 48
0.142602
100
AcDbLine
 10
245.765314
 20
-250.98253
 30
0.0
 11
245.765314
 21
-256.686629
 31
0.0
210
0.0
220
0.0
230
1.0
  0
LINE
  5
4A8
100
AcDbEntity
  8
0
370
    35
390
0
 62
     7
 48
0.476003
100
AcDbLine
 10
245.765314
 20
-256.686629
 30
0.0
 11
245.765314
 21
-275.726759
 31
0.0
210
0.0
220
0.0
230
1.0
  0
LINE
  5
4A9
100
AcDbEntity
  8
0
370
    35
390
0
 62
     7
 48
0.379561
100
AcDbLine
 10
245.765314
 20
-275.726759
 30
0.0
 11
245.765314
 21
-290.909208
 31
0.0
210
0.0
220
0.0
230
1.0
  0
LINE
  5
4AA
100
AcDbEntity
  8
0
370
    35
390
0
 62
     7
100
AcDbLine
 10
245.765314
 20
-490.909208
 30
0.0
 11
245.765314
 21
-290.909208
 31
0.0
210
0.0
220
0.0
230
1.0
  0
LINE
  5
4AB
100
AcDbEntity
  8
0
370
    35
390
0
 62
     7
100
AcDbLine
 10
245.765314
 20
-490.909208
 30
0.0
 11
245.765314
 21
-511.377147
 31
0.0
210
0.0
220
0.0
230
1.0
  0
LINE
  5
4AC
100
AcDbEntity
  8
0
370
    35
390
0
 62
     7
100
AcDbLine
 10
245.765314
 20
-511.377147
 30
0.0
 11
245.765314
 21
-541.962697
 31
0.0
210
0.0
220
0.0
230
1.0
  0
LINE
  5
4AD
100
AcDbEntity
  8
0
370
    35
390
0
 62
     7
100
AcDbLine
 10
212.765314
 20
-256.686629
 30
0.0
 11
245.765314
 21
-256.686629
 31
0.0
210
0.0
220
0.0
230
1.0
  0
LINE
  5
4AE
100
AcDbEntity
  8
0
370
    35
390
0
 62
     7
100
AcDbLine
 10
212.765314
 20
-250.98253
 30
0.0
 11
245.765314
 21
-250.98253
 31
0.0
210
0.0
220
0.0
230
1.0
  0
LINE
  5
4AF
100
AcDbEntity
  8
0
370
    35
390
0
 62
     7
 48
0.142602
100
AcDbLine
 10
212.765314
 20
-256.686629
 30
0.0
 11
212.765314
 21
-250.98253
 31
0.0
210
0.0
220
0.0
230
1.0
  0
LINE
  5
4B0
100
AcDbEntity
  8
0
370
    35
390
0
 62
     7
100
AcDbLine
 10
212.765314
 20
-541.962697
 30
0.0
 11
212.765314
 21
-311.858976
 31
0.0
210
0.0
220
0.0
230
1.0
  0
LINE
  5
4B1
100
AcDbEntity
  8
0
370
    35
390
0
 62
     7
100
AcDbLine
 10
212.765314
 20
-291.858981
 30
0.0
 11
212.765314
 21
-256.686629
 31
0.0
210
0.0
220
0.0
230
1.0
  0
LINE
  5
4B2
100
AcDbEntity
  8
0
370
    35
390
0
 62
     7
100
AcDbLine
 10
212.765314
 20
-541.962697
 30
0.0
 11
245.765314
 21
-541.962697
 31
0.0
210
0.0
220
0.0
230
1.0
  0
LINE
  5
4B3
100
AcDbEntity
  8
0
370
    35
390
0
 62
     7
 48
0.2
100
AcDbLine
 10
237.765314
 20
-511.377147
 30
0.0
 11
245.765314
 21
-511.377147
 31
0.0
210
0.0
220
0.0
230
1.0
  0
LINE
  5
4B4
100
AcDbEntity
  8
0
370
    35
390
0
 62
     7
 48
0.2
100
AcDbLine
 10
237.765314
 20
-275.726759
 30
0.0
 11
245.765314
 21
-275.726759
 31
0.0
210
0.0
220
0.0
230
1.0
  0
LINE
  5
4B5
100
AcDbEntity
  8
0
370
    35
390
0
 62
     7
 48
0.341236
100
AcDbLine
 10
237.765314
 20
-277.259756
 30
0.0
 11
237.765314
 21
-290.909208
 31
0.0
210
0.0
220
0.0
230
1.0
  0
LINE
  5
4B6
100
AcDbEntity
  8
0
370
    35
390
0
 62
     7
 48
0.2
100
AcDbLine
 10
237.765314
 20
-290.909208
 30
0.0
 11
245.765314
 21
-290.909208
 31
0.0
210
0.0
220
0.0
230
1.0
  0
LINE
  5
4B7
100
AcDbEntity
  8
0
370
    35
390
0
 62
     7
100
AcDbLine
 10
237.765314
 20
-490.909208
 30
0.0
 11
237.765314
 21
-290.909208
 31
0.0
210
0.0
220
0.0
230
1.0
  0
LINE
  5
4B8
100
AcDbEntity
  8
0
370
    35
390
0
 62
     7
 48
0.2
100
AcDbLine
 10
237.765314
 20
-490.909208
 30
0.0
 11
245.765314
 21
-490.909208
 31
0.0
210
0.0
220
0.0
230
1.0
  0
LINE
  5
4B9
100
AcDbEntity
  8
0
370
    35
390
0
 62
     7
100
AcDbLine
 10
237.765314
 20
-490.909208
 30
0.0
 11
237.765314
 21
-511.377147
 31
0.0
210
0.0
220
0.0
230
1.0
  0
ELLIPSE
  5
4BA
100
AcDbEntity
  8
0
370
    35
390
0
 62
     7
100
AcDbEllipse
 10
260.76532
 20
-74.254372
 30
0.0
 11
-5.0
 21
0.0000000000000006
 31
0.0
210
0.0
220
0.0
230
1.0
 40
0.285205
 41
3.1415927134113586
 42
6.2831853670011526
  0
ELLIPSE
  5
4BB
100
AcDbEntity
  8
0
370
    35
390
0
 62
     7
100
AcDbEllipse
 10
260.76532
 20
-74.254372
 30
0.0
 11
-5.0
 21
0.0000000000000006
 31
0.0
210
0.0
220
0.0
230
1.0
 40
0.285205
 41
0.0576522441995171
 42
3.1415927134113586
  0
ELLIPSE
  5
4BC
100
AcDbEntity
  8
0
370
    35
390
0
 62
     7
100
AcDbEllipse
 10
260.76532
 20
-515.148987
 30
0.0
 11
-5.0
 21
0.0000000000000006
 31
0.0
210
0.0
220
0.0
230
1.0
 40
0.285205
 41
0.0576522441995184
 42
3.1415927134113582
  0
ELLIPSE
  5
4BD
100
AcDbEntity
  8
0
370
    35
390
0
 62
     7
100
AcDbEllipse
 10
260.76532
 20
-74.254372
 30
0.0
 11
-5.0
 21
0.0000000000000006
 31
0.0
210
0.0
220
0.0
230
1.0
 40
0.285205
 41
0.0000000598215654
 42
0.0576522441995171
  0
ELLIPSE
  5
4BE
100
AcDbEntity
  8
0
370
    35
390
0
 62
     7
100
AcDbEllipse
 10
260.76532
 20
-515.148987
 30
0.0
 11
-5.0
 21
0.0000000000000006
 31
0.0
210
0.0
220
0.0
230
1.0
 40
0.285205
 41
0.0000000598215649
 42
0.0576522441995184
  0
LINE
  5
4BF
100
AcDbEntity
  8
0
370
    35
390
0
 62
     7
100
AcDbLine
 10
265.765314
 20
-74.254369
 30
0.0
 11
265.765314
 21
-515.148983
 31
0.0
210
0.0
220
0.0
230
1.0
  0
LINE
  5
4C0
100
AcDbEntity
  8
0
370
    35
390
0
 62
     7
100
AcDbLine
 10
255.765314
 20
-74.254369
 30
0.0
 11
255.765314
 21
-316.421361
 31
0.0
210
0.0
220
0.0
230
1.0
  0
LINE
  5
4C1
100
AcDbEntity
  8
0
370
    35
390
0
 62
     7
100
AcDbLine
 10
255.765314
 20
-338.156278
 30
0.0
 11
255.765314
 21
-457.927446
 31
0.0
210
0.0
220
0.0
230
1.0
  0
LINE
  5
4C2
100
AcDbEntity
  8
0
370
    35
390
0
 62
     7
100
AcDbLine
 10
255.765314
 20
-479.662363
 30
0.0
 11
255.765314
 21
-515.148984
 31
0.0
210
0.0
220
0.0
230
1.0
  0
LINE
  5
4C3
100
AcDbEntity
  8
0
370
    35
390
0
 62
     7
 48
0.25
100
AcDbLine
 10
180.265314
 20
-276.859
 30
0.0
 11
190.265314
 21
-276.859
 31
0.0
210
0.0
220
0.0
230
1.0
  0
LINE
  5
4C4
100
AcDbEntity
  8
0
370
    35
390
0
 62
     7
100
AcDbLine
 10
180.265314
 20
-326.859
 30
0.0
 11
180.265314
 21
-276.859
 31
0.0
210
0.0
220
0.0
230
1.0
  0
LINE
  5
4C5
100
AcDbEntity
  8
0
370
    35
390
0
 62
     7
 48
0.25
100
AcDbLine
 10
180.265314
 20
-326.859
 30
0.0
 11
190.265314
 21
-326.859
 31
0.0
210
0.0
220
0.0
230
1.0
  0
LINE
  5
4C6
100
AcDbEntity
  8
0
370
    35
390
0
 62
     7
100
AcDbLine
 10
190.265314
 20
-326.859
 30
0.0
 11
190.265314
 21
-276.859
 31
0.0
210
0.0
220
0.0
230
1.0
  0
POINT
  5
4C7
100
AcDbEntity
  8
0
370
     5
390
0
 62
     7
100
AcDbPoint
 10
147.76532
 20
-301.859009
 30
0.0
210
0.0
220
0.0
230
1.0
  0
ENDBLK
  5
4C8
100
AcDbEntity
  8
0
390
0
100
AcDbBlockEnd
  0
ENDSEC
  0
SECTION
  2
ENTITIES
  0
VIEWPORT
  5
25
100
AcDbEntity
 67
     1
  8
0
370
     0
390
0
 62
     0
 48
0.0
100
AcDbViewport
 10
0.0
 20
0.0
 30
0.0
 40
1000.0
 41
1000.0
 68
     1
 69
     1
 12
0.0
 22
0.0
 13
0.0
 23
0.0
 14
1.0
 24
1.0
 15
1.0
 25
1.0
 16
0.0
 26
0.0
 36
1.0
 17
0.0
 27
0.0
 37
0.0
 42
50.0
 43
0.0
 44
0.0
 45
1000.0
 50
0.0
 51
0.0
 72
   100
 90
        0
340
0
  1

281
     0
 71
     0
 74
     1
110
0.0
120
0.0
130
0.0
111
1.0
121
0.0
131
0.0
112
0.0
122
1.0
132
0.0
345
0
346
0
 79
     0
146
0.0
  0
INSERT
  5
4C9
100
AcDbEntity
  8
0
370
     0
390
0
100
AcDbBlockReference
  2
BLOCK25
 10
-375.406416
 20
730.425379
 30
0.0
210
0.0
220
0.0
230
1.0
  0
INSERT
  5
4CA
100
AcDbEntity
  8
0
370
     0
390
0
100
AcDbBlockReference
  2
BLOCK26
 10
-375.406416
 20
730.425379
 30
0.0
210
0.0
220
0.0
230
1.0
  0
INSERT
  5
4CB
100
AcDbEntity
  8
0
370
     0
390
0
100
AcDbBlockReference
  2
BLOCK27
 10
503.573075
 20
748.876955
 30
0.0
210
0.0
220
0.0
230
1.0
  0
INSERT
  5
4CC
100
AcDbEntity
  8
0
370
     0
390
0
100
AcDbBlockReference
  2
BLOCK28
 10
503.573075
 20
748.876955
 30
0.0
210
0.0
220
0.0
230
1.0
  0
INSERT
  5
4CD
100
AcDbEntity
  8
0
370
     0
390
0
100
AcDbBlockReference
  2
BLOCK29
 10
1713.542589
 20
553.222578
 30
0.0
210
0.0
220
0.0
230
1.0
  0
INSERT
  5
4CE
100
AcDbEntity
  8
0
370
     0
390
0
100
AcDbBlockReference
  2
BLOCK30
 10
1713.542589
 20
553.222578
 30
0.0
210
0.0
220
0.0
230
1.0
  0
INSERT
  5
4CF
100
AcDbEntity
  8
0
370
     0
390
0
100
AcDbBlockReference
  2
BLOCK31
 10
3201.995132
 20
671.407321
 30
0.0
210
0.0
220
0.0
230
1.0
  0
INSERT
  5
4D0
100
AcDbEntity
  8
0
370
     0
390
0
100
AcDbBlockReference
  2
BLOCK32
 10
3201.995132
 20
671.407321
 30
0.0
210
0.0
220
0.0
230
1.0
  0
INSERT
  5
4D1
100
AcDbEntity
  8
0
370
     0
390
0
100
AcDbBlockReference
  2
BLOCK33
 10
4448.184477
 20
379.553666
 30
0.0
210
0.0
220
0.0
230
1.0
  0
INSERT
  5
4D2
100
AcDbEntity
  8
0
370
     0
390
0
100
AcDbBlockReference
  2
BLOCK34
 10
4448.184477
 20
379.553666
 30
0.0
210
0.0
220
0.0
230
1.0
  0
INSERT
  5
4D3
100
AcDbEntity
  8
0
370
     0
390
0
100
AcDbBlockReference
  2
BLOCK35
 10
4818.489953
 20
949.089604
 30
0.0
210
0.0
220
0.0
230
1.0
  0
INSERT
  5
4D4
100
AcDbEntity
  8
0
370
     0
390
0
100
AcDbBlockReference
  2
BLOCK36
 10
4818.489953
 20
949.089604
 30
0.0
210
0.0
220
0.0
230
1.0
  0
ENDSEC
  0
SECTION
  2
OBJECTS
  0
DICTIONARY
  5
19
100
AcDbDictionary
280
     0
281
     1
  3
ACAD_GROUP
350
1A
  3
ACAD_MLINESTYLE
350
1B
  3
ACAD_LAYOUT
350
1E
  3
ACAD_PLOTSETTINGS
350
22
  3
ACAD_PLOTSTYLENAME
350
1F
  3
ACAD_WIPEOUT_VARS
350
23
  0
DICTIONARY
  5
1A
102
{ACAD_REACTORS
330
19
102
}
100
AcDbDictionary
280
     0
281
     1
  0
DICTIONARY
  5
1B
102
{ACAD_REACTORS
330
19
102
}
100
AcDbDictionary
280
     0
281
     1
  3
Standard
350
1C
  0
MLINESTYLE
  5
1C
102
{ACAD_REACTORS
330
1B
102
}
100
AcDbMlineStyle
  2
Standard
 70
     0
  3

 62
     0
 51
90.0
 52
90.0
 71
     2
 49
0.5
 62
   256
  6
ByLayer
 49
-0.5
 62
   256
  6
ByLayer
  0
ACDBDICTIONARYWDFLT
  5
1F
102
{ACAD_REACTORS
330
19
102
}
100
AcDbDictionary
281
     1
  3
Normal
350
1D
100
AcDbDictionaryWithDefault
340
1D
  0
ACDBPLACEHOLDER
  5
1D
102
{ACAD_REACTORS
330
1F
102
}
  0
LAYOUT
  5
20
102
{ACAD_REACTORS
330
1E
102
}
100
AcDbPlotSettings
  1

  2

  4

  6

 40
0.0
 41
0.0
 42
0.0
 43
0.0
 44
0.0
 45
0.0
 46
0.0
 47
0.0
 48
0.0
 49
0.0
140
0.0
141
0.0
142
1.0
143
1.0
 70
  1024
 72
     0
 73
     0
 74
     0
  7

 75
     0
147
1.0
148
0.0
149
0.0
100
AcDbLayout
  1
Model
 70
     0
 71
     0
 10
0.0
 20
0.0
 11
0.0
 21
0.0
 12
0.0
 22
0.0
 32
0.0
 14
0.0
 24
0.0
 34
0.0
 15
0.0
 25
0.0
 35
0.0
146
0.0
 13
0.0
 23
0.0
 33
0.0
 16
0.0
 26
0.0
 36
0.0
 17
0.0
 27
0.0
 37
0.0
 76
     0
330
A
331
0
345
0
346
0
  0
LAYOUT
  5
21
102
{ACAD_REACTORS
330
1E
102
}
100
AcDbPlotSettings
  1

  2

  4

  6

 40
0.0
 41
0.0
 42
0.0
 43
0.0
 44
0.0
 45
0.0
 46
0.0
 47
0.0
 48
0.0
 49
0.0
140
0.0
141
0.0
142
1.0
143
1.0
 70
     0
 72
     0
 73
     0
 74
     0
  7

 75
     0
147
1.0
148
0.0
149
0.0
100
AcDbLayout
  1
Layout1
 70
     0
 71
     0
 10
0.0
 20
0.0
 11
0.0
 21
0.0
 12
0.0
 22
0.0
 32
0.0
 14
0.0
 24
0.0
 34
0.0
 15
0.0
 25
0.0
 35
0.0
146
0.0
 13
0.0
 23
0.0
 33
0.0
 16
0.0
 26
0.0
 36
0.0
 17
0.0
 27
0.0
 37
0.0
 76
     0
330
B
331
0
345
0
346
0
  0
DICTIONARY
  5
1E
102
{ACAD_REACTORS
330
19
102
}
100
AcDbDictionary
280
     0
281
     1
  3
Layout1
350
21
  3
Model
350
20
  0
DICTIONARY
  5
22
102
{ACAD_REACTORS
330
19
102
}
100
AcDbDictionary
280
     0
281
     1
  0
WIPEOUTVARIABLES
  5
23
100
AcDbWipeoutVariables
 70
     1
  0
ENDSEC
  0
EOF
